name,description,careerPageName,type,state,workplaceType
Professor de Curso Técnico em Administração | Foz do Iguaçu [Banco de Talentos 2025],"[Vaga para Banco de Talentos]🌟&nbsp;Seja parte de uma nova era na educação pública!&nbsp;🌟Na Tom Educação, acreditamos que a chave para transformar o futuro está em uma educação pública de qualidade.&nbsp;Nossa missão é desenvolver uma comunidade visceralmente comprometida para que todos os estudantes possam construir e alcançar seus sonhos.Como professor, você será parte essencial dessa missão, atuando diretamente com alunos do ensino básico para desenvolver habilidades de vida. Se você é apaixonado por ensinar e quer impactar vidas, essa vaga é para você!🚀&nbsp;Venha fazer parte do Tom Educação e ajude a transformar vidas e o futuro da educação pública!Responsabilidades e atribuiçõesPlanejar e ministrar aulas que motivem e engajem os alunos.Adaptar o conteúdo para atender às diferentes necessidades das turmas.Avaliar o desempenho dos alunos por meio de provas, trabalhos e atividades.Acompanhar o progresso individual dos estudantes.Criar um ambiente de aprendizagem seguro e estimulante.Promover o desenvolvimento do pensamento crítico.Colaborar com a equipe pedagógica e gestão escolar para garantir a qualidade do ensino.Requisitos e qualificaçõesGraduação em AdministraçãoConhecimento profundo do conteúdo a ser ministradoHabilidade para adaptar métodos de ensino a diferentes perfis de alunosCompromisso com o desenvolvimento educacional dos estudantesBoa comunicação e capacidade de trabalho em equipeDedicação ao ensino em ambientes da rede públicaAtenção: o Curso Técnico ofertado é integral. Dessa forma, serão priorizados professores dispostos a pegar uma alta quantidade de horas na escola, para que possam criar vínculos com os alunos, da forma como o Ensino Integral propõe. Para isso, o professor será selecionado para dar mais de uma disciplina.Informações adicionaisRemuneração + Benefícios (Flexível) - de acordo com a tabela de remuneração abaixo:A distribuição de horas-aula será feita de acordo com a Normativa Nº 12/2023, da SEED/PR.Regime de contratação: CLTPerguntas Frequentes do Processo Seletivo1. Quem pode se inscrever no processo seletivo?Qualquer pessoa que atenda aos requisitos mínimos descritos na página da vaga na Gupy pode se inscrever. Verifique a seção ""Requisitos"" da vaga para a qual você está aplicando para garantir a sua compatibilidade com a vaga.2. Como faço para me inscrever?As inscrições são realizadas online. Basta acessar https://tomeducacao.gupy.io/, preencher o formulário e enviar os documentos solicitados. Após a inscrição, você receberá um e-mail de confirmação.3. Quais documentos são necessários para a inscrição?Os documentos exigidos podem variar de acordo com o cargo, mas geralmente giram em torno do currículo atualizado. Caso você receba uma oferta de contratação, outros documentos serão solicitados.4. Há uma taxa de inscrição?Não, a inscrição no processo seletivo é totalmente gratuita.5. Qual é o prazo final para inscrição?As inscrições estão abertas até o dia 31/10/2025. Inscreva-se o quanto antes para garantir a sua participação.6. Como será o processo de seleção?O processo seletivo é composto por várias etapas, incluindo:Análise curricular;Prova Específica;Aula-Teste;Entrevistas com o time de Pessoas&amp;Cultura da Tom Educação e com colaboradores da escola em que você irá trabalhar7. Quando os resultados serão divulgados?Os resultados das diferentes etapas do processo seletivo serão enviados por e-mail. Acompanhe o calendário na página da Gupy para as datas.8. Posso corrigir ou atualizar minha inscrição após enviá-la?Sim, você pode atualizar seus dados antes do prazo final de inscrição, acessando sua conta no site e fazendo as alterações necessárias diretamente no site www.tomeducacao.gupy.io.&nbsp;9. Como posso acompanhar o status da minha inscrição?Você pode acompanhar o status de sua inscrição e do processo seletivo na área ""Minha Inscrição"" no nosso site www.tomeducacao.gupy.io, onde estarão as atualizações sobre cada etapa.10. O que devo fazer se não receber o e-mail de confirmação da inscrição?Verifique sua caixa de spam ou lixo eletrônico. Caso o e-mail não esteja lá, entre em contato com a equipe de suporte pelo e-mail pessoas.cultura@tomeducacao.com.br ou pelo telefone 41 8492-100211. Há vagas para pessoas com deficiência (PCD)?Sim, o processo seletivo conta com vagas destinadas a pessoas com deficiência (PCD).&nbsp;12. Qual é a duração do processo seletivo?O processo seletivo pode variar em duração, mas normalmente leva entre 20 a 60 dias, desde o início das inscrições até a divulgação do resultado final. Confira o andamento em seu e-mail ou no nosso site www.tomeducacao.com.br .13. Onde posso encontrar mais informações sobre os cargos disponíveis?Todas as informações sobre as vagas, incluindo requisitos e responsabilidades, estão detalhadas na página do processo seletivo, disponível no nosso site www.tomeducacao.com.br.14. E se eu tiver mais dúvidas?Caso tenha outras perguntas, você pode entrar em contato com nossa equipe pelo e-mail pessoas.cultura@tomeducacao.com.br ou pelo telefone 41 8492-1002",Tom Educação,banco de talentos,Paraná,presencial
Professor de Curso Técnico em Administração | Curitiba [Banco de Talentos 2025],"[Vaga para Banco de Talentos]🌟&nbsp;Seja parte de uma nova era na educação pública!&nbsp;🌟Na Tom Educação, acreditamos que a chave para transformar o futuro está em uma educação pública de qualidade.&nbsp;Nossa missão é desenvolver uma comunidade visceralmente comprometida para que todos os estudantes possam construir e alcançar seus sonhos.Como professor, você será parte essencial dessa missão, atuando diretamente com alunos do ensino básico para desenvolver habilidades de vida. Se você é apaixonado por ensinar e quer impactar vidas, essa vaga é para você!🚀&nbsp;Venha fazer parte do Tom Educação e ajude a transformar vidas e o futuro da educação pública!Responsabilidades e atribuiçõesPlanejar e ministrar aulas que motivem e engajem os alunos.Adaptar o conteúdo para atender às diferentes necessidades das turmas.Avaliar o desempenho dos alunos por meio de provas, trabalhos e atividades.Acompanhar o progresso individual dos estudantes.Criar um ambiente de aprendizagem seguro e estimulante.Promover o desenvolvimento do pensamento crítico.Colaborar com a equipe pedagógica e gestão escolar para garantir a qualidade do ensino.Requisitos e qualificaçõesGraduação em AdministraçãoConhecimento profundo do conteúdo a ser ministradoHabilidade para adaptar métodos de ensino a diferentes perfis de alunosCompromisso com o desenvolvimento educacional dos estudantesBoa comunicação e capacidade de trabalho em equipeDedicação ao ensino em ambientes da rede públicaAtenção: o Curso Técnico ofertado é integral. Dessa forma, serão priorizados professores dispostos a pegar uma alta quantidade de horas na escola, para que possam criar vínculos com os alunos, da forma como o Ensino Integral propõe. Para isso, o professor será selecionado para dar mais de uma disciplina.Informações adicionaisRemuneração + Benefícios (Flexível) - de acordo com a tabela de remuneração abaixo:A distribuição de horas-aula será feita de acordo com a Normativa Nº 12/2023, da SEED/PR.Regime de contratação: CLTPerguntas Frequentes do Processo Seletivo1. Quem pode se inscrever no processo seletivo?Qualquer pessoa que atenda aos requisitos mínimos descritos na página da vaga na Gupy pode se inscrever. Verifique a seção ""Requisitos"" da vaga para a qual você está aplicando para garantir a sua compatibilidade com a vaga.2. Como faço para me inscrever?As inscrições são realizadas online. Basta acessar https://tomeducacao.gupy.io/, preencher o formulário e enviar os documentos solicitados. Após a inscrição, você receberá um e-mail de confirmação.3. Quais documentos são necessários para a inscrição?Os documentos exigidos podem variar de acordo com o cargo, mas geralmente giram em torno do currículo atualizado. Caso você receba uma oferta de contratação, outros documentos serão solicitados.4. Há uma taxa de inscrição?Não, a inscrição no processo seletivo é totalmente gratuita.5. Qual é o prazo final para inscrição?As inscrições estão abertas até o dia 31/01/2025. Inscreva-se o quanto antes para garantir a sua participação.6. Como será o processo de seleção?O processo seletivo é composto por várias etapas, incluindo:Análise curricular;Prova Específica;Aula-Teste;Entrevistas com o time de Pessoas&amp;Cultura da Tom Educação e com colaboradores da escola em que você irá trabalhar7. Quando os resultados serão divulgados?Os resultados das diferentes etapas do processo seletivo serão enviados por e-mail. Acompanhe o calendário na página da Gupy para as datas.8. Posso corrigir ou atualizar minha inscrição após enviá-la?Sim, você pode atualizar seus dados antes do prazo final de inscrição, acessando sua conta no site e fazendo as alterações necessárias diretamente no site www.tomeducacao.gupy.io.&nbsp;9. Como posso acompanhar o status da minha inscrição?Você pode acompanhar o status de sua inscrição e do processo seletivo na área ""Minha Inscrição"" no nosso site www.tomeducacao.gupy.io, onde estarão as atualizações sobre cada etapa.10. O que devo fazer se não receber o e-mail de confirmação da inscrição?Verifique sua caixa de spam ou lixo eletrônico. Caso o e-mail não esteja lá, entre em contato com a equipe de suporte pelo e-mail pessoas.cultura@tomeducacao.com.br ou pelo telefone 41 9262-8806.11. Há vagas para pessoas com deficiência (PCD)?Sim, o processo seletivo conta com vagas destinadas a pessoas com deficiência (PCD).&nbsp;12. Qual é a duração do processo seletivo?O processo seletivo pode variar em duração, mas normalmente leva entre 20 a 60 dias, desde o início das inscrições até a divulgação do resultado final. Confira o andamento em seu e-mail ou no nosso site www.tomeducacao.com.br .13. Onde posso encontrar mais informações sobre os cargos disponíveis?Todas as informações sobre as vagas, incluindo requisitos e responsabilidades, estão detalhadas na página do processo seletivo, disponível no nosso site www.tomeducacao.com.br.14. E se eu tiver mais dúvidas?Caso tenha outras perguntas, você pode entrar em contato com nossa equipe pelo e-mail pessoas.cultura@tomeducacao.com.br ou pelo telefone 41 9262-8806.",Tom Educação,banco de talentos,Paraná,presencial
"Professor de Curso Técnico em Administração | Londrina, Cambé e Ibiporã [Banco de Talentos 2025]","[Vaga para Banco de Talentos]🌟&nbsp;Seja parte de uma nova era na educação pública!&nbsp;🌟Na Tom Educação, acreditamos que a chave para transformar o futuro está em uma educação pública de qualidade.&nbsp;Nossa missão é desenvolver uma comunidade visceralmente comprometida para que todos os estudantes possam construir e alcançar seus sonhos.Como professor, você será parte essencial dessa missão, atuando diretamente com alunos do ensino básico para desenvolver habilidades de vida. Se você é apaixonado por ensinar e quer impactar vidas, essa vaga é para você!🚀&nbsp;Venha fazer parte do Tom Educação e ajude a transformar vidas e o futuro da educação pública!Responsabilidades e atribuiçõesPlanejar e ministrar aulas que motivem e engajem os alunos.Adaptar o conteúdo para atender às diferentes necessidades das turmas.Avaliar o desempenho dos alunos por meio de provas, trabalhos e atividades.Acompanhar o progresso individual dos estudantes.Criar um ambiente de aprendizagem seguro e estimulante.Promover o desenvolvimento do pensamento crítico.Colaborar com a equipe pedagógica e gestão escolar para garantir a qualidade do ensino.Requisitos e qualificaçõesGraduação em AdministraçãoConhecimento profundo do conteúdo a ser ministradoHabilidade para adaptar métodos de ensino a diferentes perfis de alunosCompromisso com o desenvolvimento educacional dos estudantesBoa comunicação e capacidade de trabalho em equipeDedicação ao ensino em ambientes da rede públicaAtenção: o Curso Técnico ofertado é integral. Dessa forma, serão priorizados professores dispostos a pegar uma alta quantidade de horas na escola, para que possam criar vínculos com os alunos, da forma como o Ensino Integral propõe. Para isso, o professor será selecionado para dar mais de uma disciplina.Informações adicionaisRemuneração + Benefícios (Flexível) - de acordo com a tabela de remuneração abaixo:A distribuição de horas-aula será feita de acordo com a Normativa Nº 12/2023, da SEED/PR.Regime de contratação: CLTPerguntas Frequentes do Processo Seletivo1. Quem pode se inscrever no processo seletivo?Qualquer pessoa que atenda aos requisitos mínimos descritos na página da vaga na Gupy pode se inscrever. Verifique a seção ""Requisitos"" da vaga para a qual você está aplicando para garantir a sua compatibilidade com a vaga.2. Como faço para me inscrever?As inscrições são realizadas online. Basta acessar https://tomeducacao.gupy.io/, preencher o formulário e enviar os documentos solicitados. Após a inscrição, você receberá um e-mail de confirmação.3. Quais documentos são necessários para a inscrição?Os documentos exigidos podem variar de acordo com o cargo, mas geralmente giram em torno do currículo atualizado. Caso você receba uma oferta de contratação, outros documentos serão solicitados.4. Há uma taxa de inscrição?Não, a inscrição no processo seletivo é totalmente gratuita.5. Qual é o prazo final para inscrição?As inscrições estão abertas até o dia 31/01/2025. Inscreva-se o quanto antes para garantir a sua participação.6. Como será o processo de seleção?O processo seletivo é composto por várias etapas, incluindo:Análise curricular;Prova Específica;Aula-Teste;Entrevistas com o time de Pessoas&amp;Cultura da Tom Educação e com colaboradores da escola em que você irá trabalhar7. Quando os resultados serão divulgados?Os resultados das diferentes etapas do processo seletivo serão enviados por e-mail. Acompanhe o calendário na página da Gupy para as datas.8. Posso corrigir ou atualizar minha inscrição após enviá-la?Sim, você pode atualizar seus dados antes do prazo final de inscrição, acessando sua conta no site e fazendo as alterações necessárias diretamente no site www.tomeducacao.gupy.io.&nbsp;9. Como posso acompanhar o status da minha inscrição?Você pode acompanhar o status de sua inscrição e do processo seletivo na área ""Minha Inscrição"" no nosso site www.tomeducacao.gupy.io, onde estarão as atualizações sobre cada etapa.10. O que devo fazer se não receber o e-mail de confirmação da inscrição?Verifique sua caixa de spam ou lixo eletrônico. Caso o e-mail não esteja lá, entre em contato com a equipe de suporte pelo e-mail pessoas.cultura@tomeducacao.com.br ou pelo telefone 41 9262-8806.11. Há vagas para pessoas com deficiência (PCD)?Sim, o processo seletivo conta com vagas destinadas a pessoas com deficiência (PCD).&nbsp;12. Qual é a duração do processo seletivo?O processo seletivo pode variar em duração, mas normalmente leva entre 20 a 60 dias, desde o início das inscrições até a divulgação do resultado final. Confira o andamento em seu e-mail ou no nosso site www.tomeducacao.com.br .13. Onde posso encontrar mais informações sobre os cargos disponíveis?Todas as informações sobre as vagas, incluindo requisitos e responsabilidades, estão detalhadas na página do processo seletivo, disponível no nosso site www.tomeducacao.com.br.14. E se eu tiver mais dúvidas?Caso tenha outras perguntas, você pode entrar em contato com nossa equipe pelo e-mail pessoas.cultura@tomeducacao.com.br ou pelo telefone 41 9262-8806.",Tom Educação,banco de talentos,Paraná,presencial
ADMINISTRADOR ,"Você quer fazer parte da equipe Qualidados?&nbsp;&nbsp;Estamos procurando por profissionais com conhecimento e experiência na área, com perfil proativo, organizado, comprometido, boa comunicação, que gosta de trabalhar em equipe e de desafios.&nbsp;﻿Vagas também para PCD conforme decreto: 5.296 de 02/12/2004.Responsabilidades e atribuiçõesAdministrador de empresas, Administrador de marketing, Administrador de orçamento, Administrador de patrimônio, Administrador de pequena e média empresa, Administrador de recursos humanos, Administrador de recursos tecnológicos, Administrador financeiro, Administrador hospitalar, Administrador público, Analista administrativo, Consultor administrativo, Consultor de organização.Planejam, organizam, controlam e assessoram as organizações nas áreas de Recursos Humanos, Patrimônio, Materiais, informações, Financeira, Tecnológica, Segurança do trabalho, Qualidade entre outras;Implementar programas e projetos;Elaborar planejamento organizacional;Promover estudos de racionalização e controlam o desempenho organizacional.Prestam consultoria administrativa a organizações e pessoas.Requisitos e qualificaçõesNível SuperiorPós especializada na área.Pacote Office avançado (Excel, Word, Power Point)Especialização será um diferencialInformações adicionaisBenefícios:Transporte;Alimentação;Seguro de Vida;Plano de Saúde;Plano OdontológicoTotalpass;Starbem;Avus;Empréstimo consignado.",Qualidados,banco de talentos,Bahia,presencial
ANALISTA DE ADMINISTRAÇÃO PESSOAL II - FOCO EM ADMISSÃO E FÉRIAS ,"Olá, somos a Cruzeiro do Sul Educacional! ⭐&nbsp;&nbsp;Nós acreditamos no poder de transformação de vidas pormeio da educação de qualidade e excelência!&nbsp;Aqui, nós buscamos conectardiferentes pessoas para que possam construir um mundo melhor a partir daeducação, com muito trabalho, respeito e dedicação, proporcionando a melhorexperiência e apoiando a jornada do conhecimento de mais de 390 milalunos.&nbsp;&nbsp;A Cruzeiro do Sul Educacional S/A é&nbsp;um dos maiores emais representativos grupos de educação do país, tendo instituições de ensinoacademicamente relevantes e marcas reconhecidas em suas respectivas regiões,das suas escolas de ensino básico às instituições de ensino superior.&nbsp;&nbsp;Docentes e colaboradores de diversas áreas trabalham emsintonia para garantir essa construção diária. E estamos sempre em busca de novaspessoas para colaborar com esse objetivo, sejam profissionais que procuram poruma primeira oportunidade no mercado de trabalho, até os mais experientes.&nbsp;Você se identifica e acredita nesse propósito e quertrabalhar em uma de nossas marcas?&nbsp;Venha fazer parte donosso time!&nbsp;Estamos de braços abertos pararecebê-lo(a).&nbsp;Para se candidatar a uma de nossas vagas, é importantemanter todos os seus dados atualizados e completos. Fique à vontade para secadastrar em todas as vagas disponíveis do seu interesse, apenas recomendamosque você finalize um processo antes de iniciar um novo.&nbsp;Responsabilidades e atribuiçõesMISSÃO DO CARGO: Executar, analisar e conferir as atividades de administração de pessoal com foco em processo admissional e férias, objetivando assegurar as informações dos colaboradores.&nbsp;PRINCIPAIS ATRIBUIÇÕES / RESPONSABILIDADES:&nbsp;Revisar a documentação necessária para a admissão, garantindo que esteja completa e em conformidade com os requisitos legais.Preparar e revisar contratos de trabalho e documentos relacionados à admissão.Realizar cadastro de novos colaboradores em sistema de Folha de Pagamento.Manter registros completos e precisos de todos os documentos relacionados à admissão e férias dos funcionários.Realizar cálculo de férias dos colaboradores.Garantir o cumprimento das políticas internas da empresa e da legislação trabalhista em todas as atividades relacionadas à admissão e férias.Fornecer suporte e orientação aos funcionários em relação a questões administrativas e regulamentares.Realizar o processo de solicitação e aprovação de férias dos funcionários, garantindo a cobertura adequada das atividades durante as ausências.Manter registros precisos e atualizados das férias de cada funcionário, assegurando o cumprimento das políticas de férias da empresa e da legislação trabalhista aplicável.Comunicar-se efetivamente com os funcionários e gestores para resolver conflitos de agenda e garantir um planejamento eficiente das férias.Requisitos e qualificaçõesEscolaridade:&nbsp;Superior em área Correlata Concluída. ﻿Informática:&nbsp;Pacote Office Completo&nbsp;&nbsp;&nbsp;&nbsp;Desejável manejo com sistema TOTVS.&nbsp;&nbsp;&nbsp;&nbsp;&nbsp;&nbsp;Informações adicionaisBenefícios: Assistência Médica, Assistência Odontológica, Vale Transporte, Vale Refeição, Convênio Farmácia, Parceria com academias - TotalPass e Bolsas de Estudo.Horario de trabalho: Comercial",Universidade Cruzeiro do Sul,CLT,São Paulo,presencial
Analista de Planejamento Financeiro Sr. (Foco em Dados),"Quando você pensa em carreira, o que vem à sua mente? Propósito? Colaboração? Ser protagonista para fazer a diferença? No PagBank temos tudo isso e muito mais. 💛&nbsp;Estamos em busca de pessoas que vistam a camisa com orgulho. Gente com vontade de facilitar a vida financeira das pessoas e impulsionar negócios!&nbsp;Tá a fim de uma carreira que rende mais?&nbsp;Confira essa oportunidade e #VemProPags!Responsabilidades e atribuiçõesAtuar em projetos de budget, forecast e projeções financeiras, integrando análises de dados avançadas.Manipular e consolidar grandes bases de dados provenientes de diferentes sistemas.Utilizar SQL e bancos de dados para extração, tratamento e modelagem de informações financeiras.Desenvolver e manter dashboards e relatórios em Power BI, garantindo clareza e precisão.Apoiar o time de FP&amp;A na análise de P&amp;L, cash flow e KPIs.Automatizar processos e propor melhorias baseadas em data analytics.Atuar de forma consultiva junto às áreas de negócio, fornecendo insights estratégicos baseados em dados.Requisitos e qualificaçõesSuperior completo em Engenharia, Ciência de Dados, Economia, Administração ou áreas correlatas.Experiência sólida em análise de dados aplicada a finanças.Domínio de SQL e experiência em bancos de dados relacionais.Conhecimento em Excel avançado e manipulação de grandes volumes de informações.Experiência em Power BI (ou ferramentas similares de BI e Data Viz).Informações adicionaisPara se destacar nesta posição seria legal se você também tivesse:Experiência no setor financeiro, bancário, fintechs ou meios de pagamento.Conhecimentos em Python ou R para modelagem e automação de análises.Experiência em projetos de data pipeline e integração de dados.",PagBank,banco de talentos,São Paulo,híbrido
Analista de Laboratório ,"Você tem paixão pelas pessoas e gosta de cuidar de gente?&nbsp;Na Dasa, além de uma empresa reconhecida em gestão em cuidados, contamos com mais de 59 marcas entre medicina diagnóstica e hospitais, distribuídas em mais de 900 unidades no Brasil. Cuidamos e acolhemos mais de 20 milhões de pessoas por ano, acolhemos a vida, a saúde e as relações, de forma integral e apaixonada.Saúde é uma área complexa. No time assistencial, você encontra um ambiente ágil com pessoas que cuidam, acolhem e transformam o jeito de fazer saúde.Seja você a pessoa que transforma o futuro da saúde, #VemSerDasa. 🚀💙&nbsp;#VemPraDasa #DasaLovers #VemSerDasa&nbsp;📌 Importante: não efetuamos cobranças de taxas em nossos processos seletivos&nbsp;Responsabilidades e atribuições🔎 Sobre a posição:Responsável por realizar a análise de inconsistências em todas as metodologias utilizadas na rotina diagnóstica do setor, além de exercitar, durante o período de treinamento, a interpretação de resultados e resolução de problemas;Processamento e resolução de problemas provenientes aos setores técnicos operacionais de acordo com o setor técnico;Pós analítica - Análise de consistência, liberação de resultados, retificação, recoleta e outras funções associadas (quando aplicável ao setor).Requisitos e qualificaçõesSe você acredita no cuidado que acolhe e quer transformar a saúde no mundo, em nossa área assistenciais você encontra um lugar de cuidado e acolhimento.🎯 Para transformar a saúde é preciso:Formação: Ensino Superior Completo em Farmácia Bioquímica, Biologia ou Biomedicina;Registro profissional ativo;Desejável: Experiência na área;Conhecimento do pacote Office.Informações adicionaisÉ cuidando da nossa gente que vamos ser a saúde que as pessoas desejam e que o mundo precisa, confira os nossos benefícios:Cuidados com a alimentação: Vale Refeição/Vale Alimentação ou Refeitório no local de trabalho (de acordo com a localidade);Cuidados com a saúde: Plano de Saúde e Seguro de Vida;Cuidados com o seu desenvolvimento: Universidade Dasa, Ciclo de Desenvolvimento e Carreira, Academias de Tecnologia/PMAX e Programa Crescer dentro da Dasa;Outros: Vale Transporte e Bonificação por desempenho (PPR).💰 Só a Dasa tem – Programa&nbsp;de Saúde&nbsp;, pautado em 5 pilares:&nbsp;Espiritual: yoga, meditação e mindfulness;Físico: Totalpass, clínica de atenção primária, descontos em exames e vacinas;Intelectual: Universidade Dasa;Relacional: Clube de vantagens UAU e benefícios SESC;Emocional: Telepsicologia.*Os benefícios podem sofrer alteração de acordo com a região da vaga e da marca.📌 Importante: Você está se candidatando para o nosso banco de talentos para vagas em todo o Brasil, nas localidades em que a Dasa possui operações (regiões Nordeste, Centro Oeste, Sudeste e Sul do Brasil), portanto, ressaltamos que assim que surgir uma vaga que melhor se adeque ao seu perfil, entraremos em contato com você. Enquanto isso, mantenha as suas informações atualizadas e cumpra todas as etapas de testes online, assim, podemos conhecer mais sobre você.",Dasa,banco de talentos,Espírito Santo,presencial
Analista de Planejamento Comercial Sr.,"Quando você pensa em carreira, o que vem à sua mente? Propósito? Colaboração? Ser protagonista para fazer a diferença? No PagBank temos tudo isso e muito mais. 💛&nbsp;Estamos em busca de pessoas que vistam a camisa com orgulho. Gente com vontade de facilitar a vida financeira das pessoas e impulsionar negócios!&nbsp;Tá a fim de uma carreira que rende mais?&nbsp;Confira essa oportunidade e #VemProPags!Responsabilidades e atribuiçõesSer responsável pelo desenho das metas para a área Comercial.Planejar, gerenciar e executar projetos estratégicos para o time Comercial.Auxiliar no controle e reporte para a área Comercial.Executar análises diversas da área Comercial de performance e de topo.Desenvolver relatórios gerenciais de acompanhamento.Buscar oportunidades escaláveis de otimização com novas estratégias e processos com os times comerciais e de suporte.Propor melhoria nos processos existentes com intuito de minimizar os impactos na área Comercial.Acompanhar, gerenciar e reportar resultados de campanhas do time Comercial.Apoiar os demais analistas do time.Requisitos e qualificaçõesSuperior em Marketing, Administração, Economia, Engenharia, Estatística ou áreas correlatas.Experiência em análise de dados em SQL.Experiência desenvolvimento de Dashboard em PowerBi.Experiência com análises em Excel.Informações adicionaisPara se destacar nesta posição seria legal se você também tivesse:Experiência desenvolvimento de Dashboard em PowerBi.Experiência na área comercial.",PagBank,banco de talentos,São Paulo,híbrido
Analista de Planejamento Comercial Jr.,"Quando você pensa em carreira, o que vem à sua mente? Propósito? Colaboração? Ser protagonista para fazer a diferença? No PagBank temos tudo isso e muito mais. 💛&nbsp;Estamos em busca de pessoas que vistam a camisa com orgulho. Gente com vontade de facilitar a vida financeira das pessoas e impulsionar negócios!&nbsp;Tá a fim de uma carreira que rende mais?&nbsp;Confira essa oportunidade e #VemProPags!Responsabilidades e atribuiçõesAnalisar possíveis problemas e propor melhoria.&nbsp;Desenvolver novos processos com intuito de reduzir tempo de execução.Analisar o processo de gerenciamentos de clientes.Realizar marcações e migrações de clientes gerenciados.Atualizar relatórios de acompanhamentos dos gerenciamentos de clientes.&nbsp;Desenvolver matérias para reciclagem da comercial junto ao time de treinamento.Requisitos e qualificaçõesSuperior em Marketing, Administração, Economia, Engenharia, Estatística ou áreas correlatas.Experiência com elaboração de apresentação em PowerPoint.Experiência com Excel intermediário a avançado (tabela dinâmica, fórmulas e gráficos).Experiência com Word e PowerPoint básico a avançado (Documentação e Apresentações).Informações adicionaisPara se destacar nesta posição seria legal se você também tivesse:Experiência em análise de dados no Excel.Experiência na área comercial.",PagBank,banco de talentos,São Paulo,híbrido
Analista de Inteligência Comercial II | São Bernardo do Campo |SP,"Atuação com processos e monitoramento do comportamento de mercado para a companhia na trilha de atuação visando transformar dados em informações para embasamento nas tomadas de decisões e ações táticas de vendas.&nbsp;Responsabilidades e atribuiçõesCriar relatórios, painéis e dashboard com indicadores e métricas de vendas, apoiando com visão analítica e entendendo como os ambientes internos e externos afetam a performance do time de vendas;Apoiar na construção de estudos estratégicos através de fontes externas, transformando informações em apresentações com insights e ações para a força de vendas e recomendar ações para a liderança e unidades de negócio;Criar e acompanhar planos de ação identificando oportunidades alinhadas aos processos conforme a diretriz estratégica e garantir que o modelo seja padronizado em toda a companhia e verticais de negócios, bem como implementar processos novos necessários e garantir melhoria contínua;Apoiar na projeção de cenários através da avaliação da correlação entre as variáveis macroeconômicas, específicas de demanda do mercado e internas dos produtos;&nbsp;Requisitos e qualificaçõesSuperior em Estatística, Administração de Empresas, Engenharia ou EconomiaDesejável – Inteligência de Mercado, Inteligência Comercial, Planejamento estratégico e FinançasAnálises com tabelas de fato e dimensão;Modelos e análises de dados;Informações adicionaisBenefícios e parcerias:&nbsp;PLRVale Refeição e/ou Vale AlimentaçãoCartão flexívelVale TransporteEmpréstimo consignado (após 6 meses de empresa)Seguro de VidaRede social corporativa (parceria com diversos estabelecimentos com descontos e benefícios exclusivos)Programa de treinamento e capacitação (Universidade Tecnogera)Estacionamento (por ordem de chegada)Café da manhãDay off no aniversário&nbsp;&nbsp;Programas de saúde e bem estar:&nbsp;Plano de saúdePlano odontológicoSaúde emocional: sessões de psicoterapia 100% custeadas pela empresa&nbsp;GympassGinástica laboral",Tecnogera Geradores,CLT,São Paulo,presencial
Analista Sênior de  FP&A ( Belo Horizonte ),"A&nbsp;Onfly&nbsp;é uma startup focada em ajudar as empresas a viajarem melhor!Democratizar a gestão de viagens, reembolsos, descontos em passagens, hotéis e locação de carros em uma experiência completa e simples é foco do nosso negócio.Somos um dos melhores lugares para se trabalhar no Brasil (inclusive somos uma das empresas do&nbsp;Great Place to work)!Para que alcancemos a meta de crescer exponencialmente, buscamos pessoas que sejam apaixonadas por tecnologia, que desejam estar em um time de alta performance e que queiram crescer muuuuito.Para a vaga de&nbsp;ANALISTA SÊNIOR FP&amp;A &nbsp;Estamos buscando um Analista Sênior de FP&amp;A para atuar em uma empresa de tecnologia de rápido crescimento, apoiando decisões estratégicas por meio de análises financeiras robustas, modelagem e acompanhamento de performance. Esse profissional será peça-chave na consolidação, análise e comunicação dos resultados, bem como no planejamento e projeções de curto e longo prazo.&nbsp;Local : BH ou SP HíbridoResponsabilidades e atribuiçõesPlanejamento e Forecast: Apoiar no ciclo de orçamento anual (Budget), revisões de Forecast e projeções de longo prazo, garantindo consistência e alinhamento com as metas estratégicas.Análises de Performance: Acompanhar resultados mensais (real x orçamento x forecast), com análise de variações e identificação de riscos e oportunidades.Modelagem Financeira: Desenvolver e manter modelos financeiros dinâmicos e de alta complexidade para suportar decisões de investimento, pricing, expansão e novos produtos.Dashboards e Indicadores: Criar e atualizar relatórios gerenciais e dashboards para monitorar KPIs para SaaS e Marketplace, análises de cohorts, retenção, e métricas operacionais e financeiras.Parceria com Áreas de Negócio: Atuar como business partner para áreas de Produto, Vendas, Marketing e Operações, traduzindo impactos financeiros e orientando decisões.Análises Ad-hoc: Preparar análises econômicas específicas para fundraising, cenários de crescimento e eficiência operacional.Governança de Dados: Garantir a acurácia das informações financeiras e operacionais utilizadas nos relatórios e análises.Requisitos e qualificaçõesRequisitos:Formação em Administração, Economia, Engenharia, Ciências Contábeis ou áreas correlatas.Experiência prévia em FP&amp;A, controladoria ou consultoria financeira (mínimo 5 anos).Experiência prévia em empresa de alto crescimento, fundo de investimento e/ou boutique (desejável).Forte capacidade analítica e habilidade com modelagem financeira avançada&nbsp;Experiência com ferramentas de BI e Bancos de DadosConhecimento sólido em contabilidade gerencial e conceitos de performance financeira (DRE, Balanço, Fluxo de Caixa).Capacidade de comunicação clara e objetiva, inclusive para públicos não financeiros.Inglês avançado.- domínio em escrita&nbsp;.﻿DesejávelMentalidade de dono, com alta proatividade e curiosidade para entender o negócio.Conforto para trabalhar em ambientes dinâmicos, com mudanças rápidas e múltiplas prioridades.Capacidade de transformar dados complexos em insights acionáveis.Colaboração e habilidade para dialogar com diferentes áreasInformações adicionaisBenefícios de ser Onflyer:Escritório incrível! (regime presencial - 9h às 18h seg à sex);Vale refeição Belo Horizonte R$35,00 (sem desconto);Vale transporte: (sem desconto);Plano de Saúde em BH e SP sem coparticipação e sem mensalidade (por nossa conta :D);Plano Odontológico (desconto na mensalidade)Desconto Farmácia;No dress code;Descontos em sessões de terapia pela Plataforma Vittude;Gympass;Pagamos metade da sua academia (TotalPass);Bolsa de 90% para estudos de idiomas;Licença Maternidade/Paternidade estendida;Descontos em Graduações e Pós-graduações (UNA e UNIBH);Seguro de vidaAuxilio funeral + pacote Ducash para Onflyers;Quer impulsionar sua carreira? Vem para a&nbsp;#OnFly",Novas oportunidades na Onfly!,CLT,Minas Gerais,híbrido
BANCO DE CURRICULOS: ANALISTA RELACIONAMENTO CLIENTE,"Olá,&nbsp;Nós acreditamos no poder de transformação de vidas pormeio da educação de qualidade e excelência!&nbsp;Aqui, nós buscamos conectardiferentes pessoas para que possam construir um mundo melhor a partir daeducação, com muito trabalho, respeito e dedicação, proporcionando a melhorexperiência e apoiando a jornada do conhecimento de mais de 390 mil alunos.&nbsp;&nbsp;Somos&nbsp;um dos maiores e mais representativos grupos de educação do país, tendo instituições de ensinoacademicamente relevantes e marcas reconhecidas em suas respectivas regiões,das suas escolas de ensino básico às instituições de ensino superior.&nbsp;&nbsp;Docentes e colaboradores de diversas áreas trabalham emsintonia para garantir essa construção diária. E estamos sempre em busca de novaspessoas para colaborar com esse objetivo, sejam profissionais que procuram poruma primeira oportunidade no mercado de trabalho, até os mais experientes.&nbsp;Você se identifica e acredita nesse propósito e quertrabalhar em uma de nossas marcas?&nbsp;Venha fazer parte donosso time!&nbsp;Estamos de braços abertos pararecebê-lo(a).&nbsp;Para se candidatar a uma de nossas vagas, é importantemanter todos os seus dados atualizados e completos. Fique à vontade para secadastrar em todas as vagas disponíveis do seu interesse, apenas recomendamosque você finalize um processo antes de iniciar um novo.&nbsp;Responsabilidades e atribuiçõesMISSÃO DO CARGO:Manter relacionamento com os clientes, credenciamentos e volume de vendas, atuando sob supervisão, visando atender as suas necessidades, prestando esclarecimentos e solucionando problemas, ou providenciando ações para solução de problemas, desenvolvendo relacionamento de forma ética, criativa, monitorando e orientando os clientes e/ou canais sobre a utilização do produto pelos clientes ou usuários, bem como realizar a prospecção de novos clientes ao produto ou apresentar e oferecer novos produtos para venda, efetuando coleta, tabulações, e análises técnicas parciais e preliminares de dados relacionados a área de atuação.PRINCIPAIS ATRIBUIÇÕES / RESPONSABILIDADES:Atender candidatos;Organizar materiais para atendimento;Preencher relatórios de resultados no Excel;Digitar fichas captadas;Realizar ativo de conversão;Atualizar carteira;Captar alunos através de ações internas e externas em todos os canais comerciais (empresas, escolas, door, ONGs, feiras, eventos, guerrilha, vestibular da concorrência, concursos, eventos corporativos, etc.);Realização de ações externas em empresa, escolas, comércios, ONGS, igreja e em locais com sinergia com nossos serviços;Organizar carteira de empresas conveniadas;Consultoria educacional, informações sobre ofertas de cursos, duração, mercado de trabalho e outros.Captação de leads e/ou direcionamento para os sites de inscrições;Follow-up da carteira de clientes, promessas de matriculas e carteiras comerciais (empresa e escola)Ativo para conversão de novos alunos;Atendimento presencial e via digital de candidatos;Dúvidas sobre cursos, prazo de pagamentos, negociações e outros;Tour acadêmico dentro dos campi;Realização e participação de feiras, eventos e palestras;&nbsp;Gestão de carteiras (coparticipação);Desenvolver outras atividades correlatas em seu campo de atuação.Requisitos e qualificaçõesEscolaridade: Ensino superior completo ou cursando: Administração, Marketing, Gestão comercial, Comunicação social, Publicidade e propaganda, Relações Públicas, Processos gerenciais e cursos da áreas de negócios;Informática: Pacote Office Básico;Requisitos: Conhecimento e Técnicas de Negociação;Possuir CNH B Ativa;Veiculo Próprio.&nbsp;&nbsp;&nbsp;&nbsp;&nbsp;&nbsp;&nbsp;&nbsp;&nbsp;&nbsp;&nbsp;Informações adicionaisHorário de trabalho: Segunda a Sexta das 9h ás 19h - 1h 12 de almoço.Benefícios:&nbsp;Assistência Médica, Assistência Odontológica, Vale Refeição, Ajuda de Custo com Transporte, Convênio Farmácia, Total Pass, Bolsas de Estudos, seguro de vida e Total Pass.",Confidencial,banco de talentos,Paraíba,presencial
ANALISTA COMERCIAL,"A Central IT tem como propósito, “Inspirar&nbsp;Pessoas e Impactar Negócios”, e isso diz muito sobre quem somos.O que você acha de trabalhar em uma empresa focada em promover a inovação, atuando com um time dinâmico e dedicado, que valoriza o seu conhecimento para te ajudar a crescer?Se isso é o que faz os seus olhos brilharem, chegou o seu momento de se tornar um #citlover!Como descrever o nosso #citlover?Para ser um colaborador aqui na Central, você deve ser aquela pessoa sagaz, com perfil de Transformação Digital, com sede de conhecimento e inovação, que busca sempre dar o seu melhor para entregar resultados e compartilhar experiências.Responsabilidades e atribuiçõesResponsabilidadesAnalisar as oportunidades de novas licitações avaliando os insumos de cada edital e comparando com o cenário da empresa para verificar se é oportuno a participação;Participar de licitações, por meio de portais especializados ou presencialmente, para conquistar novos contratos de prestação de serviços para a empresa;Prospecção de clientes tanto PJ quanto PF;Visitas e prospecção aos contratos da CentralIT;Requisitos e qualificaçõesRequisitos e QualificaçõesHard Skills:Excel avançadoCRMAnálise de dadosConhecimento em TISoft skills:Comunicação eficazTrabalho em equipeProatividade para resolução de problemasCapacidade analíticaInformações adicionaisE quais são os benefícios?🏥 Qualidade de vida, com planos de saúde e odontológico;👩‍⚕️ Programas de saúde e bem-estar;🍛 Boa alimentação, com vale alimentação ou refeição;🚍 Mobilidade para ir e vir, com vale transporte ou auxílio combustível;💲 Reconhecimento com comissão de 10%;📚 E o incentivo à inovação, com o nosso programa de treinamentos;Na Central IT todas as pessoas são bem-vindas! Sem distinção de gênero, orientação sexual, etnia, cultura, religião, deficiência e etc. 💙E aí, o que acha do desafio? Está pronto para fazer parte da #empresadoabraco?Então chega mais, que estamos de braços abertos para te receber. Venha ser um #citlover!",Central IT,CLT,Distrito Federal,híbrido
Analista Administrativo,"A Unimed Campinas acredita no poder da diversidade para juntos conectarmos experiências, promovendo a troca e fazermos a diferença no propósito de cuidar das pessoas! Por isso, não fazemos distinção para candidatos com deficiência, gênero, orientação sexual, raça/etnia, idade, etc. Todos são bem vindos!!Quer fazer parte? Então confira a oportunidade abaixo!O que buscamos:Profissional para atuar no suporte administrativo às atividades relacionadas à recepção, organização de documentos e processos internos, atuando como facilitador no atendimento aos clientes e na execução das rotinas administrativas e burocráticas.Responsabilidades e atribuiçõesPrincipais responsabilidades:Apoiar a recepção no acolhimento de pacientes e agendamentos via sistema Unimed Campinas;Organizar e configurar agendas de médicos e outros profissionais, com ajustes e bloqueios conforme necessário;Auxiliar nas rotinas administrativas: preenchimento de formulários, elaboração de relatórios, controle de materiais e atualização de dados;Realizar contato com pacientes por telefone ou WhatsApp para confirmação de consultas e reagendamentos;Extrair dados para relatórios de indicadores e apoiar a coordenação em análises;Solicitar acessos a sistemas, abertura de chamados de manutenção e TI;Apoiar equipes assistenciais com demandas administrativas e agendamentos.Requisitos e qualificaçõesRequisitos:Ensino Superior Completo em administração ou áreas correlatadas;Experiência na área administrativa, preferencialmente na saúde;Conhecimento em pacote Office.",Unimed Campinas,CLT,São Paulo,presencial
ANALISTA DE DADOS,"Busca-se um profissional comprometido, organizado e proativo, com atenção aos detalhes e capacidade para lidar com múltiplas demandas. Espera-se que o Analista de Dados atue de forma colaborativa com as equipes, contribuindo para a análise, interpretação e organização de informações estratégicas. Responsabilidades e atribuiçõesColetar, tratar e padronizar dados de diferentes fontes.Desenvolver e manter painéis e relatórios gerenciais.Aplicar análises estatísticas, preditivas e de machine learning.Monitorar KPIs e métricas de desempenho.Colaborar com diversas áreas para integração de informações.Garantir a integridade, segurança e confidencialidade dos dados.Documentar processos, métodos e modelos desenvolvidos.Requisitos e qualificaçõesEnsino superior completo em Estatística, Ciência de Dados, Matemática, Engenharia, Administração, Economia ou áreas correlatas.SQL e bancos de dados relacionais e não relacionais.Ferramentas de visualização, como Power BI, Tableau, Qlik Sense ou equivalentes.Linguagens de programação para análise de dados, como Python e R.Excel em nível avançado.Estatística aplicada e modelagem preditiva.Governança e segurança de dados, incluindo conformidade com a LGPD.Informações adicionaisBenefícios Oferecidos:Consultas médicas onlineAtendimento com nutricionistaApoio psicológicoAlimentaçãoKit bebêCarta dos sonhosSeguro de vidaDesconto em viagensAcesso a academias e atividades físicas",Prumo Engenharia,CLT,Minas Gerais,presencial
Analista de Atendimento ao Cliente - Banco de Talentos,"Você quer trabalhar em uma empresa líder em assistência 24 horas e seguro viagem, parte do grupo Allianz SE, o maior grupo segurador do mundo e uma das principais empresas de serviços financeiros?E se você se identifica com um ambiente de constante aprendizado e desenvolvimento, aberto as diversidades, crescimento e excelência no atendimento, a Allianz Partners é o seu lugar!Responsabilidades e atribuiçõesRecepcionar ligações com objetivo de solucionar o problema exposto e/ou fornecer informação referente a dúvida que levou o cliente a entrar em contato com 0800;Fornecer serviços emergenciais como reboque, mecânico e táxi, por intermédio de sistema especifico Mabis que realizara o acionamento via GPS, Net ou encaminhar para acionamento manual;Analisar crítica de solicitações para liberação de serviços ao segurado que foram previamente contratados com base em condições gerais inseridas na ferramenta eletrônica Beedoo;Realizar ligações externas com intuito de verificação da previsão de chegada do prestador inicialmente acionado, visando o bem-estar do segurado e atingimento das metas internas;Realizar a roteirização de distancias entre trechos rodoviários visando fornecer o serviço emergencial dentro da cobertura contratada e em casos específicos definir o meio de transporte mais viável para viagem;Apresentar soluções ao segurado por intermédio da uma sequência lógica de atendimento em que o cliente é recepcionado, o problema identificado, a resposta fornecida e o fechamento da assistência, garantindo que todos os dados tenham sido coletados e inseridos em sistema corretamente;Localizar e identificar os cadastros dos veículos segurados por intermédio da ferramenta Mabis ou sistema especifico do cliente institucional, garantindo que a liberação do atendimento seja realizada corretamente de acordo com vigência da apólice.Requisitos e qualificaçõesTer no mínimo 18 anos;Para o sexo masculino possuir reservista;Ensino médio completo;Ter fácil acesso a região do Grande ABC;Habilidade com digitação;Disponibilidade para trabalhar aos finais de semana e feriados em regime de escala.(Nossa escala de trabalho são de 5 folgas mensais, sendo 1 obrigatória no domingo).Informações adicionaisOferecemosSalário: R$1.755,00 (Atenção: o valor do salário poderá sofrer alteração dependendo do produto X escala de trabalho)Vale-refeição ou alimentação (R$29,00 dia);Vale-transporte;Seguro de vida em grupo;Assistência médica;Assistência odontológica;PLR;Total Pass;Programa Conte Comigo;Plano incentivo (variável) de até R$200,00 mensais de acordo com desempenho.Carga horária 06h ou 07h por dia.Importante: O treinamento será em modelo home office, mas, o trabalho é presencial no escritório.Como somos uma empresa de Assistência 24 horas, atendemos diversos produtos, e de acordo com suas competências você será selecionado para a célula com maior aderência ao seu perfil.",Allianz Partners Brasil,banco de talentos,São Paulo,presencial
Analista de Glosas ,"Somos a Rede Américas,&nbsp;a rede de assistência à saúde multiplataforma, que tem o propósito de oferecer o cuidado completo na medida certa para a saúde.Estamos em busca de&nbsp;talentos que acreditam que é possível oferecer a melhor e mais avançada assistência à saúde.&nbsp;Se você tem paixão por cuidar e acredita na medicina de qualidade, vem ser Rede Américas!&nbsp;Temos um compromisso com a Diversidade!Incentivamos a candidatura de todos que reconhecem a importância da construção de um ambiente livre de preconceitos, assédio e discriminação. Juntos entregamos o nosso melhor sempre.&nbsp;📌Importante: não efetuamos cobranças de taxas em nossos processos seletivos.&nbsp;Responsabilidades e atribuiçõesResponsabilidades e atribuições﻿Realizar análise crítica das glosas médicas, técnicas e administrativas recebidas das operadoras de saúde;Elaborar recursos administrativos com base em documentação clínica e contratual;Interagir com áreas internas (faturamento, auditoria, equipe assistencial) para validação de informações e subsídios para recursos;Acompanhar prazos de envio e retorno dos recursos, garantindo SLA e metas definidas;Controlar indicadores de glosas e recuperação de receitas;Apoiar na identificação de oportunidades de melhoria nos processos que impactam glosas recorrentes;Atualizar-se quanto às normas regulatórias da ANS e às diretrizes dos convênios.Requisitos e qualificaçõesRequisitos e qualificaçõesEnsino superior completo em Administração, Enfermagem, Gestão Hospitalar ou áreas correlatas;Experiência anterior com recurso de glosas hospitalares;Conhecimento de contratos com operadoras e tabelas de procedimentos (TUSS, CBHPM, AMB, entre outros);Habilidade com leitura e interpretação de prontuários médicos;Domínio do pacote Office (principalmente Excel);Vivência com sistemas hospitalares (ex: Tasy, MV, Smart).Informações adicionaisInformações adicionaisLocal: Campinas  - SPModelo de Trabalho: PresencialÉ cuidando da nossa gente que vamos ser a saúde que as pessoas desejam e que o mundo precisa. Confira os nossos benefícios:&nbsp;•&nbsp;Cuidados com a alimentação: Vale Refeição/Vale Alimentação ou Refeitório no local de trabalho (de acordo com a localidade);•&nbsp;Cuidados com a saúde: Plano de Saúde e Seguro de Vida;•&nbsp;Cuidados com o seu desenvolvimento: Universidade Rede Américas, Ciclo de Desenvolvimento e Carreira, Academias de Tecnologia/PMAX e Programa Crescer dentro da Rede Américas;•&nbsp;Outros: Vale Transporte e Bonificação por desempenho (PPR).&nbsp;💰&nbsp;Só a Rede Américas tem&nbsp;– Programa de Saúde, pautado em 5 pilares:•&nbsp;Espiritual: yoga;•&nbsp;Físico: TotalPass, clínica de atenção primária, descontos em exames e vacinas;•&nbsp;Intelectual: Universidade Rede Américas;•&nbsp;Relacional: Clube de vantagens UAU e benefícios SESC;•&nbsp;Emocional: Telepsicologia.Os benefícios podem sofrer alteração de acordo com a região da vaga e da marca.&nbsp;📌&nbsp;Importante: Você está se candidatando para o nosso banco de talentos para vagas em todo o Brasil, nas localidades em que a Rede Américas possui operações (regiões Nordeste, Centro-Oeste, Sudeste e Sul do Brasil). Portanto, ressaltamos que assim que surgir uma vaga que melhor se adeque ao seu perfil, entraremos em contato com você. Enquanto isso, mantenha as suas informações atualizadas e cumpra todas as etapas de testes online, assim podemos conhecer mais sobre você.&nbsp;",Rede Américas,banco de talentos,São Paulo,presencial
ANALISTA ADMINISTRATIVO JR,"A hora de fazer parte de um time comprometido, acolhedor e que leva saúde para milhões de pessoas, é agora!Estamos na busca de profissionais para compor a nossa equipe!Se você é comprometido(a) e apaixonado(a) por novos desafios, aqui é o seu lugar!&nbsp;Faça seu cadastro e envie seu currículo!Responsabilidades e atribuiçõesApoio nas rotinas administrativas do setor, como controle de documentos, atualização de planilhas e organização de arquivos.Apoio no controle e acompanhamento de indicadores operacionais.Lançamento e conferência de dados em sistemas internos.Apoio nas tratativas de demandas com setores assistenciais e administrativos.Elaboração de relatórios e apresentações gerenciais.Interface com demais áreas para garantir o fluxo correto das informações.Requisitos e qualificaçõesObrigatório: Ensino Superior completo ou em andamento em Administração, Gestão Hospitalar, Contabilidade ou áreas correlatas.Desejável: Experiência prévia em rotinas administrativas, preferencialmente em ambiente hospitalar.Vivência com elaboração de relatórios e controle de indicadores será um diferencial.Conhecimentos necessários:Pacote Office (principalmente Excel e PowerPoint).Sistemas de gestão hospitalar (desejável).Boa comunicação oral e escrita.Organização e atenção aos detalhes.Informações adicionaisCarga horária: Segunda a sexta-feira, das 08h às 18h ﻿Unidade: Hospital Brasiliense﻿O que oferecemos?Vale Alimentação;Vale Transporte;Assistência Médica;Assistência Odontológica;Convênio com Farmácia;Seguro de Vida;Auxílio Creche;Totalpass;Universidade Corporativa;Interclube (programa de descontos);Programa Conte Comigo.",Página de Carreira,CLT,Distrito Federal,presencial
Analista Contábil Sênior /SP,"A Fortbras tem como razão de existir, ser PEÇA- CHAVE na MOBILIDADE Brasileira, facilitando a VIDA de nossos COLABORADORES e CLIENTESEstar cada vez mais próximo dos clientes é o principal objetivo, oferecendo os principais itens para reposição automotiva de marcas nacionais e estrangeiras com qualidade, agilidade e com atendimento qualificado.&nbsp;Hoje a Fortbras é uma das Empresas que mais cresce no setor de Autopeças no Brasil e somos uma das principais investidas do fundo de&nbsp;private equity&nbsp;Advent International. Formada por 17 marcas Regionais (Ambra Pneus, Atacado União, Atacarejo União, BHZ, Hipervarejo, Jaicar, Javali, Menil, Milenium Lubrificantes e Elétrica, Multiplan, Pegasus, Rondobras, Soma, TBrasil, Total e União Autopeças). Do Oiapoque ao Chuí, atuamos na consolidação e profissionalização do mercado de autopeças no Brasil com foco no varejo, com&nbsp;+200&nbsp;lojas, presente em 20 estados, em mais de 160 cidades que possuem uma ou mais filiais das nossas Marcas Regionais. Nosso compromisso é com a satisfação de todos os clientes e com nossos 5 mil colaboradores que refletem diariamente os&nbsp;Valores da Fortbras:&nbsp;Ética &amp; RespeitoValorizamos Nossa GenteMeritocraciaExcelência com simplicidadePaixão em tudo que fazFoco no clienteDono do negócioAusteridade&nbsp;TODAS AS PESSOAS SÃO BEM-VINDAS em todas as nossas vagas independente de seu gênero, orientação sexual, raça/etnia, idade ou deficiência.&nbsp;Venha ser Fort, venha ser Fortbras!Responsabilidades e atribuiçõesConciliação de contas contábeis com grande volumetria de dados;Análise e reporte de informações contábeis / financeiras;Apoio na elaboração das demonstrações financeiras e respectivas notas explicativas;Apoio na capacitação e suporte técnico do time contábil;Contribuição em melhorias de processos, implantação sistêmicas e definição de regras e políticas contábeisRequisitos e qualificaçõesFormação superior em ciências contábeis;Vivência em conciliações e bases com grande volumetria de dados;Domínio da ferramenta Excel (Nível avançado);Vivência em parametrizações sistêmicas e condução de fechamentos da área contábil;Conhecimentos de ferramentas de extração e tratamento de base de dados;Conhecimento do sistema Protheus será um diferencial",Fortbras,CLT,São Paulo,presencial
ANALISTA ACADEMICO JR,"Olá, somos a Cruzeiro do Sul Educacional! ⭐&nbsp;&nbsp;Nós acreditamos no poder de transformação de vidas por meio da educação de qualidade e excelência!&nbsp;Aqui, nós buscamos conectar diferentes pessoas para que possam construir um mundo melhor a partir da educação, com muito trabalho, respeito e dedicação, proporcionando a melhor experiência e apoiando a jornada do conhecimento de mais de 500 mil alunos.&nbsp;&nbsp;A Cruzeiro do Sul Educacional S/A é&nbsp;um dos maiores e mais representativos grupos de educação do país, tendo instituições de ensino academicamente relevantes e marcas reconhecidas em suas respectivas regiões, das suas escolas de ensino básico às instituições de ensino superior.&nbsp;&nbsp;Docentes e colaboradores de diversas áreas trabalham em sintonia para garantir essa construção diária. E estamos sempre em busca de novas pessoas para colaborar com esse objetivo, sejam profissionais que procuram por uma primeira oportunidade no mercado de trabalho, até os mais experientes.&nbsp;Você se identifica e acredita nesse propósito e quer trabalhar em uma de nossas marcas?&nbsp;Venha fazer parte do nosso time!&nbsp;Estamos de braços abertos para recebê-lo(a).&nbsp;Para se candidatar a uma de nossas vagas, é importante manter todos os seus dados atualizados e completos. Fique à vontade para se cadastrar em todas as vagas disponíveis do seu interesse, apenas recomendamos que você finalize um processo antes de iniciar um novo.Responsabilidades e atribuiçõesMISSÃO DO CARGO:Elaboram planos estratégicos, implementam atividades das áreas de negócios, de relacionamentos e/ou de experiência e de sucesso do cliente e coordenam sua execução. Administram o nível de satisfação do cliente e gerenciam a jornada do cliente nas empresas. Gerenciam recursos humanos e financeiros, assessoram diretoria e áreas da organização e implantam ações de relações públicas e ouvidoria. Analisam conjuntura dessas áreas, bem como atuam em processo de decisões políticas, participando da formulação de políticas públicas e administram operações de e-commerce.PRINCIPAIS ATRIBUIÇÕES / RESPONSABILIDADES:Organização e controle de documentos e processos internos;Controle e solicitação de reposição de materiais de estoque;Agendamento de gravações com professores e conteudistas.Acompanhamento do status das gravações (em andamento, finalizadas, pendentes);Atuação como promotora de vídeos, garantindo a presença e o suporte necessário durante as gravações;Recebimento e organização das disciplinas a serem produzidas;Planejamento e acompanhamento dos prazos de entrega dos materiais;Controle de cronogramas e agendamentos relacionados aos projetos;Agendamento e acompanhamento dos contratos com professores e conteudistas;Monitoramento dos prazos de entrega de materiais e agendamentos de gravações;Comunicação ativa para garantir o cumprimento dos prazos estabelecidos;Atendimento a professores via e-mail, prestando suporte e esclarecendo dúvidas;Contato direto com conteudistas para alinhamento de demandas e cronogramas;Intermediação entre equipe técnica, professores e demais setores envolvidos.Requisitos e qualificaçõesEscolaridade: Ensino superior cursando Informática: Pacote Office. Excel intermediárioInformações adicionaisHorário de trabalho:Das 08 00 as 18 00 SEG A QUI E SEX 08 00 as 17 00Local de trabalho:Unicid - CarrãoBenefícios:Assistência MédicaAssistência OdontológicaVale TransporteVale RefeiçãoSeguro de VidaBolsa de EstudosConvênio FarmárciaTotal PassDay Off no mês de aniversário",Universidade Cruzeiro do Sul,CLT,São Paulo,presencial
Analista de Relacionamento,"Se o seu propósito é inspirar pessoas a cuidar de pessoas, você está no lugar certo!Fundado em Brasília pelas bioquímicas Janete Vaz e Sandra Soares Costa, o Grupo Sabin está há 38 anos no mercado. Nos tornamos um grupo de referência em Medicina Diagnóstica, com mais de 7.300 serviços de saúde, desde análises clínicas, diagnósticos por imagem, vacinação e check-up executivo. O Sabin também atua em Atenção Primária à Saúde (APS), com a Amparo Saúde, e lançou no ano passado, a plataforma integradora de serviços de saúde, Rita Saúde.Somos reconhecidos no Brasil e América Latina, como uma das Melhores Empresas para Trabalhar por mais de 18 anos consecutivos. Partimos de uma cultura organizacional forte em um ambiente de respeito, desenvolvimento, diversidade e inclusão. Temos mais de 6.700 colaboradores e estamos presentes em 12 estados e no Distrito Federal em 323 unidades distribuídas de norte a sul do país.&nbsp;Quer conhecer mais sobre a nossa marca? Então acesse&nbsp;www.sabin.com.br&nbsp;ou ainda em nossas redes oficiais: Linkedin Sabin Medicina Diagnóstica | Instagram @sabinmedicinadiagnostica | Facebook Sabin Medicina Diagnóstica |Responsabilidades e atribuiçõesPrestar suporte a equipePromover ações de relacionamento com os clientes, agendar visitas e realizar as atividades de organizaçãoControle de documentos, cadastro, elaboração de relatórios, gráficos comparativos, digitação e tabulação de dadosAtender cliente interno e externo com qualidade, eficiência e simpatia;Atender todos a todos os clientes internos e externos com cordialidade e respeito.Participar de 100% dos treinamentos em que for convocado pela organizaçãoConservar e zelar pelo patrimônio da empresaConhecer a visão e a missão da empresaCumprir normas regulamentadas da empresa e da sua área de atuaçãoZelar pela ética e disciplina na empresaUtilizar práticas do 5 SExecutar outras tarefas correlatas às acima descritas, a critério de seu superior imediatoRequisitos e qualificaçõesEnsino Superior completoNoções de BiossegurançaInformáticaNormas regulamentadas da sua área de atuaçãoCNH BCarro próprioInformações adicionaisHorário da vaga: 44h semanaisSeguro de Vida;&nbsp;Refeição ou Alimentação – no período de férias, licença maternidade e afastamento pelo INSS;Plano de Saúde para colaboradores;Eu Cuido dos Meus Pais;Cuidando da Família;Assistência Funeral.",Vagas Grupo Sabin,CLT,Paraná,presencial
ANALISTA INFORMAÇÕES GERENCIAIS PL,"Descrição da vagaA hora de fazer parte de um time comprometido, acolhedor e que leva saúde para milhões de pessoas, é agora!Estamos na busca de profissionais para compor a nossa equipe!Se você é comprometido(a) e apaixonado(a) por novos desafios, aqui é o seu lugar!Faça seu cadastro e envie seu currículo!&nbsp;&nbsp;Responsabilidades e atribuiçõesDescrição detalhada das atividades:&nbsp;Preparação de dados do Banco via SQL&nbsp;Manter, executar, entrega e montar apresentação do resultado fechamento mensal, desenvolvendo analises e visões com dados apurados; apoiando outros setores nas abertura dos dados;Realizar processos de média e eventual alta complexidade, buscando dados, preparando relatórios, indicadores, template, e paineis de análise, referente aos resultados do faturamento hospitalar, visando acuracidade dos relatórios, valores e demonstrativos, assegurando conformidade, padronização, garantindo informações verídicas para apoio as tomadas de decisões as areas estratégicas do ciclo de receita, atuando sob orientação.Requisitos e qualificaçõesObrigatório: Formação em TI;Desejável: 1 ano em técnicas de tecnologia da Informação;Conhecimento basico area da saúdeInformações adicionaisCarga horária: 220:00 08:00 às 17:48 SEG A SEX (5x2)﻿Unidade: HAPVIDA - MATRIZ FORTALEZA- CE﻿O que oferecemos?Vale Alimentação;Vale Transporte;Assistência Médica;Assistência Odontológica;Convênio com Farmácia;Seguro de Vida;Auxílio Creche;Totalpass;Universidade Corporativa;Interclube (programa de descontos);Programa Conte Comigo.",Página de Carreira,banco de talentos,Ceará,presencial
ANALISTA ADMINISTRATIVO SR,"A hora de fazer parte de um time comprometido, acolhedor e que leva saúde para milhões de pessoas, é agora!Estamos na busca de profissionais para compor a nossa equipe!Se você é comprometido(a) e apaixonado(a) por novos desafios, aqui é o seu lugar!&nbsp;Faça seu cadastro e envie seu currículo!Responsabilidades e atribuiçõesSuporte direto à gestão e diretoria, com elaboração de relatórios gerenciais, indicadores e apresentações de resultados.Controle e acompanhamento de processos e performance de equipe.Apoio na tomada de decisão por meio de análise de dados e construção de dashboards.Interface com clientes internos e externos, assegurando excelência no atendimento e agilidade nas entregas.Requisitos e qualificaçõesObrigatório: &nbsp;Ensino superior completo em Gestão Comercial, Administração, Gestão Empresarial ou áreas correlatas.Desejável: Excel avançado (tabelas dinâmicas, fórmulas, gráficos, Power Query).Experiência com Salesforce e ferramentas de BI (ex: Power BI).Vivência na criação de dashboards e análise de dados.Conhecimento em Pacote Office.Informações adicionaisCarga horária: Segunda a sexta, das 8h às 18h﻿Unidade: CMD – Av. Nossa Senhora da Luz, 2169﻿O que oferecemos?Vale Alimentação;Vale Refeição;Vale Transporte;Assistência Médica;Assistência Odontológica;Convênio com Farmácia;Seguro de Vida;Auxílio Creche;Totalpass;Universidade Corporativa;Interclube (programa de descontos);Programa Conte Comigo.",Página de Carreira,banco de talentos,Paraná,presencial
ANALISTA PROJETOS PROCESSOS SR,"A hora de fazer parte de um time comprometido, acolhedor e que leva saúde para milhões de pessoas, é agora!Estamos na busca de profissionais para compor a nossa equipe!Se você é comprometido(a) e apaixonado(a) por novos desafios, aqui é o seu lugar!Faça seu cadastro e envie seu currículo!Responsabilidades e atribuiçõesAtuar na estruturação e monitoramento da governança de suprimentos, com foco em políticas, processos e complianceElaborar e acompanhar indicadores-chave de performance (KPIs) para a área de compras e supply chainApoiar a gestão de projetos estratégicos da área (implantação de sistemas, revisão de processos, automatizações)Criar relatórios e dashboards analíticos em Power BI e Excel avançado para tomada de decisãoGerir fluxo de aprovações, cadastros e documentos em SharePoint e SAPAtuar como interface entre áreas de negócio, compras, tecnologia e fornecedoresIdentificar riscos e oportunidades nos processos de suprimentos, propondo planos de açãoRequisitos e qualificaçõesObrigatório:Ensino superior completo em Engenharia, Administração, Logística, Economia ou áreas correlatasVivência anterior em áreas de Suprimentos, Projetos, Governança, FP&amp;A ou PMOExperiência em análise de dados, construção de dashboards e acompanhamento de KPIsParticipação em projetos de automação, eficiência operacional ou transformação digitalAtuação com sistemas ERP (preferencialmente SAP MM)Desejável: Power BI (modelagem, DAX, publicação em workspace)Desejável pós-graduação em Supply Chain, Projetos, Analytics ou Governança CorporativaExcel Avançado (Tabelas Dinâmicas, ProcV/XLOOKUP, macros, dashboards)Power Query e SQL básico (para ETL de dados e análises estruturadas)SAP MM, com foco em pedidos, contratos, cadastro de materiais e fornecedoresSharePoint, para automatização de aprovações e governança documentalConhecimento básico em metodologias de gestão de projetosPower Point para apresentações executivasInformações adicionaisCarga horária:5X2, das 08:00 às 18:00﻿Unidade:Sede Administrativa | Av. Paulista, 867 - Bela Vista, São Paulo - SP, 01311-100﻿O que oferecemos?Vale Alimentação;Vale Transporte;Assistência Médica;Assistência Odontológica;Convênio com Farmácia;Seguro de Vida;Auxílio Creche;Totalpass;Universidade Corporativa;Interclube (programa de descontos);Programa de Vantagens;",Página de Carreira,CLT,São Paulo,presencial
Analista/Auxiliar de Sistema ERP,"Empresa de varejo no setor de ferramentas e máquinas, atualmente estamos inseridos na capital e também no interior do estado de MS; somos hoje com 370 colaboradores no regime CLT e diversos parceiros e prestadores de serviço.Empresa tem como os mais importantes pilares; valores que falam sobre comprometimento, humidade, lealdade, excelência, evolução e agilidade.Responsabilidades e atribuiçõesEstamos em busca de um(a) Analista ou Auxiliar de Sistema ERP para atuar no suporte e evolução dos nossos sistemas de gestão empresarial. Este profissional será responsável por auxiliar na integração entre diferentes plataformas, entender as necessidades dos usuários (internos e externos) e propor melhorias contínuas nos processos operacionais por meio da tecnologia.•	Compreender os processos de negócio da empresa e como estão refletidos no sistema ERP.•	Apoiar nas integrações entre o ERP e outros sistemas utilizados (e-commerce, CRM, ferramentas de BI etc.).•	Levantar e documentar requisitos técnicos e funcionais para melhorias nos sistemas.•	Colaborar com as áreas usuárias (vendas, atendimento, logística, financeiro) para entender suas rotinas e propor soluções que otimizem o uso do ERP.•	Mapear a jornada do cliente e dos usuários internos, identificando pontos de melhoria na experiência de uso dos sistemas.•	Acompanhar fornecedores e parceiros responsáveis por customizações, atualizações ou suporte ao ERP.•	Realizar testes e validações de novas funcionalidades, atualizações ou integrações.•	Oferecer suporte técnico de 1º e 2º nível relacionado ao sistema ERP.Requisitos e qualificaçõesFormação necessária:•	Ensino superior completo ou em andamento nas áreas de Sistemas de Informação, Ciência da Computação, Análise e Desenvolvimento de Sistemas.Obrigatórios:•	Conhecimento em sistemas ERP (Totvs, Sankhya, SAP, Protheus, Bling ou similar).•	Facilidade de comunicação e relacionamento com áreas de negócio.•	Boa capacidade analítica e raciocínio lógico.•	Desejável conhecimento em SQL e análise de dados.Desejáveis:•	Experiência com integrações via API ou Webservices.•	Noções de processos empresariais (vendas, compras, financeiro, estoque).•	Experiência com ferramentas de suporte técnico ou gestão de chamados.Perfil desejado:•	Proatividade e foco em solução de problemas.•	Visão sistêmica e orientação para melhoria contínua.•	Facilidade de aprendizado e adaptação a novas ferramentas.•	Capacidade de trabalhar em equipe multidisciplinar.Informações adicionaisPremiação mensal por desempenho em cartão de benefícios;Auxílio educação para cursos voltados ao setor de atuação da Empresa;V. Alimentação no cartão Alelo;Convênio médico e Odontológico - co participativo (após período de experiência);Convênio com Faculdades;Seguro de vida;Plano de carreira - Evolução Profissional&nbsp;Treinamentos internos e externos.",Soldamaq - A Mais profissional,CLT,Mato Grosso do Sul,presencial
Analista de Estratégia de Prevenção a Fraude Sênior - Campinas/SP,"Empresa contratante: Banco Agibank S.A.O modelo de trabalho é presencial. As oportunidades dos times do Corporativo são para pessoas que moram ou desejam morar em Campinas/SP ou região metropolitana de Campinas/SP.Responsabilidades e atribuiçõesElaborar e fazer a gestão dos KPIs de fraude;Manipular grandes bases de dados para extração de informações que deem suporte para melhorar os KPIs da área;Analisar os riscos dos processos visando mitigar antecipadamente as vulnerabilidades;Propor melhorias de processo e estratégias de prevenção a fraude;Analisar os indicadores de fraude e performance como inadimplência e rentabilidade para mensurar impactos das estratégias propostas;Acompanhar as fraudes identificadas para aplicar melhorias contínuas nos processos e políticas de prevenção a fraude;Atuar em conjunto com as squads dos demais times para refinamentos e homologações das novas features e novos produtos;Desenvolver e implementar modelos preditivos de fraud application (backtest, definição de pontos de corte, mensuração de impactos e projeções de resultados).Elaborar controles visando identificar perfil de fraudador para definição de parâmetros mitigando as perdas com fraudes;Elaborar controles visando identificar possíveis criminosos em consonância com a regulamentação vigente e normativos internos de PLD;Garantir que produtos, processos e sistemas internos estejam de acordo com a legislação vigente e controle de riscos de fraudes;Prover informações à diretoria, através da entrega de relatórios e estudos de fraude, com o objetivo de suportar as decisões de negócio e acompanhar a tomada de decisões e ações futuras pelas áreas de negócio, produtos, processos e sistemas;Buscar e propor soluções efetivas na prevenção a fraudes, através de soluções sistêmicas proprietárias e/ou novas tecnologias por benchmarking, com o objetivo de viabilizar a implementação de novos modelos de negócios, produtos e serviços;Realizar atividades de P&amp;D voltadas à prevenção e detecção de fraude, aplicando soluções sistêmicas proprietárias e/ou novas tecnologias resultantes de estudos de benchmarking, viabilizando a implementação de novos modelos de negócios, produtos e serviços, garantindo a proteção e futuros prejuízos com os mesmos.Requisitos e qualificaçõesSólidos conhecimentos em estratégias de prevenção a fraudes para onboarding de novos clientes e transacional de cartões e conta corrente;Conhecimentos avançados em Excel, matemática financeira, estatística, banking;Conhecimento em inteligência artificial;Conhecimentos avançados em linguagens de programação, tais como: SQL, SAS, Python;Gestão de Processos;Experiência mínima de 5 anos em estratégias de prevenção a fraude em onboarding de novos clientes e transacional de cartões e conta corrente;Políticas e normas de PLD e Fraudes.Informações adicionaisVale-refeição e/ou alimentação;Plano de saúde com isenção em exames preventivos 1 vez ao ano;Plano odontológico;Total Pass, pra atividade física e bem-estar;Programa de Participação nos Resultados (PPR) seguindo as regras estabelecidas anualmente;Programa de sócios do Agi, o Tô de Dono/a;Universidade interna, a Uni Agi;Folga de presente no mês do seu aniversário;Pesquisa semanal de clima, a Sem Climão;Avaliação de performance;Teleatendimento psicológico e médico gratuito, com o Conexão Saúde;Licença-maternidade de 6 meses e licença-paternidade de 20 dias;Dr. Pet: possibilidade fazer plano de saúde para o seu pet com até 20% de desconto;Auxílio-creche.Fretado de ida e volta para Campinas, Indaiatuba, Hortolândia, Santa Barbara D'Oeste, Americana, Paulínia e Valinhos. São lugares reserváveis mediante a disponibilidade de assentos e rota.",Corporativo - Agibank,CLT,São Paulo,presencial
Analista de Gestão de Indicadores II ,"Coletar, analisar e interpretar dados para otimizar nossos processos logísticos. Transformar dados em relatórios visuais e dashboards interativos, apoiando a tomada de decisão da empresa de forma estratégica.Responsabilidades e atribuiçõesDesenvolver dashboards e relatórios em Power BI que auxiliem a análise de KPIs logísticos (tempo de entrega, ocupação de estoque, custos operacionais etc.) Coletar e analisar grandes volumes de dados operacionais, financeiros e de desempenho. Colaborar com as equipes de logística, operações e TI para identificar melhorias e otimizar processos com base nos insights gerados. Automatizar processos de relatórios e monitoramento contínuo de dados. Garantir a precisão e a integridade dos dados exibidos nos relatórios. Desenvolver análises preditivas e modelos de otimização para suporte estratégico à gestão. Apresentar relatórios de desempenho à gerência e às partes interessadas, facilitando a tomada de decisões.Requisitos e qualificaçõesFormação superior em Administração, Logística, Tecnologia da Informação, ou áreas relacionadas.Informações adicionais🍴 Vale Refeição: R$ 32,32 ao dia - Cartão Ifood;🚌 Vale Transporte: com desconto de 6%;💰 Incentivo de R$250,00 por assiduidade (depositado no cartão ifood)💚 Seguro de Vida;🏥 Plano de saúde - Intermédica com coparticipação - Após 03 meses;🦷 Plano odontológico - Amil - Após 03 meses;💊 Desconto em farmácias;💪 TotalPass.",Confidencial,banco de talentos,São Paulo,presencial
Analista de Operações - Conciliação e Faturamento,"Vamos buscar o extraordinário juntos? 🚀Nossos princípiosFalamos de pessoa para pessoaBuscamos o extraordinárioDamos vida à inovaçãoNos fortalecemos com a transparênciaResponsabilidades e atribuiçõesO seu papel será:Suporte às rotinas administrativas, oferecendo assistência às áreas de negócios.Atuação na conciliação de comissões, assegurando conformidade dos dados financeiros.Realização de cálculos, lançamentos e conferências das operações faturadas pelos parceiros, garantindo sua consolidação.Agrupamento e organização das transações.Emissão e solicitação de Notas Fiscais para prestadores de serviços, incluindo clientes e parceiros.Suporte e atendimento às demandas relacionadas à área de atuação, garantindo a eficiência operacional.Requisitos e qualificaçõesO que esperamos que você tenha:Graduação completa em Administração, Economia, Ciências Contábeis ou Finanças.Experiência mínima de 5 anos em rotinas administrativas e financeiras.Conhecimento em Excel e/ou ferramentas Google (Planilhas, Documentos, Apresentações, Formulários, etc.).Experiência em análises quantitativas e qualitativas, com capacidade para elaborar relatórios de indicadores-chave.Habilidades analíticas e capacidade para interpretar dados financeiros com precisão.Atenção aos detalhes, habilidades organizacionais e capacidade de trabalhar de forma independente e colaborativa.Comprometimento, disciplina e foco em atividades que exigem alta concentração.Proatividade na resolução de problemas.Disponibilidade para trabalho 100% presencial.&nbsp;Você irá se destacar se tiver:Conhecimento em tributos sobre serviços (ISS, IR, COFINS, etc.).Experiência com sistemas financeiros, como ERPs, Conta Azul, AsaaS, Transfeera e Pipefy.Informações adicionaisAqui na Franq você vai:Atuar com um time de profissionais experientes e renomados do mercado financeiro;Desenvolver, evoluir e aprender habilidades com as melhores práticas e novas tecnologias;Participar de um projeto inovador que impacta vidas financeiras de clientes além de criar novas formas de fazer negócio.&nbsp;&nbsp;&nbsp;Vamos oferecer:Contrato CLT;Cartão de benefícios flexíveis Caju de R$ 933,48;&nbsp;Assistência médica e odontológica, sem coparticipação, totalmente subsidiada pela empresa (Plano Bradesco);Seguro de vida;Parceria com Wellhub (Gympass);Parceria com Psicologia Viva e Conexa Saúde;Day off no mês de aniversário;Mesa de frutas para os Franqers em modelo presencial.Diversidade e Inclusão na Franq!Aqui na Franq você tem espaço para ser franco com você, ser quem você é!Nós te valorizamos, independente de raça, cor, religião, identidade de gênero, nacionalidade, deficiência, orientação sexual, descendência ou idade.Todas as nossas vagas são aptas para receber candidaturas de pessoas com deficiências, caso você se enquadre. Você pode especificar na sua candidatura e informar o código do CID correspondente.VENHA BUSCAR O EXTRAORDINÁRIO CONOSCO🚀Venha ser Franqer!#GoFranq",Franq,CLT,Santa Catarina,presencial
ANALISTA DE T.I,"O DESAFIO QUE TE ESPERA 🏁Buscamos profissionais que tenham vontade de crescer, colocar a mão na massa e fazer acontecer. Vivemos um momento único, recheado de desafios e oportunidades. Se você tem esse perfil e essa ambição, inscreva-se nesta vaga e junte-se a nós para construir o futuro do varejo.#VemSerPoupeO(a) analista de T.I. é responsável por oferecer suporte técnico e desenvolver atividades relacionadas à infraestrutura, sistemas e tecnologias da informação, atendendo às necessidades da empresa e garantindo o funcionamento adequado dos recursos tecnológicos.Responsabilidades e atribuiçõesPrestar suporte técnico aos usuários mediante chamados, solucionando problemas de hardware, software e rede;Diagnosticar falhas e orientar os usuários, garantindo o bom funcionamento dos sistemas e equipamentos;Realizar manutenção preventiva e corretiva em sistemas e infraestrutura de T.I., mantendo-os atualizados, seguros e operacionais;Avaliar riscos tecnológicos e implementar estratégias para mitigação;Colaborar no desenvolvimento e implantação de projetos de T.I., como novos sistemas, integrações, migrações de dados e atualizações de software;Contribuir com a segurança da informação, monitorando vulnerabilidades, aplicando medidas de proteção e respondendo a incidentes;Garantir o cumprimento das políticas internas e regulamentações de segurança digital;Fornecer treinamentos e orientações aos usuários sobre o uso seguro e eficiente dos sistemas e ferramentas de T.I.;Criar e manter documentações e materiais de apoio para usuários internos;Coletar, analisar e interpretar dados operacionais de T.I., identificando oportunidades de otimização e melhoria de desempenho;Trabalhar em conjunto com outros departamentos, entendendo suas demandas e propondo soluções tecnológicas alinhadas às necessidades.Requisitos e qualificaçõesEscolaridade: Ensino Superior Completo em Tecnologia da Informação, Sistemas, Engenharia da Computação ou áreas correlatas;Experiência: Mínima de 2 anos em funções de analista de suporte técnico, projetos, sistemas da informação ou áreas correlatas.Habilidades comportamentais/técnicas:Ter habilidade de engajar, orientar e inspirar a equipe, promovendo a cultura da Transformação Digital na organização;Ter visão estratégica, com capacidade de alinhar as soluções de T.I. aos objetivos e metas do negócio;Atuar com alto nível de responsabilidade, considerando que falhas podem gerar perdas financeiras significativas;Comunicar-se de forma clara e eficaz com equipes técnicas e não técnicas, traduzindo conceitos complexos em linguagem acessível;Manter bom relacionamento interpessoal, colaborando com diferentes áreas da empresa e atendendo demandas com empatia e clareza;Demonstrar autocontrole e equilíbrio emocional para lidar com demandas sob pressão, respeitando prazos e prioridades;Tratar informações confidenciais com total sigilo e responsabilidade, protegendo dados estratégicos da empresa.Diferenciais (não obrigatórios):Certificações técnicas (ex.: ITIL, Microsoft, Cisco, Unifi, CompTIA, Azure, AWS);Conhecimento em metodologias ágeis (Scrum, Kanban);Experiência com ERPs (ex.: TOTVS, SAP, Linx);Conhecimento em segurança da informação com base em normas como ISO 27001, ISO 27701 e outras boas práticas;Conhecimento em Power BI ou ferramentas de análise de dados;Experiência prévia em varejo ou empresas com operação multiloja.Informações adicionais🤝 Ambiente de trabalho acolhedor, colaborativo e recheado de oportunidades;💵 Salário compatível com o mercado;🏥 Plano de Saúde coparticipativo;🦷 Plano Odontológico - 100% pago pela empresa;🚌 Vale transporte / ajuda de custo;🎁 Bônus por assiduidade mensal;🎁 Bônus por tempo de casa anual;Esse é o #NossoJeitoPoupeReal de ser:🌟 Nossa Missão: Não queremos ser apenas um supermercado. Queremos fazer parte da vida dos nossos clientes, uma empresa próxima, ágil e de confiança para ajuda-los a poupar trabalho, tempo e dinheiro.🎯 Nossa Visão: Expandir nosso conceito de loja física para outras cidades da região Metropolitana de Campinas, fortalecer nossa presença no e-commerce e investir em novos modelos de negócios.💡 Nossos Valores:TIME FORTE: Formação, valorização, respeito, comprometimento e produtividade;LOJAS RÁPIDAS: Atendimento ágil, próximo, prático e personalizado;AMBIENTE DE EXCELÊNCIA: Qualidade e variedade de produtos, limpeza, organização e entrega a semana toda;CLUBE POUPEIROS: Criar vínculos com nossos clientes é prioridade máxima;NEGÓCIO SUSTENTÁVEL: Combate ao desperdício como hábito de todos.",Poupe Real Supermercados,banco de talentos,São Paulo,presencial
ANALISTA DE DEPARTAMENTO PESSOAL,"O DESAFIO QUE TE ESPERA 🏁Buscamos profissionais que tenham vontade de crescer, colocar a mão na massa e fazer acontecer. Vivemos um momento único, recheado de desafios e oportunidades. Se você tem esse perfil e essa ambição, inscreva-se nesta vaga e junte-se a nós para construir o futuro do varejo.#VemSerPoupeO(a) analista de departamento pessoal é responsável por analisar, registrar e o controlar as informações cadastrais dos colaboradores, conferir a folha de pagamento, acompanhar e processar rescisões contratuais, calcular férias e encaminhar as guias de recolhimento, assegurando o cumprimento das obrigações legais e dos prazos estabelecidos.Responsabilidades e atribuiçõesExecutar o controle diário do ponto eletrônico, conferir, lançar e enviar relatórios aos gerentes e líderes;Preencher planilhas de faltas e atestados;Cadastrar informações admissionais, periódicas e demissionais no sistema de folha de pagamento;Lançar todas as informações necessárias para o fechamento da folha de pagamento (banco de horas, feriados, adicionais, benefícios etc.);Conferir as informações da folha de pagamento para evitar erros;Organizar e manter atualizada a relação de documentos de cada colaborador;Receber, conferir e enviar as guias de encargos sociais ao setor financeiro;Levantar documentos e informações históricas para apoio em processos trabalhistas e envio ao departamento jurídico;Requisitos e qualificaçõesEscolaridade: Ensino Superior Completo em Gestão de Pessoas, Administração ou áreas correlatas;Experiência: Mínima de 2 anos em funções de analista de departamento pessoal ou áreas correlatas.Habilidades comportamentais/técnicas:Dominar rotinas de folha de pagamento, rescisões, férias, admissões, encargos e benefícios;Ter proatividade para acompanhar prazos e agir preventivamente em processos recorrentes como férias, admissões e vencimento de documentos;Ser organizado(a) e ter atenção aos detalhes, garantindo o correto registro de informações cadastrais e documentais dos colaboradores;Possuir experiência com sistemas de gestão de ponto eletrônico e sistemas de folha de pagamento;Conhecer e aplicar corretamente a legislação trabalhista vigente, evitando riscos legais;Dominar ferramentas como Excel e Word para controle de dados, planilhas e relatórios;Demonstrar responsabilidade, pois erros podem gerar impactos legais, financeiros e conflitos entre empresa e colaborador;Lidar com informações confidenciais de forma ética e sigilosa;Ter bom relacionamento interpessoal para lidar com diferentes áreas e funcionários, com empatia, clareza e profissionalismo.Diferenciais (não obrigatórios):Especialização em Recursos Humanos concluída ou em andamento.Informações adicionais🤝 Ambiente de trabalho acolhedor, colaborativo e recheado de oportunidades;💵 Salário compatível com o mercado;🏥 Plano de Saúde coparticipativo;🦷 Plano Odontológico - 100% pago pela empresa;🚌 Vale transporte / ajuda de custo;🎁 Bônus por assiduidade mensal;🎁 Bônus por tempo de casa anual;Esse é o #NossoJeitoPoupeReal de ser:🌟 Nossa Missão: Não queremos ser apenas um supermercado. Queremos fazer parte da vida dos nossos clientes, uma empresa próxima, ágil e de confiança para ajuda-los a poupar trabalho, tempo e dinheiro.🎯 Nossa Visão: Expandir nosso conceito de loja física para outras cidades da região Metropolitana de Campinas, fortalecer nossa presença no e-commerce e investir em novos modelos de negócios.💡 Nossos Valores:TIME FORTE: Formação, valorização, respeito, comprometimento e produtividade;LOJAS RÁPIDAS: Atendimento ágil, próximo, prático e personalizado;AMBIENTE DE EXCELÊNCIA: Qualidade e variedade de produtos, limpeza, organização e entrega a semana toda;CLUBE POUPEIROS: Criar vínculos com nossos clientes é prioridade máxima;NEGÓCIO SUSTENTÁVEL: Combate ao desperdício como hábito de todos.",Poupe Real Supermercados,banco de talentos,São Paulo,presencial
ANALISTA FINANCEIRO,"O DESAFIO QUE TE ESPERA 🏁Buscamos profissionais que tenham vontade de crescer, colocar a mão na massa e fazer acontecer. Vivemos um momento único, recheado de desafios e oportunidades. Se você tem esse perfil e essa ambição, inscreva-se nesta vaga e junte-se a nós para construir o futuro do varejo.#VemSerPoupeO(a) analista financeiro(a) é responsável por realizar as atividades diárias da área financeira, como tesouraria, conciliações bancárias, controle de contas a pagar e a receber, além de executar cobranças de terceiros, garantindo a organização e eficiência dos processos financeiros da empresa.Responsabilidades e atribuiçõesExecutar atividades de tesouraria;Controlar os caixas internos;Realizar auditorias internas;Realizar conciliações bancárias diárias, garantindo a precisão das transações financeiras;Gerenciar contas a receber, monitorando saldos pendentes e realizando cobranças conforme as políticas da empresa;Controlar contas a pagar, assegurando o cumprimento dos prazos estabelecidos com fornecedores e prestadores;Auxiliar na elaboração de relatórios financeiros periódicos;Lançar notas fiscais;Organizar documentos.Requisitos e qualificaçõesEscolaridade: Ensino Superior Completo ou em andamento em Administração, Ciências Contábeis, Economia ou áreas correlatas;Experiência: Mínima de 2 anos em rotinas financeiras, tesouraria, conciliação bancária e/ou gestão de contas a pagar e a receber;Habilidades comportamentais/técnicas:Dominar sistemas de gestão financeira e do pacote Office, especialmente Excel;Habilidade para interpretar dados, resolver problemas com eficiência e tomar decisões baseadas em análise crítica;Executar o trabalho com alto grau de responsabilidade, pois falhas podem comprometer resultados, gerar riscos legais e afetar a segurança das operações da empresa;Manter bom relacionamento com colegas e parceiros externos, com postura adequada e comunicação clara, evitando prejuízos administrativos ou institucionais;Manter total confidencialidade sobre informações financeiras e estratégicas da empresa, respeitando os limites de acesso e uso dos dados.Informações adicionais🤝 Ambiente de trabalho acolhedor, colaborativo e recheado de oportunidades;💵 Salário compatível com o mercado;🏥 Plano de Saúde coparticipativo;🦷 Plano Odontológico - 100% pago pela empresa;🚌 Vale transporte / ajuda de custo;🎁 Bônus por assiduidade mensal;🎁 Bônus por tempo de casa anual;Esse é o #NossoJeitoPoupeReal de ser:🌟 Nossa Missão: Não queremos ser apenas um supermercado. Queremos fazer parte da vida dos nossos clientes, uma empresa próxima, ágil e de confiança para ajuda-los a poupar trabalho, tempo e dinheiro.🎯 Nossa Visão: Expandir nosso conceito de loja física para outras cidades da região Metropolitana de Campinas, fortalecer nossa presença no e-commerce e investir em novos modelos de negócios.💡 Nossos Valores:TIME FORTE: Formação, valorização, respeito, comprometimento e produtividade;LOJAS RÁPIDAS: Atendimento ágil, próximo, prático e personalizado;AMBIENTE DE EXCELÊNCIA: Qualidade e variedade de produtos, limpeza, organização e entrega a semana toda;CLUBE POUPEIROS: Criar vínculos com nossos clientes é prioridade máxima;NEGÓCIO SUSTENTÁVEL: Combate ao desperdício como hábito de todos.",Poupe Real Supermercados,banco de talentos,São Paulo,presencial
Analista Risco Crédito JR,"Dedicamo-nos a oferecer soluções de mobilidade que&nbsp;proporcionem&nbsp;experiências&nbsp;únicas por meio de nossos produtos e serviços. E isso só é possível porque temos uma&nbsp;equipe incrível, com&nbsp;brilho&nbsp;nos&nbsp;olhos&nbsp;e&nbsp;vontade&nbsp;de&nbsp;realizar!É assim que fazemos acontecer! Inspirados pelo Poder dos Sonhos e movidos pelas crenças fundamentais da nossa Filosofia:&nbsp;#respeito ao indivíduo,&nbsp;#iniciativa,&nbsp;#igualdade&nbsp;e&nbsp;#confiança,&nbsp;temos contribuído para tornar a Honda uma empresa única, inovadora e desejada pela sociedade.A&nbsp;Honda&nbsp;valoriza a&nbsp;Diversidade e Inclusão&nbsp;e tem um olhar que engloba o respeito e aceitação das pessoas por meio do reconhecimento das diferenças e da singularidade de cada um, podendo referir-se a gênero, raça, etnia, nacionalidade, idade, orientação sexual, deficiência, característica física, crença religiosa, perspectiva política, status social entre outros &nbsp;&nbsp;“Somos uma empresa focada no ser humano, movida pelo sonho de criar e pelo espírito dos desafios” Soichiro Honda&nbsp;Se você se identifica conosco e deseja fazer parte deste time, vamos iniciar esta jornada!Responsabilidades e atribuiçõesSeu dia a dia transita por atividades multidisciplinares e desafios tais como:Acompanhamento e parametrização das políticas de crédito no motor de decisão;Análise de possíveis melhorias em processos internos;Interação com as equipes de TI;Avaliação junto as equipes de políticas de crédito de novas regras e estratégias de crédito.Requisitos e qualificações O que buscamos em você: Conhecimento em Lógica de Programação e Linguagens de Programação;Superior em Sistemas de Informação, Ciência de Dados, Engenharia e correlatas;Office avançado;Inglês intermediário. O que buscamos em você: Excel avançado;Cursos complementares: Lógica em Programação, Excel, SQL, etc.;Conhecimento em processos de crédito;Conhecimento em CRIVO ou outros motores de crédito;Espanhol básico.Informações adicionaisOnde você vai trabalhar?Honda São Paulo (próximo ao shopping Morumbi). Vaga no modelo presencial de trabalho.  Informações adicionais:Nos preocupamos com o seu bem-estar, por isso oferecemos os seguintes benefícios, os quais revalidaremos em sua jornada, pois variam de acordo com a localidade:Nossa Jornada de Trabalho tem carga horária flexível e banco de horas para usufruir sempre que precisar;Oferecemos Vale Refeição, Van Honda x Metrô, Plano de Saúde, Plano Odontológico, Seguro de Vida, Vale Transporte, Auxilio Creche para as mamães, estacionamento, Wellhub e a PreviHonda;Programas de desenvolvimento e conexão tais como Saúde e Bem-estar;Descontos em nossos produtos Honda;Bônus anual;E um pouquinho a mais sobre nós:Presente no Brasil desde 1971, a&nbsp;Moto Honda da Amazônia Ltda.&nbsp;é atualmente a maior fabricante de motos do país, com mais de 27 milhões de unidades produzidas em Manaus (AM). Desde 2001, a empresa produz também motores estacionários e motobombas, além de comercializar a linha de motores e máquinas no país.Em 1992, com a criação da&nbsp;Honda Automóveis do Brasil Ltda., a empresa entrou no mercado automotivo brasileiro. Faz parte do grupo também a&nbsp;Honda Serviços Financeiros, que reúne o Consórcio Nacional Honda, a corretora de Seguro Honda e o Banco Honda que facilitam o acesso dos clientes aos produtos da marca.Durante esses anos a empresa também inaugurou Centros Educacionais de Trânsito, de Treinamento Técnico, de Distribuição de Peças e de Pesquisa &amp; Desenvolvimento, além do seu próprio parque eólico no sul do país.",Honda,CLT,São Paulo,presencial
[Banco de Talentos] - Analista de Tráfego e Performance,"No Ecossistema 300 Franchising somos movidos pela&nbsp;sede de conhecimento&nbsp;e acreditamos que cada desafio é uma oportunidade para evoluir.&nbsp;Crescimento exponencial&nbsp;não é só meta — é nosso ritmo.Lideramos com atitude: damos o exemplo, agimos com responsabilidade e inspiramos ao nosso redor. Não aceitamos o ""sempre foi assim"" —&nbsp;somos inconformados&nbsp;por natureza, buscamos o novo, o melhor, o que ainda ninguém fez.E para construir o futuro,&nbsp;decidimos com base em fatos e dados, sempre com foco, clareza e propósito.O Analista de Tráfego e Performance necessita possuir conhecimento multidisciplinar em Marketing Digital, deve ser um profissional direcionado por dados (data driven) e capacidade analítica para compreender qual o melhor canal e todas as possibilidades de otimização e relação entre as métricas que cada canal apresenta.Responsabilidades e atribuiçõesColaborar com nosso time de canais de mídia paga online (prioritariamente Instagram/Facebook Ads / LinkedIn Ads e Google Ads), desde apoiar o planejamento até a operação;Gerar estudos de palavra-chave e de segmentação de públicos, tópicos, canais etc., para planejamento e implementação de campanhas;Acompanhar métricas diárias propondo novas otimizações com base em metas, propor melhorias de otimização da conversão com base em dados;Interagir muito com a equipe de criação, garantindo assets criativos que sejam performáticos e construam marca e resultados;Gerenciar e controlar orçamentos e pagamentos garantindo que o previsto x realizado seja atendido em todas as campanhas;Criar relatórios ou Dashboards para mensuração de resultados das contas, fornecer diagnóstico de performance das campanhas, e ações de melhoria para manutenção ou otimização da conta;Gerir de múltiplas contas e orçamentos.Requisitos e qualificaçõesExperiência em Marketing Digital;Conhecimentos avançados de Google Ads, Facebook Ads, LinkedIn Ads, Google Tag Manager e Google Analytics;Conhecimentos no uso de plataformas de gestão e CRM, (Hubspot) será um diferencial;Experiência em ferramentas de data analytics (Power BI, Data Studio etc.) será um diferencial;Capacidade de entender e colaborar nos fluxos de automação e inbound marketing;Experiência em marketing de performance ou digital, growth B2C, testes A/B;Boa capacidade analítica e facilidade de lidar com números e controle de saldos;Ser organizado (a), orientado a resultados e atento a detalhes;Ser extremamente comunicativo (a) e compartilhar reports e ações realizadas diariamente.Certificação - Google Ads (Search, Display, Youtube e Analytics), caso não tenha precisa estar disposto a realizar.DiferenciaisConhecimentos em Data Studio e criação de Dashboards;Gestão de orçamento e KPIS em diversas contas simultâneas;Gestão de grandes orçamentos;Especialização na área de Marketing Digital;Excel avançado.Informações adicionaisHorárioDe segunda a sexta-feira das 08:00 às 12:00 e das 13:12 às 18:00.BenefíciosPlano de saúde;Plano odontológico;Vale alimentação/refeição;Prêmio por assiduidade;Day off no mês do seu aniversário;Convênio com o SESC.",300 Franchising,banco de talentos,Santa Catarina,presencial
Analista de Planejamento O&M,"Venha fazer parte da nossa equipeResponsabilidades e atribuiçõesElaborar planos de manutenção preventiva e corretiva, planejar e programar atividades de manutençãopreventiva e corretiva, incluindo serviços de mecânica e elétrica, tanto para manutenção diária quanto paraparadas planejadas.&nbsp; definir indicadores de desempenho (KPIs), controlar custos de manutenção e recursos materiais e humanos,e garantir a disponibilidade dos equipamentos e ferramentas.&nbsp; Identificar oportunidades de melhoria na gestão de manutenção.&nbsp; Atua como suporte para a equipe de campo, garantindo que a manutenção seja realizada de forma eficaz esegura.&nbsp; Capacidade de analisar dados de manutenção. Garante a documentação de processos de O&amp;amp;M, segurança e geração de relatórios para manter a qualidadedo processo. Gerenciar as Ordens de Serviço (OS) e Solicitações de Serviço (SS). Apoiar em reuniões de planejamento semanal e mensal com áreas envolvidas. Propor melhorias no processo de manutenção.Requisitos e qualificaçõesWord, Excel, Powerpoint, Project,Power BIPortuguês, InglesFracttal (software de manutenção)Informações adicionaisPlanejamento, comprometimento,organização, análise critica dedados, liderança, proatividade",Confidencial,banco de talentos,Rio de Janeiro,presencial
ANALISTA ADMINISTRATIVO JR,"....Responsabilidades e atribuiçõesOrientar e executar atividades de natureza administrativas, envolvendo fiscalização e acompanhamento dos serviços, termos aditivos e suas justificativas; Orientar critérios e acompanhamento dos contratos de materiais e serviços da sua área de atuação, bem como divulgando e disponibilizando informações/serviços; Orientar e executar atividades referentes à realização de pesquisas e proposição de alternativas para a aquisição de materiais, bens ou serviços; Programar e/ou alterar os procedimentos e processos da área, pareceres e relatórios, através de estudo de custo-benefício de atividades ou de contratos da unidade; Elaborar e propor estudos para controle dos índices, itens de controle e indicadores da área e planilhas diversas de suporte à gestão, além de instrumentos de controle de gestão empresarial, vinculado às metas e diretrizes da Empresa; Orientar na elaboração de relatos e registros de proposições de soluções provenientes das reuniões de análise crítica de resultados; Conferir dados de previsão de custos, acompanhando contratos, bem como orientando procedimentos e recebimento de serviços; Estudar e proceder à implantação e/ou alteração de procedimentos e processos e orientação de pareceres, elaboração e emissão de relatórios; Prover órgãos superiores, regulatórios e demais áreas interessadas de informações necessárias ao desenvolvimento de atividades da Empresa; Propor normas e instruções administrativas de acordo com a política e diretrizes da Empresa, além de melhoria nas rotinas, procedimentos administrativos e fluxo de trabalho; Assessorar nas atividades de ensino, pesquisa e extensão; Executar outras atividades correlatas a critério do superiorRequisitos e qualificaçõesObrigatório:Ensino Superior Completo.Informações adicionais﻿O que oferecemos?Vale Alimentação;Vale Transporte;Assistência Médica;Assistência Odontológica;Convênio com Farmácia;Seguro de Vida;Auxílio Creche;Totalpass;Universidade Corporativa;Interclube (programa de descontos);Programa Conte Comigo.",Página de Carreira,CLT,São Paulo,presencial
Analista de Segurança da Informação PL (Conscientização),"Somos a Rede Américas,&nbsp;a rede de assistência à saúde multiplataforma, que tem o propósito de oferecer o cuidado completo na medida certa para a saúde.Estamos em busca de&nbsp;talentos que acreditam que é possível oferecer a melhor e mais avançada assistência à saúde.Se você tem paixão por cuidar e acredita na medicina de qualidade, vem ser Rede Américas!Temos um compromisso com a Diversidade!Incentivamos a candidatura de todos que reconhecem a importância da construção de um ambiente livre de preconceitos, assédio e discriminação. Juntos entregamos o nosso melhor sempre.📌Importante: não efetuamos cobranças de taxas em nossos processos seletivos.Responsabilidades e atribuições🔎 Sobre a posição:Desenvolver e implementar o programa anual de conscientização em Segurança da Informação, Privacidade de Dados e Continuidade de Negócios, alinhado às políticas internas, regulamentações e melhores práticas do mercado.Criar e adaptar materiais de treinamento (apresentações, vídeos, e-learnings, infográficos etc.) de forma clara, objetiva e engajadora para diferentes públicos e níveis de conhecimento.Conduzir treinamentos presenciais e online, workshops e outras iniciativas de conscientização para colaboradores de diversas áreas da empresa.Elaborar indicadores e aplicar avaliações para medir a eficácia dos programas de conscientização e treinamento e identificar possíveis pontos de melhoria, além de reportar o progresso e os resultados.Desenvolver e executar campanhas de comunicação interna para promover o engajamento nos temas, utilizando diversos canais (intranet, e-mail, murais etc.).Manter-se atualizado sobre as últimas ameaças, tendências e regulamentações relacionadas à Segurança da Informação, Privacidade de Dados e Continuidade de Negócios, especialmente no setor de saúde.Colaborar com outras áreas da empresa (TI, Jurídico, Compliance, Recursos Humanos) para garantir a integração das iniciativas de conscientização e treinamento.Participar da elaboração e revisão de políticas e procedimentos, a fim de garantir que os aspectos de conscientização e treinamento sejam considerados.Atuar como ponto de contato para dúvidas e esclarecimentos dos colaboradores em relação aos temas em questão.Requisitos e qualificaçõesSe você acredita no cuidado que acolhe e quer transformar a saúde no mundo, em nossa área assistenciais você encontra um lugar de cuidado e acolhimento.🎯 Para transformar a saúde é preciso:Ensino superior completo em Segurança da Informação, Ciência da Computação, Tecnologia da Informação, Comunicação, Recursos Humanos ou áreas correlatas.Experiência na área de Segurança da Informação e/ou Privacidade de Dados e/ou Continuidade de Negócios, com foco em conscientização e treinamento.Experiência em desenvolvimento e aplicação de treinamentos presenciais e online, criação de materiais didáticos e campanhas de comunicação.Conhecimento na legislação de proteção de dados (LGPD), outras regulamentações relevantes e melhores práticas de mercado no que diz respeito aos temas em questão.Habilidades de comunicação verbal e escrita, com capacidade de adaptar a linguagem para diferentes públicos.Habilidade de trabalhar de forma colaborativa e construir relacionamentos eficazes com diferentes áreas da organização.Proatividade, organização, autonomia e capacidade de gerenciar múltiplos projetos simultaneamente.DIFERENCIAIS:Certificações na área de Segurança da Informação e/ou Privacidade de Dados e/ou Continuidade de Negócios.Experiência com plataformas de Learning Management System (LMS).Conhecimento de metodologias de gamificação para treinamentos.Conhecimento da HIPAA (Health Insurance Portability and Accountability Act).Experiência em ambientes hospitalares ou outras organizações de saúde.Conhecimento em ferramentas de criação de conteúdo (e-learning, vídeos etc.).Conhecimento em Power BI.Informações adicionaisÉ cuidando da nossa gente que vamos ser a saúde que as pessoas desejam e que o mundo precisa, confira os nossos benefícios:Cuidados com a alimentação: Vale Refeição/Vale Alimentação ou Refeitório no local de trabalho (de acordo com a localidade);Cuidados com a saúde: Plano de Saúde e Seguro de Vida;Cuidados com o seu desenvolvimento: Ciclo de Desenvolvimento e Carreira, Academias de Tecnologia/PMAX e Programa Crescer;Outros: Vale Transporte.💰&nbsp;Só a Rede Américas tem – Programa de Cuidado, pautado em 5 pilares:Espiritual: yoga, meditação e mindfulness;Físico: Totalpass, clínica de atenção primária, descontos em exames e vacinas, NAV, Programa Acolhe Trans, Programa Gestar e Programa Mais Leve;Relacional: Clube de vantagens UAU, benefícios SESC;Emocional: Telepsicologia.",Rede Américas,banco de talentos,São Paulo,presencial
ANALISTA ENGENHARIA DE  PROCESSOS ,"Nossa empresa tem se destacado pelo comprometimento com a inovação, integridade e excelência em sua atuação. Em um mercado competitivo, nossa empresa tem mantido uma trajetória sólida e sustentável, oferecendo produtos/serviços de qualidade e construindo relacionamentos duradouros com clientes e parceiros.Responsabilidades e atribuiçõesVocê atuará no time responsável pelo controle elétrico e eletrônico dos veículos durante a fase de industrialização. Entre as suas principais responsabilidades, estão:Garantir a evolução das arquiteturas elétricas durante a industrialização do veículo.Atuar diretamente na resolução de problemas relacionados a sistemas elétricos e eletrônicos dos veículos.Acompanhar e garantir o nível de maturidade das novas peças aplicadas na produção.Participar de fóruns técnicos para discutir pontos críticos e propor melhorias.Aplicar modificações de produto/processo para contribuir com os objetivos de qualidade, produtividade e ergonomia da fábrica.Diagnosticar falhas elétricas nos veículos e propor soluções definitivas.Treinar equipes técnicas sobre as novas arquiteturas elétricas dos projetos em andamento.Contribuir com análises de defeitos não reproduzíveis ligados a sistemas eletrônicos.Atuar em conjunto com os times de qualidade, engenharia e produção para garantir a performance dos novos produtos.Requisitos e qualificaçõesEnsino Superior Completo em EngenhariaSExperiência sólida em engenharia eletroeletrônica veicular.Conhecimento em ferramentas de diagnóstico automotivo, especialmente:DDT2000 ou DDT AnalyserDiagSpyMaleta de programação de sistemas (MPS)Capacidade de realizar diagnósticos em unidades de controle eletrônico e programar/calibrar os softwares embarcados.Experiência com configuração de equipamentos de testes via rede (ex: Wi-Fi).Conhecimento básico em ferramentas de análise de defeitos e integração de sistemas automotivos.Experiência com ferramentas de análise de processos industriais.Familiaridade com comunicação entre sistemas embarcados e equipamentos de testes.Conhecimento em gestão de dados técnicos de produto e critérios de qualidadeInglês ou francês avançado.Informações adicionaisBenefícios:Refeição no local ou Vale Refeição;Vale Mercado/Alimentação;Participação nos resultados;Auxílio home office, se necessário;Transporte fretadoAssistência MédicaGympass;Seguro de vida;Previdência Privada;Auxilio Creche;",Vagas Brasil Industriais,CLT,Paraná,presencial
Analista de Atendimento ao Cliente ,"Você quer trabalhar em uma empresa líder em assistência 24 horas e seguro viagem, parte do grupo Allianz SE, o maior grupo segurador do mundo e uma das principais empresas de serviços financeiros?E se você se identifica com um ambiente de constante aprendizado e desenvolvimento, aberto as diversidades, crescimento e excelência no atendimento, a Allianz Partners é o seu lugar!Responsabilidades e atribuiçõesRecepcionar ligações com objetivo de solucionar o problema exposto e/ou fornecer informação referente a dúvida que levou o cliente a entrar em contato com 0800;Fornecer serviços emergenciais como reboque, mecânico e táxi, por intermédio de sistema especifico Mabis que realizara o acionamento via GPS, Net ou encaminhar para acionamento manual;Analisar crítica de solicitações para liberação de serviços ao segurado que foram previamente contratados com base em condições gerais inseridas na ferramenta eletrônica Beedoo;Realizar ligações externas com intuito de verificação da previsão de chegada do prestador inicialmente acionado, visando o bem-estar do segurado e atingimento das metas internas;Realizar a roteirização de distancias entre trechos rodoviários visando fornecer o serviço emergencial dentro da cobertura contratada e em casos específicos definir o meio de transporte mais viável para viagem;Apresentar soluções ao segurado por intermédio da uma sequência lógica de atendimento em que o cliente é recepcionado, o problema identificado, a resposta fornecida e o fechamento da assistência, garantindo que todos os dados tenham sido coletados e inseridos em sistema corretamente;Localizar e identificar os cadastros dos veículos segurados por intermédio da ferramenta Mabis ou sistema especifico do cliente institucional, garantindo que a liberação do atendimento seja realizada corretamente de acordo com vigência da apólice.Requisitos e qualificaçõesTer no mínimo 18 anos;Para o sexo masculino possuir reservista;Ensino médio completo;Ter fácil acesso a região do Grande ABC;Habilidade com digitação (será avaliada e por favor utilizar o computador para a realização do teste);Disponibilidade para trabalhar aos finais de semana e feriados em regime de escala.(Nossa escala de trabalho são de 5 folgas mensais, sendo 1 obrigatória no domingo).Informações adicionaisOferecemosSalário: R$1.755,00 (Atenção: o valor do salário poderá sofrer alteração dependendo do produto X escala de trabalho)Vale-refeição ou alimentação (R$29,00 dia);Vale-transporte;Seguro de vida em grupo;Assistência médica;Assistência odontológica;PLR;Total Pass;Programa Conte Comigo;Plano incentivo (variável) de até R$200,00 mensais de acordo com desempenho.Carga horária 06h ou 07h por dia.Importante: O treinamento será em modelo home office, mas, o trabalho é presencial no escritório.Como somos uma empresa de Assistência 24 horas, atendemos diversos produtos, e de acordo com suas competências você será selecionado para a célula com maior aderência ao seu perfil.",Allianz Partners Brasil,CLT,São Paulo,presencial
ANALISTA ADMINISTRATIVO SR,"A hora de fazer parte de um time comprometido, acolhedor e que leva saúde para milhões de pessoas, é agora!Estamos na busca de profissionais para compor a nossa equipe!Se você é comprometido(a) e apaixonado(a) por novos desafios, aqui é o seu lugar!&nbsp;Faça seu cadastro e envie seu currículo!Responsabilidades e atribuiçõesGestão de Projetos;Análise de dados;Otimização de Processos;Gerenciar não conformidades;Cadastro via sistema ( capas, pleitos, parâmetros...).Requisitos e qualificaçõesObrigatório: Ensino superior completoDesejável: Pacote OfficeExcel avançadoBI ( dados)Capacidade analíticaInterpretação de GráficosDisponibilidade para ViagensInformações adicionaisCarga horária: 220h﻿Unidade: Rua Dona Leopoldina, 1150﻿O que oferecemos?Vale Alimentação;Vale Transporte;Assistência Médica;Assistência Odontológica;Convênio com Farmácia;Seguro de Vida;Auxílio Creche;Totalpass;Universidade Corporativa;Interclube (programa de descontos);Programa Conte Comigo.",Página de Carreira,CLT,Ceará,presencial
ANALISTA SISTEMAS SENIOR - FOCO RH – RM TOTVS ,"A&nbsp;SPDM - Associação Paulista para o Desenvolvimento da Medicina&nbsp;é uma Associação civil sem fins lucrativos, de natureza filantrópica, reconhecida de utilidade pública federal, estadual e no município de sua sede, respectivamente pelos decretos nos. 57.925, de 04/03/1966, 40.103 de 17/05/1962 e 8.911, de 30/07/1970.A Instituição atua nos âmbitos federal, estadual e municipal, em harmonia com suas políticas de saúde e de educação, e também como organização social habilitada em vários estados, na gerência de serviços e organizações de saúde, por meio de convênios e contratos de gestão.A diretriz primordial da Associação é sua inserção no sistema de saúde direcionada ao tratamento, prevenção de doenças e à promoção da saúde primária, secundária e terciária, estreitando laços com a comunidade local e reafirmando seu compromisso social de atender a todos, sem discriminação.Com o crescimento Institucional, a SPDM vem expandindo sua área de atuação com projetos, em desenvolvimento, na área da Assistência Social e na área Educacional. Toda essa gama de atividades consolida, cada vez mais, a SPDM como uma instituição filantrópica de grande porte, que busca a sustentabilidade econômica, social e ambiental.Suas quatro superintendências - Hospital São Paulo, Instituições Afiliadas,&nbsp;Programa de Atenção Integral à Saúde (PAIS)&nbsp;e Educação - são gerenciadas por profissionais de alta capacitação técnica e notável saber.Assim, a SPDM contribui de forma efetiva para a melhoria contínua dos serviços prestados pelo Sistema Único de Saúde do Brasil, visando principalmente garantir a universalidade e as oportunidades de acesso à saúde, necessárias ao desenvolvimento humano e social do cidadão. Para tanto, associa o melhor da tecnologia com atendimento médico de alta qualidade, respaldado por equipes multiprofissionais, formadas por enfermeiros, fisioterapeutas, farmacêuticos, nutricionistas, fonoaudiólogos, bioquímicos, psicólogos, tecnólogos, assistentes sociais e dentistas, entre outros.O Programa de Atenção Integral à Saúde&nbsp;iniciou suas atividades no ano de 2001 no município de São Paulo, se estendendo para outros municípios e estados. Desde o início de suas atividades, o&nbsp;PAIS&nbsp;busca, em parceria com a gestão pública, o crescimento e a consolidação dos serviços de saúde ofertados aos usuários do SUS.Responsabilidades e atribuiçõesAtuar com suporte aos sistemas Internos; efetuar atualização de versões de sistemas em ambientes de homologação e produção;Mapear processos nas áreas em relação aos sistemas internos com levantamento de requisitos e regras de negócios e criar modelagem de dados;Avaliar previamente os impactos das alterações em outros processos de negócio;Registrar, documentar, priorizar e monitorar junto aos fornecedores a resolução dos problemas bem como alinhamento dos projetos a serem desenvolvidos; acompanhar e buscar melhoria para os sistemas Institucionais;Gerir os relatórios via ferramentas de banco de dados com atuação em consultas e criação de divisões (view) com total autonomia;&nbsp;Aplicar novas tecnologias visando melhor aproveitamento dos recursos;Identificar e orientar os usuários na solução de problemas;Atender a todos os princípios e critérios de conduta contidos no Manual de Conformidade Administrativa - Políticas e Princípios de Integridade da SPDM;Executar as atribuições determinadas pela Instituição a respeito das práticas a serem tomadas em relação à proteção de dados pessoais-LGPD;Realizar as atividades das áreas/setores, seguindo as determinações do Gestor imediato e padronizações da Instituição.Requisitos e qualificaçõesEnsino Superior Completo na área;Pós-Graduação completa na área de atuação;Imprescindível: Conhecimento nos módulos de RH – RM TOTVS;Conhecimento em Quírons - Software para Saúde e Segurança do Trabalho;Desejável: Inglês Técnico, Banco de Dados Oracle e SQL Server.Informações adicionaisTrabalho 100% presencial;Profissionais de empresas parceiras, fornecedores e/ou prestadores de serviços, vínculo com grau de parentesco ou afinidade no mesmo serviço ou que atuam em outra modalidade contratual (vínculo com o prestador), deverão observar normativas de RH vigentes, através de consulta junto ao setor de Recrutamento e Seleção.",SPDM/PAIS,CLT,São Paulo,presencial
Analista de Planejamento e Gestão de Mudanças Pleno - Rio de Janeiro/RJ  ,"Você quer fazer parte da equipe Qualidados?Procuramos por profissionais com conhecimento e experiência na área, com perfil proativo, Capacidade de análise.Orientação para resultados, Trabalho em equipe, Organização, Liderança, Inovador, Gosta de desafios além de ter agilidade e assertividade nas entregas.Vagas&nbsp;também para PCD conforme decreto: 5.296 de 02/12/2004.Responsabilidades e atribuiçõesResponsável dar suporte à definição e ao desenvolvimento de padrões, metodologias e ferramentas de comunicação para passagem de serviços sem informações inconsistentes, incompletas, atrasadas ou sem estrutura;Dar suporte ao preparo do plano de comunicação, buscando a maior integração, otimização do processo, transparência das decisões;Dar suporte à elaboração da Matriz de Competências e identificar as necessidades para ministrar treinamentos;Mapear processos e elaborar de padrões de processo e instruções de trabalho;Levantar e divulgar as normas e padrões para desenvolvimento geral e específico;Sistematizar o levantamento e disseminação das lições aprendidas durante a execução e finalização das atividades;Desenvolver e atualizar os procedimentos de trabalho, com o objetivo de registrar as melhores práticas de gerenciamento e execução técnica dos projetos/serviços de Construção e Montagem;Dar suporte ao desenvolvimento do fórum de troca de conhecimento com outras áreas, inclusive externas a Petrobras quando necessário, desenvolver controles para gestão e acompanhamento dos processos e Dashboards utilizando a ferramenta Power BI;Dar suporte à criação e à apresentação de materiais para suporte as decisões gerenciais;Acompanhar os indicadores da Gerência;Elaborar comunicados internos;Criar e realizar manutenção do site da Gerência;Gerenciar mudanças;Responsável por acompanhar a evolução da conformidade dos contratos;Realizar a abertura e acompanhamento de tarefas no Planner, a interface e apoio aos steakholders do processo.Requisitos e qualificaçõesEnsino superior completo em Administração de Empresas, Curso Superior Tecnólogo em áreas correlatas à Administração de Empresas, Economia, Contábeis, Direito..Desejável: Pós-Graduação/MBA em Gestão Empresarial, Gestão de Projetos ou áreas correlatas.Desejável experiência nas ferramentas MS Project, BIZAGI, Power BI, SAP MM, SAP PS, SAP ARIBAPacote office intermediário;Excel avançado.Trabalho híbrido (3 dias em teletrabalho, 2 dias em escritório).Informações adicionaisBenefícios:Transporte;Alimentação;Seguro de Vida;Plano de Saúde;Plano OdontológicoTotalpass;Starbem;Avus;Empréstimo consignado.",Qualidados,banco de talentos,Bahia,híbrido
ANALISTA FINANCEIRO ,"Você quer fazer parte da equipe Qualidados?Estamos procurando por profissionais com conhecimento e experiência na área, com perfil proativo, organizado, comprometido, boa comunicação, que gosta de trabalhar em equipe e de desafios.﻿Vagas também para PCD conforme decreto: 5.296 de 02/12/2004.Responsabilidades e atribuiçõesAtuar na área financeira e de controladoria.Realizando atividades de pagamento.Movimentação de fundo fixoRegistros financeiros,&nbsp;prestação de contasEstudos relacionados área, seguindo diretrizes da empresa,&nbsp;aplicando&nbsp;procedimentos internos e a legislação específica,&nbsp;&nbsp;com o objetivo de contribuir para a gestão financeira empresa.Requisitos e qualificaçõesNível SuperiorPacote Office avançado (Excel, Word, Power Point)Especialização será um diferencialInformações adicionaisBenefícios:Transporte;Alimentação;Seguro de Vida;Plano de Saúde;Plano OdontológicoTotalpass;Starbem;Avus;Empréstimo consignado.",Qualidados,banco de talentos,Bahia,presencial
ANALISTA DE SISTEMAS ,"Você quer fazer parte da equipe Qualidados?Estamos procurando por profissionais com conhecimento e experiência na área, com perfil proativo, organizado, comprometido, boa comunicação, que gosta de trabalhar em equipe e de desafios.﻿Vagas também para PCD conforme decreto: 5.296 de 02/12/2004.Responsabilidades e atribuiçõesAtuar no desenvolvimento e/ou customização de sistemas informatizados, interagindo com as áreas clientes, atendendo às especificações técnicas, fazendo codificações, usando a linguagens de programação adequada e ferramentas apropriadas, desenvolvendo estruturas lógicas, testando, realizando a depuração, elaborando a documentação pertinente, utilizando procedimentos definidos e verificando a consistência da programação no sentido de garantir os requisitos de segurança e qualidade dos sistemas desenvolvidos pela empresa.Imprescindível conhecer e querer trilhar carreira em Gerenciamento de Projetos. Vivencia com ERP será diferencial. Experiencia anterior em desenvolvimento de software do início ao fim do projeto será diferencialRequisitos e qualificaçõesNível superior em Ciência da Computação, Analise de Sistemas e afinsConhecimento avançado (comprovado) C#, ASP.Net, VB.Net. Certificação será diferencial;Conhecimento avançado (comprovado) em modelagem de banco de dados Sql Server;Conhecimento inglês para leitura de materiais técnicos. Não há material em portuguêsInformações adicionaisBenefícios:Transporte;Alimentação;Seguro de Vida;Plano de Saúde;Plano OdontológicoTotalpass;Starbem;Avus;Empréstimo consignado.Jornada de Trabalho: Horário comercial.",Qualidados,banco de talentos,Bahia,presencial
ANALISTA DE RH ,"Você quer fazer parte da equipe Qualidados?Estamos procurando por profissionais com conhecimento e experiência na área, com perfil proativo, organizado, comprometido, boa comunicação, que gosta de trabalhar em equipe e de desafios.﻿Vagas também para PCD conforme decreto: 5.296 de 02/12/2004.Responsabilidades e atribuiçõesAtuar em processos de Recursos Humanos,&nbsp;&nbsp;realizando atividades relacionadas aos Subsistemas: Provimento, Aplicação, Desenvolvimento e Monitoramento, operacionalizando políticas e práticas de RH, analisando informações em meio físico e eletrônico, realizando registros e controle, interagindo com as diversas áreas da empresa, utilizando sistemas informatizados e cumprindo dispositivos legais e em Convenção Coletiva ou Acordo Individual do Trabalho, procedimentos e definições de superiores, no sentido de contribuir para alcançar os objetivos relacionados à Gestão de Pessoas no âmbito da empresa.Recrutamento e Seleção de Pessoal;Admissão de pessoal;Treinamento e Desenvolvimento;Acompanhar os Programas de Menor Aprendiz, Pessoas com Deficiência e Estagiários;Realizar outras atividades específicas no âmbito da atuação do cargo e conforme a&nbsp;Capacitação necessária, seguindo orientações do superior imediatoRequisitos e qualificaçõesNível SuperiorPacote Office avançado (Excel, Word, Power Point)Especialização será um diferencialInformações adicionaisBenefícios:Transporte;Alimentação;Seguro de Vida;Plano de Saúde;Plano OdontológicoTotalpass;Starbem;Avus;Empréstimo consignado.",Qualidados,banco de talentos,Bahia,presencial
ANALISTA DE PLANEJAMENTO II ,"Você quer fazer parte da equipe Qualidados?Estamos procurando por profissionais com conhecimento e experiência na área, com perfil proativo, organizado, comprometido, boa comunicação, que gosta de trabalhar em equipe e de desafios.﻿Vagas também para PCD conforme decreto: 5.296 de 02/12/2004.Responsabilidades e atribuições&nbsp;Realizar Inventariado dos ativos existentes, incluindo levantamento dos ativos em campo, definição de árvore do ativo, fixação das etiquetas de objeto SAP, definição da criticidade e intercambialidades dos ativos e elaboração das listas técnica dos equipamentos mapeados.Criação das matrizes de bloqueio totais e parciais (LOTO) dos ativos mapeados em campo.Inventariado dos novos ativos para a Engenharia de Projetos CBMM, criação das FMEAs (Failure Mode and Effect Analysis) por equipamento, definição de seus Planos de Manutenção e de hibernação.Requisitos e qualificaçõesExperiência em Planejamento de Rotinas de Manutenção de Mineração;SAP;Pacote Office avançado (Excel, Word, Power Point).Informações adicionaisBenefícios:Transporte;Alimentação;Seguro de Vida;Plano de Saúde;Plano OdontológicoTotalpass;Starbem;Avus;Empréstimo consignado.",Qualidados,banco de talentos,Bahia,presencial
ANALISTA DE PLANEJAMENTO ,"Você quer fazer parte da equipe Qualidados?Estamos procurando por profissionais com conhecimento e experiência na área, com perfil proativo, organizado, comprometido, boa comunicação, que gosta de trabalhar em equipe e de desafios.﻿Vagas também para PCD conforme decreto: 5.296 de 02/12/2004.ytResponsabilidades e atribuiçõesElaborar relatórios executivos;Apoiar na interface administrativa do contrato junto ao cliente;Acompanhar faturamento do contrato;Conduzir processos de seleção, mobilização e desmobilização.Requisitos e qualificaçõesEnsino superior Completo;Experiência em Rotinas Administrativas em Indústria;Conhecimento em Power BI;Pacote Office avançado (Excel, Word, Power Point).Informações adicionaisBenefícios:Transporte;Alimentação;Seguro de Vida;Plano de Saúde;Plano OdontológicoTotalpass;Starbem;Avus;Empréstimo consignado.",Qualidados,banco de talentos,Bahia,presencial
ANALISTA DE DEPARTAMENTO PESSOAL ,"Você quer fazer parte da equipe Qualidados?&nbsp;&nbsp;Estamos procurando por profissionais com conhecimento e experiência na área, com perfil proativo, organizado, comprometido, boa comunicação, que gosta de trabalhar em equipe e de desafios.&nbsp;﻿Vagas também para PCD conforme decreto: 5.296 de 02/12/2004.Responsabilidades e atribuiçõesAtuar no processo de Administração de Pessoal, realizando atividades relacionadas a Controle, Movimentação e Pagamento de Pessoal e/ou Encargos Sociais e Trabalhistas, quando designado para tanto, analisando informações em meio físico e eletrônico, realizando registros e controle de pessoal, fazendo lançamentos, interagindo com as diversas áreas da empresa, utilizando sistemas informatizados e cumprindo dispositivos legais e em Convenção Coletiva ou Acordo Individual do Trabalho, procedimentos e definições de superiores, no sentido de garantir a conformidade e a qualidade dos processos.&nbsp;&nbsp;&nbsp;Atuar na implantação de políticas e práticas de Recursos Humanos, realizando o cadastro de informações relacionadas a jornada de trabalho, salário e remuneração, analisando documentos, legislação, Convenção Coletiva ou Acordo Individual do Trabalho, Analisar o registro de informações funcionais de colaboradores, consultando documentos, fazendo verificações.Fazer a parametrização de verbas destinadas ao processamento de pagamento de pessoal, seguindo a legislação e exigência do esocial, realizando consultas quando necessárias.Elaborar a Folha de Pagamento e rescisão de contrato de trabalho, verificando e utilizando dados e informações em meio eletrônico e físico, interagindo com as áreas envolvidas, seguindo a legislação, Convenção ou Acordo Coletivo do Trabalho.Realizar estudos e análises relacionadas à administração de pessoal, tais como: indicadores de processos, projeções de rescisões de contrato de trabalho, absenteísmo, perfil funcional, despesas com pessoal.&nbsp;Elaborar, quando designado para tanto, cálculos e fechamento de Encargos Sociais e Trabalhistas, seguindo dispositivos legais e procedimentos da empresa.&nbsp;Cuidar da documentação proveniente da elaboração de pagamento de pessoal, organizando-a, seguindo procedimentos da empresa, verificando a correção e exatidão, disponibilizando para a Fiscalização Administrativa de Contrato – FAC e providenciando o arquivamento adequado Representar a empresa, quando designado para tanto, junto a Sindicatos ou Ministério do Trabalho, para realizar homologação de Rescisão de Contrato de Trabalho.Realizar outras atividades específicas no âmbito da atuação do cargo e conforme a capacitação necessária, seguindo orientações do superior imediato com o objetivoRequisitos e qualificaçõesNível SuperiorPacote Office avançado (Excel, Word, Power Point)Especialização será um diferencialConhecimento avançado em E-socialConhecimento em sistema de folha de pagamentoConhecimento em legislaçãoVisão sistêmicaEncargos sociais e trabalhistasInformações adicionaisBenefícios:Transporte;Alimentação;Seguro de Vida;Plano de Saúde;",Qualidados,banco de talentos,Bahia,presencial
ANALISTA ADMINISTRATIVO  ,"Você quer fazer parte da equipe Qualidados?&nbsp;&nbsp;Estamos procurando por profissionais com conhecimento e experiência na área, com perfil proativo, organizado, comprometido, boa comunicação, que gosta de trabalhar em equipe e de desafios.&nbsp;﻿Vagas também para PCD conforme decreto: 5.296 de 02/12/2004.Responsabilidades e atribuiçõesADM: Atuar no apoio a atividades administrativas em áreas de administração e/ou compras realizando recebimento, análise e conferência de documentos, fazendo controles e registros de informações e indicadores, elaborando cálculos, emitindo faturamento e relatórios, providenciando aquisição de produtos e materiais, fazendo contratação de serviços,&nbsp;no sentido de dar suporte às funções de coordenação na gestão de processos e garantir a conformidade com requisitos de clientes, padrões de trabalho e normas certificadoras.RH: Realizar atividades de apoio administrativo, atuando nos processos de recursos humanos&nbsp;executando rotinas relativas à inclusão e exclusão de benefícios, verificando e organizando documentos, preparando documentos, levantando informações para a gestão de indicadores de acordo com orientações de superiores, no sentido de contribuir para a administração de benefícios oferecidos pela empresa.Requisitos e qualificaçõesNível SuperiorPacote Office avançado (Excel, Word, Power Point)Especialização será um diferencialInformações adicionaisBenefícios:Transporte;Alimentação;Seguro de Vida;Plano de Saúde;Plano OdontológicoTotalpass;Starbem;Avus;Empréstimo consignado.",Qualidados,banco de talentos,Bahia,presencial
Banco de Talentos - Analista de Requisitos de Software,"Seja bem-vindo a WISE!Somos uma empresa que desenvolve soluções em informática para organizações dos mais diversos portes e atividades. Operamos com dinamismo e inovação, oferecendo soluções específicas que otimizam processos, implementam ou reorganizam todo o sistema de informação das empresas. Oferecemos acesso rápido a informações essenciais para a tomada de decisões, gerando mais produtividade, agilizando processos e reduzindo custos para os nossos clientes. Nossa sede está localizada em Curitiba/PR, mas atuamos em todo o Brasil em nossos clientes e através do Home Office.Se Você é engajado, dinâmico, ágil, apaixonado por tecnologia, gosta de fazer a diferença no que faz, busca desenvolvimento profissional constante e uma empresa com bom clima de trabalho. O seu lugar é na WISE!Nossa empresa é voltada para as melhores práticas de desenvolvimento de software. Os projetos da WISE são diversificados e oferecem oportunidade para adquirir novos conhecimentos e atuar com várias tecnologias. Valorizamos novas ideias, criatividade, autonomia, companheirismo e bom humor. Seja Wise e venha fazer parte do nosso time!#vemprawise #sejawise #bewise #analistadesistemas #analistaderequisitos #vagaanalista #vagaResponsabilidades e atribuiçõesAtuar de forma consultiva, mapeando os processos de negócio dos clientes;&nbsp;Realizar o levantamento de requisitos;&nbsp;Realizar levantamento de estimativas;&nbsp;Elaborar especificações de negócio de customizações a serem incorporadas ao produto;&nbsp;Homologar o sistema com o cliente;&nbsp;Acompanhar os usuários na utilização da plataforma e realizar treinamentos;&nbsp;Participar de reuniões com o cliente&nbsp;Apresentar a ferramenta para novos clientes;&nbsp;Proceder com a implantação dos sistemas garantindo a qualidade do projeto.Requisitos e qualificaçõesO que você precisa ter para esta função:&nbsp;Conhecimentos de Banco de dados relacionais (SQL);Conhecimentos de UML;Conhecimento em modelagem de dados;Experiência com levantamento de requisitos;2 anos de experiência como analista;Comportamental: facilidade de trabalho em equipe, comunicação, iniciativa, dinamismo e responsabilidade.O que é um diferencial:&nbsp;Experiência anterior como desenvolvedor;Conhecimento de regras do negócio planos de saúde;Experiência em projetos ou produtos com integração de sistemas diferentes (web services);Experiência com metodologias ágeis;Conhecimento em contagem de pontos de função;Elaborar manuais do sistema.Conhecimento em ferramentas de desenvolvimento (Eclipse, Ireport, Squirrel);Conhecimento em linguagens de programação (Java, Javascript, Banco de dados, Xml);Informações adicionaisTrabalho Híbrido, com alguns dias de forma presencial em Curitiba/PRRemuneração: A combinarCarga horária de prestação de serviço: 8 horas diárias, aproximadamente 168 horas/mês, de segunda à sexta.Contratação PJ (Pessoa Jurídica)Oportunidades de auxílio a obtenção à CertificaçõesTreinamentosHorário flexívelNo Dress Code",Wise Group,banco de talentos,Paraná,híbrido
Banco de Talentos - Analista de Operações SSMA ,"Avaliar as atividades se estão realizadas conforme padrão e projetos cadastrados no Autodoc de forma a garantir uma entrega com segurança, saúde e preservando meio ambiente. Suporte em casos de fiscalização internas e externas. Suporte para a equipe da fábrica no tocante de SSMA, ministrar treinamentos. Interface com área corporativa. Gestão de TST, indicadores, documental e promover campanhas de SSMA.&nbsp;Responsabilidades e atribuiçõesMinistrar treinamento para novos TSTs e equipe da engenharia&nbsp;com detalhamento das rotinas, Análises de Riscos, ITs, POs e Ondas de SSMA. Ministrar reunião/treinamento com terceiros abordando o tema de SSMA definido em cronograma, apresentar os dados de acidentes e atualização de procedimentos.Executar as campanhas de SSMA seguindo o cronograma anual (exemplo SIPAT, Novembro Azul, Outubro Rosa, Dia Nacional de Prevenção de Acidentes e outros).Montar composição da brigada de incêndio para as obras da fábrica, garantir o treinamento externo e manter os certificados arquivados em rede para apresentar caso de auditoria.Investigar todos os acidentes ocorridos nas obras (Emissão de CAT, cadastro no portal de SSO, verificação das medidas de controle, acompanhamento do acidentado até o retorno).Participar das reuniões de comunicação Regular N3 – GGO, quando necessário interação e suporte em itens de SSMA, exemplo acidente, avaliação de cenários crítico, documentação de segurança.&nbsp;Analisar com os GGOS os cartões de segurança das obras, definindo o prioritário para ser levado para o comitê regional.Realizar as reuniões regulares com o TST, avaliando plano de ação e andamento, afim de atingir a meta proposta para o projeto. Suporte técnico para obras com interface de MA corporativo.Suporte para GGOs nos itens apresentados para o GRO. Ajudar na explicação e detalhes técnicos do cartão de SSMA da sua respectiva fábrica.Avaliar a solicitação/notificação, pesquisar e entregar a documentação no prazo estabelecido.Entregar documentos de SSMA (PGR. PCMSO, PGRCC e CPO) e sinalizar os riscos mais crítico do respectivo canteiro e medidas de controleValidar projeto de logística da obra no tocante a SSMA: Dimensionamento de área vivência e Baia de resíduos, risco de trabalho sobreposto, caminho seguro, acesso de caminhões, isolamento periférico e outros perigos de acidentes.Ajustar os itens de segurança do grupo 16: Verificar materiais e suas respectivas quantidades a serem utilizadas no canteiro de obras.Manter atualizado o cadastro de profissionais do SESMT no site do M T E.Conduzir o processo eleitoral da CIPA, reuniões mensais, cadastro no cervello das estabilidades, treinamento, lançamento das atas e todo processo eleitoral no portal.Verificar cumprimento das premissas de segurança, conforme manual de operação dos equipamentos críticos (guindaste, grua, cremalheira, andaime suspenso, compressores e máquinas auto motorizadas).Atualizar e apresentar os indicadores do PEF da categoria de SSMA para o GGO na reunião de SSO da fábrica.Avaliar as obras em relação aos procedimentos de SSMA conforme relatório de auditoria disponível no autodoc. Lançar no portal os itens conformes e não conformes, com as fotos e anexar cópia do relatório assinada pelo auditor e gestores.Compilar os indicadores da fábrica e colocar as evidencias na rede SSO corporativo (Cartões de condição e comportamento de risco, atividades dos TST, ACA e ASA, ondas de procedimento de MA e SSO, planilha de advertências.Revisar projetos dos EPCs de suas respectivas fábricas, solicitar atualização ou novos projetos para o book.Revisar EPIs de suas respectivas fábricas, solicitar testes de novos produtos, levando em consederação qualidade e preço.Requisitos e qualificaçõesEnsino superior preferencialmente em ENGENHARIA CIVIL / ENGENHARIA DE PRODUÇÃO / ENGENHARIA MEIO AMBIENTE.Pacote officeExperiência em leitura de projetosConhecimento básico da legislação brasileira de segurança e saúdeDesejável - Atuação como Técnico de SegurançaInformações adicionaisDay off de aniversário;Vale refeição e vale transporte;Plano de saúde e odontológico (opcional);Convênio Farmácia;Seguro de vida;Wellhub - (Gympass);Previdência Privada;Bônus anual;Auxílio creche até os 2 anos do bebê para mulheres;Adicional de 1 mês de licença maternidade não remunerada (opcional);Licença paternidade estendida;Programa Viva Bem Tenda;Plataformas Educacionais;Emenda de feriados (desconto em banco de horas);Dress code flexível.",Construtora Tenda,banco de talentos,Rio Grande do Sul,presencial
Analista de desenvolvimento SCADA | Elipse (Pleno),"A Automa está crescendo e se desenvolvendo cada vez mais! Nós já superamos os limites das fronteiras de nosso país e agora precisamos de mais profissionais comprometidos e apaixonados por criar tecnologias de excelência, e soluções inovadoras para empresas de energia ao redor do mundo.&nbsp;Aqui temos o compromisso de zelar uns pelos outros e cuidar para que nossos colegas sempre se sintam acolhidos em suas necessidades e dúvidas. Com uma alta confiança em nossos colaboradores, fazemos questão de manter um clima amigável e leve no dia a dia do trabalho.&nbsp;Que tal fazer parte desse time e ser uma de nossas potências?&nbsp;⚡⚡Sua missão como Analista de desenvolvimento SCADA | ElipseEstamos em busca de Analistas de Desenvolvimento SCADA (Supervisory, Control and Data Acquisition), com expertise em sistemas Elipse, para integrar nossos times.Nessa posição, você terá a oportunidade de desempenhar um papel fundamental no desenvolvimento, testes e implementação de sistemas SCADA, que sustentam as nossas operações no setor de energia fotovoltaica.Responsabilidades e atribuiçõesQual será o seu desafio na Automa?&nbsp;# Desenvolver aplicações SCADA utilizando a plataforma ELIPSE para otimizar a supervisão e o controle de ativos de energia fotovoltaica;# Colaborar com equipes internas para entender as necessidades operacionais e transformá-las em soluções práticas e funcionais para o time;# Integrar diversos dispositivos de campo, como&nbsp;Program Logic Controller&nbsp;(PLCs), Real Time Units (RTUs) e&nbsp;Intelligent Electronic Devices&nbsp;(IEDs), para garantir a coleta precisa e em tempo real dos dados operacionais;# Projetar IHMs&nbsp;intuitivas e com alta performance que forneçam informações cruciais aos operadores de forma clara e acessível;# Realizar testes de aceitação em fábrica (TAF) e em campo (TAC) rigorosos para garantir a qualidade e a confiabilidade das soluções SCADA desenvolvidas.&nbsp;Requisitos e qualificaçõesRequisitos necessários:&nbsp;# Graduação em Engenharia Elétrica, Engenharia de Controle e Automação, Ciência da Computação ou áreas correlatas;# Experiência no desenvolvimento de sistemas SCADA, com ênfase em Elipse (E3 ou Power);# Compreensão dos principais protocolos de comunicação do setor de energia, tais como: OPC, Modbus, DNP3, MMS, Goose, IEC 60870-5-104, entre outros;# Habilidades para analíticas para resolução de problemas, identificando inovação e melhorias dos sistemas;# Habilidades de comunicação para interagir com nossos times e com nossos clientes.Não é obrigatório, mas o conhecimento será considerado um diferencial:# Conhecimento em linguagens de programação (VBScript, XML) e lógica de controle;# Conhecimento em Elipse Plant Manager (EPM) e VBScript;# Compreensão das especificidades do setor de energia elétrica (fotovoltaica) e familiaridade com padrões e regulamentos relevantes;# Experiência na análise e aplicação de arquiteturas de nível de controle, tanto em operação local como em centros de operação;# Excel e conhecimento em VBA;# Conhecimento em Banco de Dados Relacionais (SQL, Oracle, entre outros);# Redes e infraestrutura de&nbsp;comunicação&nbsp;.Informações adicionaisInformações adicionais sobre a oportunidade:# Para essa posição é necessário disponibilidade para viagens de acordo com as necessidades da área;Conheça nossos benefícios:# Plano de saúde e odontológico;# Auxílio-alimentação, pago em cartão flexível;# Auxílio-creche;# Gympass;# PLR;# Seguro de Vida;# Universidade Automa;# Apoio em certificações Elipse;# Benefício para cursos de idioma;# Vale Solidariedade, para apoio em causas sociais;# Vale Farra, para integração de pessoas;# E muito mais!",Automa,CLT,São Paulo,híbrido
Analista de Operações Júnior ,"A Central IT tem como propósito, “Inspirarr Pessoas e Impactar Negócios”, e isso diz muito sobre quem somos.O que você acha de trabalhar em uma empresa focada em promover a inovação, atuando com um time dinâmico e dedicado, que valoriza o seu conhecimento para te ajudar a crescer?Se isso é o que faz os seus olhos brilharem, chegou o seu momento de se tornar um #citlover!Como descrever o nosso #citlover?Para ser um colaborador aqui na Central, você deve ser aquela pessoa sagaz, com perfil de Transformação Digital, com sede de conhecimento e inovação, que busca sempre dar o seu melhor para entregar resultados e compartilhar experiências.Responsabilidades e atribuiçõesAqui na Central, você será responsável por:Tratar e finalizar os atendimentos não concluídos no 1º nível de atendimento;Elaborar o conteúdo das bases de conhecimento utilizadas pelos operadores da Central de Relacionamento do MDS, para validação pelo 3º Nível/Área Técnica;Monitorar os atendimentos prestados aos(às) demandantes do MDS pelos operadores da CR;Analisar dados e informações e a partir deles prestar suporte aos Analistas II;Acompanhar o trabalho desenvolvido e prestar suporte ao 1º nível de atendimento.Requisitos e qualificaçõesQuais requisitos você precisa ter?Hard skills:Cursando nível superior; Conhecimentos básicos de informática;Capacidade para expressar-se com clareza e objetividade, tanto por meio de linguagem escrita quanto falada;Capacidade apurada para concentrar-se na execução do trabalho e ter conhecimento de língua portuguesa e redação oficial;&nbsp;Soft skills:&nbsp;Disposição para a execução das tarefas rotineiras;Proatividade no desempenho das atividades da equipe;Capacidade de coleta de dados: saber como e de onde colher dados e informações necessárias à melhoria da prestação dos serviços.&nbsp;Informações adicionaisE quais são os benefícios?🏥 Qualidade de vida, com planos de saúde e odontológico;👩‍⚕️ Programas de saúde e bem-estar;🍛 Boa alimentação, com vale alimentação ou refeição;🚍 Mobilidade para ir e vir, com vale transporte ou auxílio combustível;💲 Reconhecimento com bonificação variável por resultados;📚 E o incentivo à inovação, com o nosso programa de treinamentos;Na Central IT todas as pessoas são bem-vindas! Sem distinção de gênero, orientação sexual, etnia, cultura, religião, deficiência e etc. 💙E aí, o que acha do desafio? Está pronto para fazer parte da #empresadoabraco?Então chega mais, que estamos de braços abertos para te receber. Venha ser um #citlover!Quem nós somos e o que fazemos?&nbsp;Uma empresa à frente do seu tempo, com tamanho de multinacional e cabeça de startup. Somos a Central IT, referência no mercado de tecnologia desde 2004, buscando sempre inovar para impactar pessoas e negócios.&nbsp;&nbsp;O nosso compromisso é facilitar a sua relação com a tecnologia, trazendo o amanhã para hoje. Nós entendemos que a transformação digital é algo que deve impactar não somente os nossos clientes, mas também os clientes deles. Por isso, desenvolvemos ambientes inovadores para acolher a todos nos mercados público e privado.",Central IT,banco de talentos,Distrito Federal,presencial
Analista de Dados | Guararapes ,"Aqui na Riachuelo a gente se conecta com você! #VemSerRCHLOVER 🚀❤️Existimos para conectar desejos a realizações. E você escolher a Riachuelo para fazer a sua carreira acontecer é uma realização para a gente!Aqui, nossos mais de 36 mil RCHLOVERS encontram o melhor ambiente para se transformarem e se desenvolverem junto com a gente. Afinal, somos moda, varejo, tech, logística, financeira, indústria e a maior empresa de moda da América Latina! ♥Vamos juntos construir o maior ecossistema de moda, lifestyle e produtos financeiros do Brasil!Nosso time da Guararapes Natal está em busca de um Analista de Dados, para compor a equipe!♿ Lembramos que nossas oportunidades são para todos. Na Riachuelo, você encontra um ambiente diverso, com respeito e empatia, em que cuidamos dos RCHLOVERS.Responsabilidades e atribuiçõesOs desafios da função são:Habilidade de relacionamento com cliente para negociação de demandas e levantamento de requisitos.Análise de dados de dados para planejamento industrial;Elaboração de dashboards, relatórios, apresentações e indicadores.Manutenção e melhorias em recorrência com VBA.O seu perfil será avaliado no processo seletivo.Requisitos e qualificaçõesÉ muito importante que você tenha e/ou saiba:Ensino superior completo em Ciência da Computação, Sistemas de Informação, Engenharia ou áreas correlatas.Conhecimento avançado em Excel avançado, Power BI, VBA e Banco de dados.Programação DAX, SAS/ou SQL, Phyton, R.Informações adicionaisE quais são os benefícios?Plano de carreira;Assistência Médica;Seguro de vida em grupo (opcional);Refeitório;Transporte interno da empresa - rotaGympass;Descontos em faculdades, escolas de idiomas e academias;Desconto em assistência odontológica (opcional);Descontos em compras na Riachuelo.&nbsp;&nbsp;&nbsp;&nbsp;&nbsp;&nbsp;Após sua contratação, verificar informações sobre o acordo coletivo/política vigente.Informações complementares:&nbsp;&nbsp;&nbsp;Regime de contratação:&nbsp;CLT (Efetivo);Local de Trabalho: Guara, Natal - RN.Para conhecer todos os nossos benefícios, acesse www.riachuelo.com.br/carreirasCurtiu? Então candidate-se agora!#VemSerRCHLOVER",Riachuelo ,CLT,Rio Grande do Norte,presencial
Analista de Infraestrutura de Redes,"Aqui na Nelogica, desenvolvemos tecnologias e pessoas de alta performance com o propósito de transformar o futuro do mercado financeiro! 🚀💚💙Você tem sede de desafios e está a fim de fazer parte de um time que busca a excelência, impactando diretamente milhares de usuários?A missão do nosso núcleo de Redes é a implementação e manutenção de toda a estrutura de conectividade e datacenters da Nelogica, mantendo a nossa conectividade com provedores de dados e parceiros que utilizam nossas soluções, buscando sempre a maior estabilidade, disponibilidade, resiliência e desempenho do ambiente da nossa infraestrutura.Os principais desafios desta posição serão:Planejar e executar configurações em ambientes de Firewall, Roteadores e Switches;Manter, planejar e otimizar o roteamento do backbone da rede;Atuar em conjunto com núcleos da equipe de Datacenter para manutenção e sustentação do ambiente;Realizar monitoramento do ambiente e atuar em incidentes e ações críticas;Auxiliar parceiros (internos e externos) em questões que envolvam a conectividade do ambiente.O que é essencial que você apresente:Disponibilidade para atuar em modelo 100% presencial no nosso escritório de Porto Alegre;Ensino superior completo ou em andamento em Ciência da Computação, Engenharia de Computação, Sistemas de Informação, Redes de Computadores ou áreas afins;Experiência com configuração e gerência de ambientes de redes complexos, TCP/IP, protocolos de roteamento como BGP e OSPF, VLANs e STP e redes Multicast;Conhecimento em monitoramento de rede (Zabbix, PRTG e/ou Nagios);Certificação CCNA/JNCIA ou equivalente;Disponibilidade para execução de eventuais janelas críticas aos sábados e fora de horário comercial.O que é um diferencial:Certificações Cisco CCNP (ou equivalente), Fortinet NSE4 (ou superior);Vivência em ferramentas de infraestrutura como código;Experiência com Firewalls Fortigate e Fortianalyzer;Experiência com infraestrutura de redes de Cloud (AWS, GCP, Oracle, Azure);Sólida experiência com ambientes de Telecom.Informações adicionaisConsideramos como diferenciais experiências complementares além da atuação profissional, como o envolvimento acadêmico (PETs, mentorias, cursos, competições etc), ou envolvimento em comunidades de sua área de atuação, trabalho voluntário entre outros. 😉Além disso, por aqui jogamos juntos para promover um ambiente cada dia mais inclusivo, que valoriza todas as trajetórias independentemente de gênero, orientação sexual, raça, etnia ou deficiência.#LI-DNI",Nelogica,CLT,Rio Grande do Sul,presencial
Pessoa Analista de Politicas de Crédito Sr | Vaga afirmativa para Mulheres 🚀🧡 ,"Atuar na gestão das políticas de crédito para autorizações de cartões de créditoResponsável por criar Estratégias de Crédito Realizar Análise de Crédito Massificado.Possui foco em AnalyticsExperiência com grande volume de dados para construir, analisar e montar estratégias de crédito.Modelo de trabalho: Híbrido com escalaResponsabilidades e atribuiçõesAtuar na construção e otimização das políticas e processos de créditoPropor o uso de novas variáveis e modelos/clusterização dos públicosGestão de risco de crédito e projeção dos indicadores de inadimplência e rentabilidade do produtoGestão e controle da rentabilidade e suas alavancasMindset ágil nas análises proporcionando um test and learning com foco em entregas de valor para o negócio.Requisitos e qualificaçõesPossuir profundidade nas Tecnologias:  SQL, PYTHON, SAS, AWS, Powerpoint, Excel.Competências: Atitude de dono, Capacidade analítica, Colaboração, Comunicação verbal, Foco em resultados, Gestão de risco , Indignação construtiva, Motivação em aprender coisas novas, Organização, Proatividade, Raciocínio Lógico, Senso Crítico, Trabalho em equipe.Competências Técnicas: Análise de crédito, Metodologia de projetos ágeis, Gestão de projetos, Gestão de resultados, Elaboração de apresentaçõesInformações adicionaisBenefíciosVale-RefeiçãoVale-TransporteVale-AlimentaçãoAuxílio CrecheAssist. MédicaAssist. OdontológicaSeguro de vidaConvênio com o Gympass e Totalpass;Convênio com a Univers (Drogasil e Droga Raia);Visitas, reservas e hospedagem no Itaú Unibanco Clube (Guarapiranga, Itanhaém e São Sebastião);Programa IUPP (vantagens e descontos em lojas e serviços de diversos parceiros no Brasil e na América Latina);Check-up Anual (Colaboradores +40)&nbsp;Programa Fique OK",Itaú Unibanco,CLT,São Paulo,híbrido
ANALISTA COMERCIAL SR,"Comercial especializado em vendas de serviços com foco em operações de armazenagem e movimentação interna (Warehaouse e Inhouse), visando aumentar o faturamento da organização, sempre mantendo o foco no cliente.Responsabilidades e atribuições• Prospectar novos clientes para os serviços da Yamalog;&nbsp;&nbsp;&nbsp;&nbsp;&nbsp;&nbsp;&nbsp;&nbsp;&nbsp;&nbsp;&nbsp;&nbsp;&nbsp;&nbsp;&nbsp;&nbsp;&nbsp;&nbsp;&nbsp;&nbsp;&nbsp;&nbsp;&nbsp;&nbsp;&nbsp;&nbsp;&nbsp;&nbsp;&nbsp;&nbsp;&nbsp;&nbsp;&nbsp;&nbsp;&nbsp;&nbsp;&nbsp;&nbsp;&nbsp;&nbsp;&nbsp;&nbsp;&nbsp;&nbsp;&nbsp;&nbsp;&nbsp;&nbsp;&nbsp;&nbsp;&nbsp;&nbsp;&nbsp;&nbsp;&nbsp;&nbsp;&nbsp;&nbsp;&nbsp;&nbsp;&nbsp;&nbsp;&nbsp;&nbsp;&nbsp;&nbsp;&nbsp;&nbsp;&nbsp;&nbsp;&nbsp;&nbsp;&nbsp;&nbsp;&nbsp;&nbsp;&nbsp;&nbsp;&nbsp;&nbsp;&nbsp;&nbsp;&nbsp;&nbsp;&nbsp;&nbsp;&nbsp;&nbsp;&nbsp;&nbsp;&nbsp;&nbsp;&nbsp;&nbsp;&nbsp;&nbsp;&nbsp;&nbsp;• Realizar visitas comerciais;&nbsp;&nbsp;&nbsp;&nbsp;&nbsp;&nbsp;&nbsp;&nbsp;&nbsp;&nbsp;&nbsp;&nbsp;&nbsp;&nbsp;&nbsp;&nbsp;&nbsp;&nbsp;&nbsp;&nbsp;&nbsp;&nbsp;&nbsp;&nbsp;&nbsp;&nbsp;&nbsp;&nbsp;&nbsp;&nbsp;&nbsp;&nbsp;&nbsp;&nbsp;&nbsp;&nbsp;&nbsp;&nbsp;&nbsp;&nbsp;&nbsp;&nbsp;&nbsp;&nbsp;&nbsp;&nbsp;&nbsp;&nbsp;&nbsp;&nbsp;&nbsp;&nbsp;&nbsp;&nbsp;&nbsp;&nbsp;&nbsp;&nbsp;&nbsp;&nbsp;&nbsp;&nbsp;&nbsp;&nbsp;&nbsp;&nbsp;&nbsp;&nbsp;&nbsp;&nbsp;&nbsp;&nbsp;&nbsp;&nbsp;&nbsp;&nbsp;&nbsp;&nbsp;&nbsp;&nbsp;&nbsp;&nbsp;&nbsp;&nbsp;&nbsp;&nbsp;&nbsp;&nbsp;&nbsp;&nbsp;&nbsp;&nbsp;&nbsp;&nbsp;&nbsp;&nbsp;&nbsp;&nbsp;&nbsp;&nbsp;&nbsp;&nbsp;&nbsp;&nbsp;&nbsp;&nbsp;&nbsp;&nbsp;&nbsp;&nbsp;&nbsp;&nbsp;&nbsp;&nbsp;&nbsp;&nbsp;&nbsp;&nbsp;&nbsp;&nbsp;&nbsp;&nbsp;&nbsp;&nbsp;&nbsp;&nbsp;&nbsp;&nbsp;&nbsp;&nbsp;&nbsp;&nbsp;&nbsp;&nbsp;&nbsp;&nbsp;&nbsp;&nbsp;&nbsp;&nbsp;&nbsp;&nbsp;• Controlar dados referente a elaboração da proposta comercial para equipe de pricing;• Negociar preços e prazos;• Manter o relacionamento com o cliente;• Gerenciar indicadores de vendas;• Atuar na resolução de problemas das operações dos clientes;• Auxiliar as áreas nas tratativas comerciais com os clientes;• Mapear melhorias nas atividades comercial;• Auxiliar a organização e limpeza do Escritório (5S);• Cumprir normas e procedimentos da área;• Cumprir as normas e procedimentos, atendendo objetivos e metas da Política da Qualidade (ISO 9001) e do Sistema de Gestão Ambiental (ISO 14001), e LGPD.&nbsp;&nbsp;&nbsp;&nbsp;&nbsp;&nbsp;&nbsp;&nbsp;&nbsp;&nbsp;&nbsp;&nbsp;&nbsp;&nbsp;&nbsp;&nbsp;&nbsp;&nbsp;&nbsp;&nbsp;&nbsp;&nbsp;&nbsp;&nbsp;&nbsp;&nbsp;&nbsp;&nbsp;&nbsp;&nbsp;&nbsp;&nbsp;&nbsp;&nbsp;&nbsp;&nbsp;&nbsp;&nbsp;&nbsp;&nbsp;&nbsp;&nbsp;&nbsp;&nbsp;&nbsp;&nbsp;&nbsp;&nbsp;&nbsp;&nbsp;&nbsp;&nbsp;&nbsp;&nbsp;&nbsp;&nbsp;&nbsp;&nbsp;&nbsp;&nbsp;&nbsp;&nbsp;&nbsp;&nbsp;&nbsp;&nbsp;&nbsp;&nbsp;&nbsp;&nbsp;&nbsp;&nbsp;&nbsp;&nbsp;&nbsp;&nbsp;&nbsp;&nbsp;&nbsp;&nbsp;• Participar do programa de sensibilização e do Sistema de Gestão Ambiental em geral.Requisitos e qualificaçõesEscolaridade: Ensino Superior completo;Tempo de Experiência Desejável: 04 anos.Cursos Complementares Desejáveis: Pacote Office avançado.Conhecimentos Adicionais Desejáveis: Vivencia em área de Warehouse.Informações adicionais",Grupo Yamaha Brasil,CLT,São Paulo,híbrido
Pessoa Analista de Produtos Pleno - Viagens,"Se você procura uma empresa com ambiente inovador e desafiador, que incentiva criatividade e autonomia para ultrapassar barreiras e conquistar resultados, você poderá juntar-se ao nosso time de #LoucosPorPontos! As nossas soluções de incentivos e fidelização incluem centenas de milhares de produtos e serviços, e os nossos profissionais são parte central do ecossistema da Livelo – verdadeiros agentes realizadores do nosso propósito e visão: somamos felicidade às escolhas do dia a dia para oferecer, para cada pessoa, a melhor recompensa.Todas nossas vagas abertas são para todas as pessoas independente de gênero, idade, etnia, raça, orientação sexual ou deficiência.Missão do cargo:Ser Product Owner responsável por uma das squads de viagens da Livelo, garantindo o funcionamento das principais plataformas que temos com parceiros de viagens. Será responsável por encontrar oportunidades que tragam maior eficiência e rentabilidade nestas plataformas alavancando cada vez mais a utilização de viagens dentro da Livelo.Responsabilidades e atribuiçõesGestão da squad junto ao teach lead;Garantir as entregas dentro do previsto, com as melhores práticas e melhor experiência frente ao pilar de atuação (Viagens);Mapeamento de dores, oportunidades e validações de hipótesesAcompanhamento de todos os itens entregues olhando os dados e buscando por melhorias constantes que gerem valor para o nosso cliente e negócio;Realizar frente com diversas outras áreas da companhia – Performance, Comercial, Operações, SER, Canais, Design, CRM, entre outras - solicitando e acompanhando as iniciativas que contribuam para as necessidades da squad, com visão 360º;Assegurar as jornadas do usuário nos fluxos responsáveis (navegação entre fluxos, conversão mapa de calor, scroll, total de telas por usuário, gravações de sessões);Acompanhamento de NPS e indicadores de atendimento referente aos fluxos específicos e indicadores de negócios (Contatos, cancelamento, alterações, entre outros).Requisitos e qualificaçõesFormação superior completa em Publicidade e Propaganda, Marketing, Administração ou áreas correlacionadas;Construção de produtos digitais (site e aplicativo);Atuação como PO – APM;Metodologia ágil e seus frameworks (Scrum e Kanban);&nbsp;Habilidades:&nbsp;Facilidade em interação com equipe cross;Organização e priorização enquanto atua em projetos simultâneos de tamanho e complexidade variados;Criatividade, inovação, negociação e protagonismo;Perfil analítico para realizar o acompanhamento do resultado dos entregáveis.Informações adicionaisAmbiente de trabalho criativo, desafiador e descontraído reconhecido como uma das melhores empresas para se trabalhar pela GPTW 2023;Salário &amp; Benefícios compatíveis com as melhores práticas do mercado;Horário flexível &amp; Happy Friday;Investimentos em desenvolvimento e reconhecimento por mérito.Modelo de trabalho híbrido.Conheça mais em https://livelo.com.br/",Livelo,CLT,São Paulo,híbrido
ANALISTA DE T.I PLENO (SISTEMAS CORPORATIVOS),"Sobre a CONTAXUma das maiores empresas do Brasil em soluções para gestão de relacionamento com o consumidor CRM (Client Relationship Management) e BPO (Business Process Outsourcing).A Companhia atua de maneira integrada, oferecendo soluções on-line e off-line, que acompanham a jornada do consumidor.Adicionalmente, a CONTAX presta serviços de Tecnologia de Informação e Comunicação, desde o desenvolvimento de projetos e soluções até o outsourcing parcial ou completo do ambiente tecnológico de uma central de atendimento.Vem fazer parte desse time!Somos uma empresa inclusiva, plural e norteada por princípios bem definidos. Das contratações de PCDs à criação de ações sustentáveis que fomentem as melhores práticas de mercado, a Contax investe em uma cultura de valorização das pessoas e respeito às diferenças.Responsabilidades e atribuiçõesIMPRESCINDÍVEL EXPERIÊNCIA MÍNIMA DE 1 ANO EM ÁREA ADMINISTRATIVA, RH OU FINANCEIRA;O Analista atuará na área de TI realizando atendimento e suporte às áreas internas como Dp, Rh ou Backoffice utilizando ferramenta de chamado interna (SolvianDesk). Atendimentos para esclarecimento de dúvidas, apoio em projetos de migração ou novas integrações e customizações, criação de relatórios, incidentes e apoio em geral na utilização das ferramentas corporativas e ao sistemas Totvs RM.	Requisitos e qualificaçõesDesejável conhecimento de nível intermediário à avançado em excel ou quaisquer outras ferramentas de análise de dados. Conhecimento no sistema Totvs RM será um diferencial. Flexibilidade e disposição para aprender é imprescindível. Trabalho em equipe e boa comunicação é desejável.	 Informações adicionaisEscala de trabalho: 5X2Salário: R$ 4.000,00Cidade: São Paulo/SPBenefícios: Vale transporte, Vale alimentação, Seguro de Vida, Assistência médica, Assistência odontológica, Plano de Carreira.",CONTAX,CLT,São Paulo,presencial
 Analista de Recrutamento e Seleção JR,"Descrição:Atma está em busca de um Analista de Recrutamento e Seleção para se juntar à nossa equipe em expansão. Nesta posição, você será responsável por identificar, atrair e selecionar talentos para nossa empresa, além de conduzir entrevistas e avaliações de candidatos.Responsabilidades e atribuiçõesResponsabilidades:* Identificar e atraí-los talentos para a empresa, utilizando diferentes canais e estratégias de recrutamento.* Selecionar e avaliar candidatos, conduzindo entrevistas e avaliações de desempenho.* Manter atualizado o banco de dados de candidatos e colaboradores.* Acompanhar o processo de admissão e demissão de colaboradores, garantindo o cumprimento das leis trabalhistas e de segurança do trabalho.* Trabalhar em equipe com outros membros da equipe de RH para garantir o sucesso dos processos de R&amp;S.* Manter-se atualizado sobre as tendências e melhores práticas em R&amp;S.Requisitos e qualificaçõesRequisitos:* Experiência sólida em Recrutamento e Seleção (R&amp;S), com vivência abrangente em todos os processos relacionados à admissão e demissão de colaboradores.* Habilidade em identificar, atrair e selecionar talentos, além de conduzir entrevistas e avaliações de candidatos.* Conhecimento em leis trabalhistas e de segurança do trabalho.* Experiência em trabalho remoto é desejável, mas não obrigatório.* Habilidade em trabalhar em equipe e comunicar-se eficazmente com diferentes níveis de hierarquia.* Capacidade de multitarefa e gerenciar prioridades em um ambiente de rápida mudança.* Conhecimento em ferramentas de RH e tecnologia relacionada é um diferencial.Informações adicionaisBeneficios :Vale transporteVale Refeição / AlimentaçãoAssistencia médicaAssistencia OdondologicaSeguro de Vida",CONTAX,CLT,São Paulo,presencial
Analista de Qualidade Pleno,"Elaborar e implementar procedimentos e instruções de trabalho para assegurar os processos da qualidade, acompanhando as atividades dos laboratórios e processos, emitindo laudos de testes, efetuar inspeções/auditorias internas nos processos, manter os arquivos e informações da área de qualidade atualizadas, a fim de assegurar a confiabilidade dos resultados.Responsabilidades e atribuições- Realizar testes de viabilidade e esterilidade do laboratório microbiológico, análise de controle de qualidade e microbiológica ambiental, identificar microrganismos, registro e emissão de laudo dos testes. Inspecionar os processos de boas práticas de fabricação e produtivos, acompanhando a evolução das inspeções e comunicar os envolvidos;- Consultar fornecedores, solicitar cotações, inserir requisição de compra no sistema e emitir pedido de pagamento;- Acompanhar testes efetuados pelo controle de qualidade e testes realizados pela produção. Emitir relatório para envolvidos. Participar de implementação e manutenção de programas de qualidade;- Criar e revisar planos de controle de qualidade com base nas especificações de materiais, planos de amostragem e procedimentos vigentes. Efetuar a verificação e correção de estornos de lotes e materiais no sistema quando necessário;- Realizar inspeções/auditorias internas, gestão dos planos de ação das auditorias. Acompanhar teste piloto, participar na investigação de desvios, não conformidades, reclamações de clientes, implementar ações corretivas, plano de melhoria e acompanhamento do plano de ação;- Avaliar as amostras do sac e emitir parecer de acordo com procedimentos estabelecidos. Capacitar os técnicos, fornecedores e terceiristas nos processos do controle de qualidade. Suportar o desenvolvimento de produtos na definição/revisão de especificações;- Realizar gestão do controle de pragas, análises externas, garantir a gestão das autuações do Inmetro e documentação da polícia federal, vigilância sanitária e exército;- Providenciar a coleta de dados e acompanhar os indicadores da área da qualidade. Participar do programa 5s;- Elaborar e revisar documentos relacionados às atividades dos laboratórios, operacionais e acompanhar os treinamentos técnicos;- Revisar documentos/procedimentos, elaborar instruções de trabalho e gerir os documentos do sistema de gestão;- Elaborar planilhas e relatórios relacionados com a manutenção do sistema Gestão;- Realizar gestão da calibração dos equipamentos de medição;- Dar suporte às atividades do sistema da qualidade na área de Logística e Distribuição;- Emitir laudos da inutilização e descarte;- Participar/conduzir avaliações de não conformidade nos processos produtivos, logística, clientes, reclamações de consumidores.Requisitos e qualificaçõesEnsino Superior Completo em Farmácia, Química, Engenharia e afins.Conhecimentos em Normas e procedimentos da qualidade, Estatística básica e noções de microbiologia, Confiabilidade metrológica e Análises instrumentais.Conhecimento intermediário em Excel, BI e SAP.Inglês Avançado será um diferencial. ",Savoy Indústria de Cosméticos SA,CLT,Goiás,presencial
201030 - SAO PAULO - ANALISTA VENDAS QUADROS ELETRICOS,"Responsável pela análise e aplicação das consultas recebidas dos clientes, elaboração de propostas e fechamento de pedidos objetivando atingir as metas de vendas do departamento.Responsabilidades e atribuiçõesAnalisar sistemas e ou projetos para definir a composição básica para a elaboração da proposta.Especificar e dimensionar os equipamentos de acordo com as especificações técnicas(quando fornecidas pelo cliente) e normas atinentes ao caso.Analisar consultas cuja configuração técnica não esteja plenamente definida e propor soluções técnicas adequadas a cada caso, visando atender tecnicamente os pré requisitos do projeto ou sistema, tendo em vista os aspectos econômicos .Supervisionar e orientar tecnicamente os orçamentistas, durante a elaboração das propostas.Manter contatos com clientes, tanto em visitas como por telefone, objetivando melhores e maiores informações técnicas sobre a consulta.Realizar constante atualização e reciclagem de conhecimentos técnicos a respeito dos produtos WEG, seu estágio tecnológico e programas de desenvolvimento e igualmente sobre equipamentos e componentes de terceiros e concorrentes.Acompanhar e supervisionar tecnicamente a elaboração da planificação para emissão do PI, com objetivo de que todas as informações técnicas do que foi vendido sejam enviadas com clareza a Projetos, a fim de que as especificações técnicas e necessidade do cliente seja plenamente atendidas.Manter contatos pessoais com empresas de engenharia com objetivo de divulgar a linha de produtos WEG, discutir detalhes a respeito de projetos, propor soloções técnicas, orientar na especificação de nossos produtos, efetuar apresentação técnica comercial de nossa proposta e mediar negociações.Manter contatos com clientes finais com objetivo de apresentar técnica e comercialmente nossa proposta e efetuar negociações.Manter contatos com clientes e empresas de engenharia objetivando conhecer as condições e situações dos novos projetos (ITC,etc) divulgar nossos produtos e obter o de acordo para nossa efetiva participação no negócio.Elaborar proposta técnicas e comerciais de pacotes de produtos engenheirados, inclusive concorrências públicas, tendo de analisar as especificações do cliente, verificando acessórios normais e especiais, características técnicas e comerciais, bem como,viabilidade de fornecimento;compor a proposta, detalhando características elétrica e mecânicas dos produtos, orçando preços, bem como apontando prazos de entrega, garantia, fórmula de reajuste, cartas de fiança, forma de pagamento e outros dados solicitados.Efetuar acompanhamento de propostas, visando a obtenção do pedido.Receber visitantes e acompanha los na fábrica durante sua estadia.Executar outras tarefas correlatas as acima descritas, de acordo com a solicitação dos superiores.Requisitos e qualificaçõesGrau de Instrução- Ensino Superior CompletoFormação Escolar- BACHARELADO ENGENHARIA ELÉTRICA- BACHARELADO ENGENHARIA ELETRÔNICA- BACHARELADO ENGENHARIA MECATRÔNICAHabilidades Pessoais- Facilidade Trabalho em Equipe- Iniciativa- Facilidade Comunicação- Persuasão- Motivação- Capacidade Analítica- OrganizaçãoConhecimentos Específicos- Informática Básico- Eletrotécnica Avançado- Aplicação Quadros ElétricosIdiomas- ESPANHOL INTERMEDIARIO- INGLES INTERMEDIARIOInformações adicionaisConvênio Médico, Odontológico, VT, Estacionamento no Local, VR e PLR.",WEG,CLT,São Paulo,presencial
Pessoa Analista Controle e Manutenção ,"Ser a Melhor Empresa de Saneamento PARA o Brasil. Nascemos em 2017 com esse compromisso. Desde então, estamos presentes em 39 municípios, com mais de 2,5 mil colaboradores, 6 milhões de clientes e o propósito de atuar da melhor forma para levar saneamento às populações atendidas, ajudando o país a alcançar a universalização dos serviços de água e esgoto. O saneamento básico no Brasil está no momento de transformação e marcado por novos projetos de expansão. Para o nosso time, buscamos pessoas protagonistas e dispostas a inovar, atuando como agentes transformadores em prol do nosso objetivo. Alinhado ao nosso DNA, queremos promover um ambiente de trabalho sustentável, desenvolvedor e seguro. Local de Atuação: Campo Grande – AL (Agreste Saneamento).Responsabilidades e atribuiçõesResponsável por realizar o planejamento e programação das atividades da manutenção eletromecânica;Realizar atividades administrativas na área de manutenção, controlar documentos, elaborar planilhas, dashboard's e controlar o arquivo de forma a facilitar o dia a dia das atividades da área;Garantir o planejamento e programação das atividades de manutenções programadas/ preventivas, visando o cumprimento dos planos de manutenção, mapa 52 semanas, das normas técnicas e de segurança vigentes e exigências do cliente;Desenvolver na plataforma Engeman e/ou correlatos, planos de manutenção, cronogramas, cadastro técnico de equipamentos, classificação de criticidades, atualização de acervo técnico dos equipamentos com descrições técnicas e métodos de manutenção e criação de ordens de serviço;Desenvolver atividades e melhorias para controle de estoque de materiais, requisições de compra e reserva de materiais no almoxarifado, cadastramento de fornecedores, solicitação de emissão de nota fiscal para transporte de equipamentos, entre outros;Desenvolver planilhas interativas de Excel, tabelas, dashboards que possibilitem a visualização de dados consolidados, quadro de gestão à vista, planejamento e controle da manutenção, envolvendo indicadores de desempenho, custos, distribuição de serviços, efetivo, entre outros;&nbsp;Conduzir e participar de reuniões técnicas de planejamento e programação de manutenção;Apoiar nos estudos de análise de falhas de ocorrências do setor;Prover suporte técnico as demais áreas.&nbsp;Requisitos e qualificaçõesEnsino Superior Completo em Administração, Engenharia ou áreas correlatas;Desejável: Domínio no Pacote Office 365, Excel Intermediário.Na Iguá Saneamento valorizamos a diferença em todos os contextos e trabalhamos para promover uma cultura ética e inclusiva sempre. Como companhia e time, buscamos a equidade e respeitamos todos os tipos de diversidade (Gênero, Deficiência - PcD, LGBTQIAPN+, Étnico racial, Crenças e Gerações). Venha fazer parte dessa mudança, acreditamos na força de cada individualidade para gerar transformação!Informações adicionaisSalário compatível com o mercado;Seguro de Vida;Plano de Saúde extensivo aos dependentes;Plano odontológico extensivo aos dependentes;Vale alimentação/refeição;Rede de benefícios e descontos;Serviço de telemedicina;Empréstimo Consignado;PLR",Iguá Saneamento,CLT,Alagoas,presencial
Pessoa Analista de Produtos Pleno  🧡🚀,"Vem ser Ituber &amp; vem fazer Itaú_O Itaú é a marca mais valiosa do Brasil, a melhor empresa para trabalhar segundo o Great Place to Work e o maior banco da América Latina. Nós impactamos diariamente mais de 60 milhões de clientes em 18 países. Somos feitos de pessoas e acreditamos que ter um quadro com pluralidade de origens, culturas, crenças, experiências, raças, deficiências, gêneros, orientações afetivo-sexuais e gerações ampliam as perspectivas e contribuem para um clima de respeito e valorização das diferenças. Não queremos você apenas por achar que tem a nossa cara. Queremos ter um pouco da sua também!O que você precisa para ser um Ituber?Estamos buscando pessoas que queiram se desenvolver e aprender constantemente, compartilhando, colaborando, inovando e entregando valor para todos os nossos clientes. Aqui a gente não sabe tudo, a gente vai de turma_Responsabilidades e atribuições·&nbsp;&nbsp;&nbsp;&nbsp;&nbsp;&nbsp;&nbsp;Apoiar na identificação e implementação de estratégias do produto e do negócio·&nbsp;&nbsp;&nbsp;&nbsp;&nbsp;&nbsp;&nbsp;Trabalhar de forma colaborativa com time de tecnologia e design·&nbsp;&nbsp;&nbsp;&nbsp;&nbsp;&nbsp;&nbsp;Apoiar na estruturação do roadmap de produtos, apoiando na identificação e priorização de novos produtos/serviços/melhorias na jornada.&nbsp;·&nbsp;&nbsp;&nbsp;&nbsp;&nbsp;&nbsp;&nbsp;Garantir que o backlog do produto seja visível, transparente e claro para todos·&nbsp;&nbsp;&nbsp;&nbsp;&nbsp;&nbsp;&nbsp;Fazer uso e gestão dos dados, OKRs,&nbsp;feedbacks do cliente e reviews·&nbsp;&nbsp;&nbsp;&nbsp;&nbsp;&nbsp;&nbsp;Participar de pesquisas e visitas ou entrevistas com clientes·&nbsp;&nbsp;&nbsp;&nbsp;&nbsp;&nbsp;&nbsp;Desenhar experimentos (testes A/B), analisar resultados e incorporar os aprendizados·&nbsp;&nbsp;&nbsp;&nbsp;&nbsp;&nbsp;&nbsp;Acompanhar e monitorar o desempenho do produto e das novas iniciativas através da gestão de dados e indicadores para buscar melhoria contínua·&nbsp;&nbsp;&nbsp;&nbsp;&nbsp;&nbsp;&nbsp;Realizar a gestão de processos do operacional do produto, incidentes, eventos e problemas·&nbsp;&nbsp;&nbsp;&nbsp;&nbsp;&nbsp;&nbsp;Comunicar e auxiliar no engajamento dos stakeholders, parceiros e demais áreas envolvidas de forma contínua·&nbsp;&nbsp;&nbsp;&nbsp;&nbsp;&nbsp;&nbsp;Avaliar riscos regulatórios e fornecer orientação sobre adaptações de produtos·&nbsp;&nbsp;&nbsp;&nbsp;&nbsp;&nbsp;&nbsp;Olhar ativo para o mercado e necessidade dos clientesRequisitos e qualificaçõesEnsino superior completo em: •&nbsp;&nbsp;&nbsp;&nbsp;&nbsp;&nbsp;&nbsp;Publicidade•&nbsp;&nbsp;&nbsp;&nbsp;&nbsp;&nbsp;&nbsp;Marketing e Propaganda•&nbsp;&nbsp;&nbsp;&nbsp;&nbsp;&nbsp;&nbsp;Administração•&nbsp;&nbsp;&nbsp;&nbsp;&nbsp;&nbsp;&nbsp;Engenhariaou áreas correlatasConhecimento técnico:•&nbsp;&nbsp;&nbsp;&nbsp;&nbsp;&nbsp;&nbsp;Excel•&nbsp;&nbsp;&nbsp;&nbsp;&nbsp;&nbsp;&nbsp;Power Point•&nbsp;&nbsp;&nbsp;&nbsp;&nbsp;&nbsp;&nbsp;Google Analytics•&nbsp;&nbsp;&nbsp;&nbsp;&nbsp;&nbsp;&nbsp;Quicksight&nbsp;Habilidades:•&nbsp;&nbsp;&nbsp;&nbsp;&nbsp;&nbsp;&nbsp;Conhecimento de ágil•&nbsp;&nbsp;&nbsp;&nbsp;&nbsp;&nbsp;&nbsp;Trabalho em equipe•&nbsp;&nbsp;&nbsp;&nbsp;&nbsp;&nbsp;&nbsp;Colaboração•&nbsp;&nbsp;&nbsp;&nbsp;&nbsp;&nbsp;&nbsp;Comunicação•&nbsp;&nbsp;&nbsp;&nbsp;&nbsp;&nbsp;&nbsp;Técnicas de desenvolvimento de produto (Discovery ao delivery)•&nbsp;&nbsp;&nbsp;&nbsp;&nbsp;&nbsp;&nbsp;Conhecimento em User ExperienceInformações adicionaisBenefíciosVale-RefeiçãoVale-TransporteVale-AlimentaçãoAuxílio CrecheAssist. MédicaAssist. OdontológicaSeguro de vidaConvênio com o Gympass e Totalpass;Convênio com a Univers (Drogasil e Droga Raia);Visitas, reservas e hospedagem no Itaú Unibanco Clube (Guarapiranga, Itanhaém e São Sebastião);Programa IUPP (vantagens e descontos em lojas e serviços de diversos parceiros no Brasil e na América Latina);Check-up Anual (Colaboradores +40)&nbsp;Programa Fique OKEstamos em constante transformação e esperamos que você nos ajude nessa jornada!Se identificou? Quer fazer parte do nosso time? Inscreva-se no nossa oportunidade.#vemproItaúO Itaú irá utilizar os dados fornecidos para fins de processos seletivos, inclusive em bancos de vagas alocados em plataformas terceiras. Caso deseje solicitar oposição a este uso, ou exercer quaisquer um dos seus direitos, entre em contato através de nossos canais, disponíveis na Política de Privacidade de candidatos do Itaú Unibanco (https://www.itau.com.br/privacidade/candidatos/). Não há necessidade de aceitar, trata-se apenas de uma ciência.",Itaú Unibanco,banco de talentos,São Paulo,híbrido
Analista de Desenvolvimento de Produto JR/PL/SR Diagnóstico Veículares,Descrição das Atividades&nbsp;·&nbsp;&nbsp;&nbsp;&nbsp;&nbsp;&nbsp;Realização de visitas a garagens de clientes e concessionárias.·&nbsp;&nbsp;&nbsp;&nbsp;&nbsp;&nbsp;Conduzir avaliações de falhas em componentes de motores.·&nbsp;&nbsp;&nbsp;&nbsp;&nbsp;&nbsp;Acompanhar desmontagem/montagem de componentes e realizar alterações de mapas de calibração de motores em veículos de clientes.·&nbsp;&nbsp;&nbsp;&nbsp;&nbsp;&nbsp;Coletar logs de dados da porta OBD.·&nbsp;&nbsp;&nbsp;&nbsp;&nbsp;&nbsp;Documentar as atividades realizadas em campo.·&nbsp;&nbsp;&nbsp;&nbsp;&nbsp;&nbsp;Atuar em conjunto com equipes multifuncionais para análise da causa raiz e desenvolvimento de ações corretivas.·&nbsp;&nbsp;&nbsp;&nbsp;&nbsp;&nbsp;Monitorar a implementação das ações corretivas.·&nbsp;&nbsp;&nbsp;&nbsp;&nbsp;&nbsp;Participar de reuniões com a Engenharias de Desenvolvimento / Testes e fornecedores&nbsp;Requisitos e qualificaçõesFormação Acadêmica e Experiência Profissional&nbsp;·&nbsp;&nbsp;&nbsp;&nbsp;&nbsp;&nbsp;Formação em Engenharia (Preferencialmente Mecânica)·&nbsp;&nbsp;&nbsp;&nbsp;&nbsp;&nbsp;Conhecimento de motores (Preferencialmente Diesel)·&nbsp;&nbsp;&nbsp;&nbsp;&nbsp;&nbsp;Conhecimento de softwares de calibração de motores (Diferencial)·&nbsp;&nbsp;&nbsp;&nbsp;&nbsp;&nbsp;Inglês avançado (Mandatório)·&nbsp;&nbsp;&nbsp;&nbsp;&nbsp;&nbsp;Alemão (Diferencial)·&nbsp;&nbsp;&nbsp;&nbsp;&nbsp;&nbsp;CNH Categoria D (Diferencial)·&nbsp;&nbsp;&nbsp;&nbsp;&nbsp;&nbsp;Flexibilidade para atuar em um ambiente dinâmico e cuidar de diversos assuntos simultaneament,Carreiras - IAV,CLT,São Paulo,presencial
ANALISTA DE DADOS JÚNIOR - RH  (HÍBRIDO CAMPINAS/SP),"Empresa contratante: NEO - Núcleo de Excelência Operacional Modelo de trabalho: Híbrido (3 dias/semana) em Campinas/SPAQUI NO AGIBANK VOCÊ TERÁ QUE:Analisar e aplicar melhorias em processos, através do Excel, Power BI, VBA ou RPA;Automatizar KPIs;Tratar dados oriundos de API’s, Data Lake, Sistemas, etc;Prospectar novas e/ou melhores tecnologias/ferramentas para a área;Elaborar dashboards através do Power BI;Desenvolver Scripts em Python para upload de dados em Data Lake;Construir consultas SQL para manipulação e análise de dados;Programar em Python para automatização de processos;&nbsp;Prospectar novas e/ou melhores tecnologias/ferramentas para a área.Responsabilidades e atribuiçõesRequisitos e qualificaçõesTecnólogo ou superior (em andamento ou concluído) na área de Tecnologia;Experiência mínima comprovada com dados e/ou programação (SQL, PowerBI, Python e correlatos)É UM DIFERENCIAL PRA NÓS, MAS NÃO É OBRIGATÓRIO, OK?Excel Avançado e VBA;Curiosidade para procurar, aprender e testar novas tecnologias;Valorizar a colaboração e a troca de experiências para fazer o time crescer;Incorporar responsabilidade da concepção até a entrega em produção;Gostar de disseminar conhecimento por meio de apresentações internas e externas;Informações adicionaisALGUNS BENEFÍCIOS, FACILIDADES E PARCERIAS PRA VOCÊ CURTIR A JORNADA COM A GENTE 😊:Vale-refeição e/ou alimentação;Plano de saúde com isenção total nos exames preventivos;Plano odontológico;Total Pass, pra atividade física e bem-estar;Programa de Participação nos Resultados (PPR) seguindo as regras estabelecidas anualmente;Programa de sócios do Agibank, o Tô de Dono/a;Universidade interna, a Uni Agi;Folga de presente no mês do seu aniversário;Pesquisa semanal de clima, a Sem Climão;Avaliação de performance;Teleatendimento psicológico e médico gratuito, com o Conexão Saúde;Licença-maternidade de 6 meses e licença-paternidade de 20 dias;Dr. Pet: possibilidade fazer plano de saúde com desconto para o seu pet;Auxílio-creche;&nbsp;&nbsp;&nbsp;&nbsp;&nbsp;&nbsp;&nbsp;&nbsp;Fretado de ida e volta para Campinas e região (com raio de até 50 km de distância). São lugares reserváveis mediante a disponibilidade de assentos e rota.",Corporativo - Agibank,CLT,São Paulo,híbrido
Analista de Relações com Investidores Júnior,"Estamos em busca de um&nbsp;Analista de Relações com Investidores&nbsp;para elaborar, analisar e atualizar documentos relacionados às atividades de Relações com Investidores, atendendo às exigências legais e regulatórias, bem como elaborar análises para uso interno a partir de dados e informações regulatórias, contábeis, financeiras etc., com o objetivo de garantir o melhor entendimento da Cia. e o atendimento à legislação e à regulamentação.A nossa empresa é feita por gente. Nós já fazemos parte do seu dia. Agora, queremos que você faça parte do nosso dia a dia.Traga a sua energia para a Light!Responsabilidades e atribuiçõesSeus desafios serão:Assegurar o cumprimento de todas as exigências legais e regulatórias, por meio da divulgação de informações periódicas (Formulário de Referência, Formulário Cadastral, previsões da Resolução CVM 44 etc.) e informações eventuais (fatos relevantes, comunicados ao mercado, avisos aos acionistas etc.), visando manter o mercado informado e evitando eventuais sanções legais e regulatórias; Monitorar e divulgar internamente análises da base acionária, da performance da ação da Companhia e de seus pares de mercado, da cobertura do research e de reuniões com investidores;Apoiar a divulgação dos resultados trimestrais e anual, em especial na consolidação e análise de dados recebidos das áreas de negócios (por meio de relatórios, planilhas, reuniões etc.), bem como a elaboração de apresentações institucionais.;Gerir e atualizar o site de RI;Apoiar a realização das assembleias de acionistas da Light, realizando a interface com o fornecedor responsável pela gestão da assembleia, gerindo e disponibilizando a base acionária, coordenando as inscrições e cadastros dos participantes, visando garantir a boa execução da assembleia;Atender e direcionar o contato de investidores recebido via e-mail, garantindo a sua satisfação;Acompanhar a publicação de leis, regulamentações (em especial da CVM, B3 e ANEEL) e boas práticas de mercado, buscando identificar informações relevantes e atualizações que demandem implementação.Requisitos e qualificaçõesO que é necessário você ter:Superior completo em: Administração, Economia, Ciências Contábeis ou Engenharias;Inglês avançado;Pacote Office intermediário;Conhecimento sobre mercado de capitais, contabilidade, planejamento e finanças.O que será um diferencial:Conhecimento no setor elétrico;Conhecimento em CVM, B3, arquivamentos, FRE, assembleias;Power Bi.Informações adicionaisO que temos para você:&nbsp;Vale Alimentação e/ou Vale RefeiçãoAssistência médicaAssistência odontológicaParticipação nos Lucros ou ResultadosPrevidência privadaSeguro de vidaConvênio com empresas parceirasPrograma de treinamentos.&nbsp;Local de Trabalho: Centro/RJ* Todas as nossas vagas também são destinadas a pessoas com deficiência ;)",Light,CLT,Rio de Janeiro,híbrido
Analista de Sistema,"Faça parte do time do Grupo Crosser. Somos uma holding de investimentos, com foco em atividades voltadas para grandes empresas e indústrias.Atuamos nos setores de facilities, consultorias, locação de máquinas e equipamentos, logística entre outros.Responsabilidades e atribuiçõesMonitorar o funcionamento dos sistemas provendo soluções aos processos do grupo, de forma queo trabalho dos departamentos estejam integrados, facilitando e agilizando o fluxo de informações com segurança, integridade e disponibilidade.Suporte ao sistema HCM da Senior, projetos de integração entre sistemas, desenvolvimento em powerapps e powerBI.Requisitos e qualificaçõesExperiencia de no minimo 3 anosNecessário disponibilidade para viagens.Desejável conhecimento em C#, ASP.net, banco de dados Oracle (SQL) e inglês intermediárioFormação:&nbsp;Superior completo em ciências da computação, análise de dados ou afins.Informações adicionaisSalário: R$ 7.500,00Benefícios: Onibus fretado e alimentação no LocalModelo de contratação: EfetivoFormato de trabalho: presencial.Local de trabalho: Jardim das Rosas - IbiritéHorário de trabalho: 7:30 as 17:00 de Segunda a Sexta com intervalo de 1 hora de almoço.Início imediato.&nbsp;",Grupo Crosser,CLT,Minas Gerais,presencial
Pessoa Analista de Sustentabilidade Sênior ,"Ser a Melhor Empresa de Saneamento PARA o Brasil.Nascemos em 2017 com esse compromisso. Desde então, estamos presentes em 39 municípios, com mais de 2,5 mil colaboradores, 6 milhões de clientes e o propósito de atuar da melhor forma para levar saneamento às populações atendidas, ajudando o país a alcançar a universalização dos serviços de água e esgoto.O saneamento básico no Brasil está no momento de transformação e marcado por novos projetos de expansão. Para o nosso time, buscamos pessoas protagonistas e dispostas a inovar, atuando como agentes transformadores em prol do nosso objetivo. Alinhado ao nosso DNA, queremos promover um ambiente de trabalho sustentável, desenvolvedor e seguro.&nbsp;Local de Atuação: São Paulo, SP (Holding)&nbsp;- HíbridoResponsabilidades e atribuiçõesMonitorar e implementar projetos de sustentabilidade, seja por meio da execução de iniciativas ESG seja por meio da interação com as demais área de negócio da Companhia, e disseminar conceitos e informações para fortalecer a cultura de sustentabilidade através da estratégia da Iguá;Reunir dados sobre indicadores de Sustentabilidade, analisando e criticando documentação e dados;Gerir, organizar e atualizar bases de dados;interagir com outras áreas de negócio para melhorar índices ESG;Analisar e demonstrar resultados e andamento de projetos através do Excel e Power Point;Oferecer suporte geral à área, incluindo preparação de apresentações e organização de eventos internos;Desenvolver políticas internas de ESG;Acompanhar mudanças de leis e de normas;Fazer apresentações e ministrar treinamentos sobre os temas de sua responsabilidade;Definir, monitorar, adaptar e controlar planos de ação para as iniciativas de Sustentabilidade;Garantir a divulgação das boas práticas de ESG apoiando e/ou executando relatório integrado, assessments, questionários, ratings e rankings;Apoiar processos de auditoria e controles internos, seguindo as melhores práticas de mercado para permitir transparência e agilidade aos processos.Requisitos e qualificaçõesO que buscamos:Superior completo em engenharia, biologia, sanitária, economia, direito ou áreas afins.Desejável:Inglês intermediário;Experiência em trabalhar com o pacote office, especialmente Excel e Powerpoint; Ter experiência em trabalhar com Sustentabilidade. Na Iguá Saneamento valorizamos a diferença em todos os contextos e trabalhamos para promover uma cultura ética e inclusiva sempre. Como companhia e time, buscamos a equidade e respeitamos todos os tipos de diversidade (Gênero, Deficiência - PCD, LGBTQIAPN+, Étnico racial, Crenças e Gerações). Venha fazer parte dessa mudança, acreditamos na força de cada individualidade para gerar transformação!Informações adicionaisO que oferecemosSalário compatível com o mercado;Seguro de Vida;Plano de Saúde extensivo aos dependentes;Plano odontológico extensivo aos dependentes;Vale alimentação;Rede de benefícios e descontos;Serviço de telemedicina;Empréstimo Consignado;PLR.",Iguá Saneamento,CLT,São Paulo,híbrido
Pessoa Analista Comercial Júnior,"Ser a Melhor Empresa de Saneamento PARA o Brasil.Nascemos em 2017 com esse compromisso. Desde então, estamos presentes em 39 municípios, com mais de 2,5 mil colaboradores, 6 milhões de clientes e o propósito de atuar da melhor forma para levar saneamento às populações atendidas, ajudando o país a alcançar a universalização dos serviços de água e esgoto.O saneamento básico no Brasil está no momento de transformação e marcado por novos projetos de expansão. Para o nosso time, buscamos pessoas protagonistas e dispostas a inovar, atuando como agentes transformadores em prol do nosso objetivo. Alinhado ao nosso DNA, queremos promover um ambiente de trabalho sustentável, desenvolvedor e seguro.&nbsp;Local de Atuação: Rio de Janeiro/RJResponsabilidades e atribuições&nbsp;Análise de Dados de Atendimento:Coletar e analisar dados relacionados ao atendimento ao cliente, incluindo solicitações de serviço, reclamações, tempos de resposta e satisfação do cliente, utilizando SalesForce, Excel e outras fontes de dados pertinentes.Identificar padrões, tendências e áreas de melhoria nos dados de atendimento para aprimorar os processos e procedimentos de serviço ao cliente.Elaboração de Relatórios e Apresentações:Criar relatórios regulares e ad hoc para monitorar o desempenho do atendimento ao cliente, destacar áreas de preocupação e apresentar recomendações para melhorias.Desenvolver apresentações visuais e relatórios narrativos utilizando Power BI, Power Point e outras ferramentas para comunicar efetivamente os insights gerados pela análise de dadosIdentificação de Oportunidades de Melhoria:Colaborar com as equipes de atendimento ao cliente para identificar oportunidades de melhoria nos processos e procedimentos, com base nos insights derivados da análise de dados.Propor e implementar iniciativas para aumentar a eficiência operacional, reduzir tempos de resposta e melhorar a satisfação geral do cliente.Suporte à Tomada de Decisão:Fornecer suporte analítico às decisões estratégicas relacionadas ao atendimento ao cliente, incluindo a alocação de recursos, o dimensionamento da equipe e a priorização de iniciativas de melhoria.Avaliar o impacto das mudanças implementadas no atendimento ao cliente por meio de análises pós-implantação e ajustar abordagens conforme necessário.Requisitos e qualificaçõesEnsino Superior completoDesejável experiência na área de saneamentoNa Iguá Saneamento valorizamos a diferença em todos os contextos e trabalhamos para promover uma cultura ética e inclusiva sempre. Como companhia e time, buscamos a equidade e respeitamos todos os tipos de diversidade (Gênero, Deficiência - PCD, LGBTQIAPN+, Étnico racial, Crenças e Gerações). Venha fazer parte dessa mudança, acreditamos na força de cada individualidade para gerar transformação!Informações adicionaisO que oferecemosSalário compatível com o mercado;Seguro de Vida;Plano de Saúde extensivo aos dependentes;Plano odontológico extensivo aos dependentes;Vale alimentação;Rede de benefícios e descontos;Serviço de telemedicina;Empréstimo Consignado;PLR.",Iguá Saneamento,CLT,Rio de Janeiro,presencial
Analista de Retail Marketing Pl.,"Junte-se à nossa equipe dinâmica e em crescimento rápido, líder na oferta de marcas de artigos esportivos renomadas como Nike, Adidas, Puma, Vans, Converse e muito mais. Estamos em busca de um profissional altamente experiente e dedicado para assumir a posição de Analista de Retail Marketing Sênior em nosso departamento de marketing. Se você é apaixonado por criar experiências de compra envolventes e estratégias inovadoras de marketing no varejo, esta é a oportunidade ideal para você.Responsabilidades e atribuiçõesComo Analista de Retail Marketing Sênior, você desempenhará um papel fundamental na liderança e execução eficaz de campanhas, comunicaçãoe e estratégias de marketing dentro do ambiente de loja. Sua experiência será vital na negociação estratégica de orçamentos, na gestão de relacionamentos com fornecedores e no fornecimento de suporte analítico de alto nível para a equipe, tendo como principal foco o resultado e sucesso de vendas das campanhas.Principais Responsabilidades:Gestão de Orçamentos:Liderar a negociação estratégica de orçamentos com fornecedores para campanhas de marketing no varejo e materiais in-store.Monitorar e controlar despesas, assegurando alinhamento com os objetivos financeiros estabelecidos.Relacionamento com Fornecedores:Estabelecer e manter relacionamentos sólidos com fornecedores, garantindo prazos e padrões de qualidade.Avaliar continuamente o desempenho dos fornecedores, identificando oportunidades de melhoria nos fluxos e processos.Relacionamento com Parceiros e Departamentos Internos:Atuação próxima das principais marcas parceiras ao desenhar e executar as campanhas de marketing, integrando esforços para uma jornada de comunicação online to offline (O2O).Alinhamento constante com os departamentos internos de Marketing, Digital Sales, Produto e Operações, através do controle do calendário de campanhas e de reuniões estratégicas com acompanhamento de cronograma reverso.Análise de Dados e Apresentações:Coletar e analisar dados relacionados a campanhas de marketing e desempenho de vendas, trabalhando sempre em proximidade ao time de Produto.Gerar relatórios detalhados para avaliar a eficácia das estratégias e identificar oportunidades de otimização, compartilhando por apresentações visualmente interessantes os resultados e recaps da área.Suporte ao Visual Merchandising:Colaborar de forma proativa com o time de visual merchandising, oferecendo suporte em demandas relacionadas a fornecedores para eventos e projetos especiais, ajudando a mapear informações estratégicas das lojas.Garantir que materiais in-store estejam alinhados com as diretrizes de visual merchandising.Participação em Eventos e Projetos Especiais:Coordenar fornecedores para eventos especiais e projetos de marketing, garantindo excelência na execução.Assegurar que todos os materiais necessários estejam prontos e em conformidade com os padrões da marca.Requisitos e qualificaçõesNecessário:Graduação completa em Marketing, Moda, Design, Publicidade, ou área relacionada.Experiência sólida em funções similares, preferencialmente no setor de varejo ou marketing.Habilidades analíticas avançadas e proficiência em ferramentas de análise de dados (Excel).Excelentes habilidades de comunicação e negociação, com capacidade de gerenciar múltiplas tarefas e prazos.Experiência de trabalho em ambiente corporativo.Usabilidade intermediária na ferramenta Google e/ou Pacote Office (Power Point, Excel, Word).Inglês intermediário.Desejável:Conhecimento no pacote ADOBE, em especial Illustrator e Photoshop.Informações adicionaisVale-transporte.Refeitório no local.Seguro saúde e dental (Bradesco).Seguro de vida.Política de desconto em nossos produtos.Gympass.Ambiente de trabalho sensacional!",Gurpo Afeet,CLT,São Paulo,híbrido
Analista de Suporte e Projetos de T.I/Aplicações ,"DESCRIÇÃO DA VAGAIrá atuar na equipe do Competence Center, que é responsável pelo suporte global ao Sistema de Gerenciamento e Controle de Produção (FIS) para 13 fábricas de diferentes marcas do grupo VW.Atuação no atendimento as áreas de negócios para resolução de incidentes, requisições de mudança e consultoria em adaptação de sistema para atendimento de processos de Manufatura, Qualidade e Logísticas.Participação em projetos estratégicos de migração e implementação de sistemas em diferentes plantas do grupo VW no mundo. Atuação no desenvolvimento de sistemas para atendimento de necessidades da operação FIS-CC e também de novas soluções para areas de negócio.Responsabilidades e atribuiçõesRESPONSABILIDADES E ATRIBUIÇÕESAnalise de incidentes de baixa e alta criticidade visando restabelecer o correto funcionamento do sistema.Analise de requisições de mudança através de parametrizações técnicas do sistema para adequação às necessidades da área de negócios.Analise de ticket de problemas visando a identificação de causa raiz para incidentes e solução definitivaConsultoria para áreas de negócios visando adequar o ambiente sistêmico para atendimento às necessidades da área , podendo ou não implicar no desenvolvimento de novos sistemas.Realização de estudos e testes para aprovação de conceitos/novas funcionalidades/soluções.Criação de documentação para suporte a processos e atendimento a boas práticas de governança.Contato com áreas de negócio de diferentes culturas e idiomas para discussão de processos, temas técnicos e consultoria.Responsável por conceituar, implementar, documentar, analisar e manter soluções que melhor se adaptem aos requisitos de aplicativos para sistemas produtivos e módulos web.Implementação de sistemas de produção (FIS) considerando todos os padrões VW relacionados, requisitos e funções envolvidas na orientação ao usuário.Desenvolvimento de treinamentos e documentação, incluindo aplicação para usuários.Documentação técnica descrevendo requisitos funcionais e não-funcionais;Desenvolvimento de soluções em alguma das linguagens: Node-JS, Java, Java Script, AngularJS, Python, PHP, C, C #, C ++, Perl;Desenvolvimento de soluções Node-JS;Suporte ao SAP Business Object (BI tool)Requisitos e qualificaçõesREQUISITOS E QUALIFICAÇÕESFormação Completa em Tecnologia da Informação e/ou áreas correlatasInglês avançadoConhecimentos de UNIXConhecimentos de SQL; TCP/IPUso de ferramentas de conexão(putty/ssh/sftp/winscp)Conhecimentos de Websphere;HTTP Server; NFS; SAMBA(compartilhamento de arquivos AIX/Windows)Experiência em ambientes críticosConhecimento em Programação WebDesenvolvimento de soluções Node-JS (diferencial)Conhecimentos de linguagens de programação shell( Node-JS, Java, Java Script, AngularJS, Python, PHP, C, C #, C ++, Perl;)Formação ITIL V3 / V4Conhecimento desejável em AIX e banco de dadosDisponibilidade para trabalhar em turnos conforme a necessidade da áreaDisponibilidade para viagens de curto a médio prazo (nacionais e internacionais).Informações adicionaisNome do Cargo:&nbsp;Analista de Suporte e Projetos de T.I/AplicaçõesLocal de trabalho: Curitiba/PRModelo de trabalho híbrido flexível (3x na semana no escritório e 2x na semana em home office)Plataforma de treinamentos online gratuitoPrograma de Saúde e Bem-estarBenefícios:Compra de veículo com descontoGympassEstacionamento no local - gratuitoPPR anualVale RefeiçãoPlano de SaúdePrevidência PrivadaPlano PecúlioZenklub - plataforma de saúde mental e bem-estar emocionalCONHEÇA A VOLKSWAGENA Volkswagen está na vida, no coração e na garagem dos brasileiros. São 70 anos de uma história construída por milhares de mãos, que buscam entregar produtos e serviços cada vez mais inovadores e que vão transformar os rumos da mobilidade urbana.&nbsp;A&nbsp;Nossa Volkswagen&nbsp;quer ser a cada dia mais&nbsp;diversa, digital, ágil, centrada no cliente e neutra em carbono.&nbsp;O nosso compromisso é em entregar cada vez mais valor aos nossos clientes, colaboradores, parceiros e para a sociedade. Esperamos oferecer experiências incríveis e construir o futuro de uma maneira mais sustentável e surpreendente.&nbsp;&nbsp;Incentivamos o debate, as novas ideias e soluções. Valorizamos o trabalho em equipe, a empatia, e juntos, aceleramos!&nbsp;Somos a única montadora a receber em todos os anos, desde 2019, a certificação Top Employer, o mais importante reconhecimento internacional da excelência de uma empresa na gestão de pessoas.&nbsp;“Acreditamos na potência das nossas pessoas, afinal, são elas que fazem a diferença dia após dia! Trabalhamos para que todos os times estejam integrados, em constante desenvolvimento. Buscamos talentos que sejam movidos por desafios e que façam parte da transformação cultural da Nossa Volkswagen: mais humana, diversa e inclusiva!”, diz Douglas Pereira, Vice-Presidente de Recursos Humanos.&nbsp;Construa com a gente a&nbsp;Nossa Volkswagen!&nbsp;Volkswagen tem compromisso com agenda ESG&nbsp;Em 2020, a Volkswagen do Brasil aderiu aos Princípios de Empoderamento das Mulheres (Womens’s Empowerment Principles - WEPs, na sigla em inglês), iniciativa criada pela ONU Mulheres e o Pacto Global das Nações Unidas. Dessa forma, a VW se une a mais de 300 empresas signatárias no Brasil.&nbsp;&nbsp;Em 2022, a Volkswagen anunciou a emissão de títulos de dívida de 500 milhões de reais, atrelados a compromissos claros da montadora de aumentar a participação de mulheres na liderança e a redução nas emissões de CO2 de origem fóssil em suas fábricas.&nbsp;&nbsp;Com essas medidas, a VW firma ainda mais o seu compromisso em promover a igualdade de gênero na companhia, e em neutralizar emissões de carbono.&nbsp;&nbsp;Fique de olho nas novidades da Volkswagen do Brasil nas nossas redes sociais. Vai que você é a pessoa que estamos procurando para fazer parte deste futuro com a gente? ;)&nbsp;",Volkswagen do Brasil,CLT,Paraná,híbrido
Pessoa Analista de Planejamento Financeiro,"Ser a Melhor Empresa de Saneamento PARA o Brasil. Nascemos em 2017 com esse compromisso. Desde então, estamos presentes em 39 municípios, com mais de 2,5 mil colaboradores, 6 milhões de clientes e o propósito de atuar da melhor forma para levar saneamento às populações atendidas, ajudando o país a alcançar a universalização dos serviços de água e esgoto. O saneamento básico no Brasil está no momento de transformação e marcado por novos projetos de expansão. Para o nosso time, buscamos pessoas protagonistas e dispostas a inovar, atuando como agentes transformadores em prol do nosso objetivo. Alinhado ao nosso DNA, queremos promover um ambiente de trabalho sustentável, desenvolvedor e seguro.Local de Atuação: Rio de Janeiro, RJ ( Iguá Rio)Responsabilidades e atribuiçõesRealizar Planejamento estratégico: participação ativa na construção do Plano de Negócios, com análises de alavancas de crescimento e saving.Suporte no desenvolvimento do Plano de Negócios: ajuste de templates,preenchimento de base de dados histórica, análises versus anos anteriores, etc;Acompanhamento mensal do Plano de Negócios com análise de realizado vs orçado, motivos dos principais desvios, criação de planos de ação para endereçar potenciais variações, e criação e definição de KPIs;Analisar, com os gestores, os maiores desvios do Plano de Negócios para entendimento e fazer projeção (forecast) dos próximos meses;Elaborar mensalmente relatórios gerenciais de fechamento de resultados a partir de dados operacionais e contábeis, de forma a garantir a visão consolidada das Operações;Preparação de materiais para apresentação dos resultados e planos de ação em andamento.;Controle dos indicadores financeirosRequisitos e qualificaçõesSuperior Completo em Administração, Ciências Contábeis e Economia;Domínio da ferramenta Excel, Power Point Power BI;Experiência com análise e confecção de processo orçamentário e controle do forecast da empresa .Na Iguá Saneamento valorizamos a diferença em todos os contextos e trabalhamos para promover uma cultura ética e inclusiva sempre. Como companhia e time, buscamos a equidade e respeitamos todos os tipos de diversidade (Gênero, Deficiência - PcD, LGBTQIAPN+, Étnico racial, Crenças e Gerações). Venha fazer parte dessa mudança, acreditamos na força de cada individualidade para gerar transformação!Informações adicionaisSalário compatível com o mercado;Seguro de Vida;Plano de Saúde extensivo aos dependentes;Plano odontológico extensivo aos dependentes;Vale alimentação; Rede de benefícios e descontos;Serviço de telemedicina;Empréstimo Consignado;PLR.Auxílio Creche",Iguá Saneamento,CLT,Rio de Janeiro,presencial
Analista de Meio Ambiente e Socioeconômica - Sudeste,"Você quer fazer parte da equipe Qualidados?Estamos procurando profissionais com conhecimento e experiência na área, com perfil proativo, organizado, comprometido, boa comunicação, que gosta de trabalhar em equipe e de desafios.﻿Vagas também para PCD conforme decreto: 5.296 de 02/12/2004.Responsabilidades e atribuiçõesElaborar Plano de Gestão Ambiental que irá orientar as ações de fiscalização que serão realizadas pela QUALIDADOSElaborar e estruturar as metodologias e documentação técnica de inspeção que será utilizada pela equipe técnica (rondas de segurança, Auditoria, Listas de Verificação);Liderar “in loco” quando solicitado pelo cliente as equipes técnicas de SMS alocadas nos projetos;Fiscalizar junto às EMPRESAS MONTADORAS do cumprimento dos itens de Meio Ambiente no que diz respeito ao disposto no Contrato, além de condicionantes estabelecidas em licenças/autorizações;Garantir a efetividade da gestão dos resíduos gerados pelas atividades de construção, demolições, reforma, reparos e manutenções de estruturas, bem como por aqueles resultantes da remoção de vegetação e escavação de solos (quando houver).Verificar a conformidade dos Requisitos Meio Ambiente definidos pelo cliente para as EMPRESAS MONTADORAS.Requisitos e qualificaçõesEnsino Superior Completo em Biologia ou Geografia;Pacote Office Intermediário;Experiência em gestão ambiental e programas socioambientais em uma das seguintes atividades:- Construção e montagem em unidades industriais ou outros empreendimentos lineares;- Construção e montagem em obras de dutos terrestres.Localidades:&nbsp;Rio de Janeiro RJVitória ESInformações adicionaisBenefícios:Transporte;Alimentação;Seguro de Vida;Plano de Saúde;Gympass.",Qualidados,CLT,Espírito Santo,presencial
Analista de Suporte para WMS,"Se você é um profissional cheio de energia, determinação e que ama desafios, venha para a REFRIO!Em crescente expansão, as empresas PLATLOG e REFRIO oferecem soluções logísticas eficientes e customizadas para o mercado de Food Service. Com mais de 40 anos de atuação no mercado, nos tornamos especialistas em armazenamento e distribuição de produtos secos, refrigerados e congelados.Então se você acredita que é um profissional fora da curva e disposto a fazer a diferença em nossa estruturação e crescimento nacional, junte-se a nós!Responsabilidades e atribuiçõesO Analista de Suporte 1 para WMS (Warehouse Management System) desempenha um papel crucial na manutenção e suporte técnico do sistema de gerenciamento de armazém da empresa. Este profissional é responsável por garantir a eficiência operacional do WMS, identificar e resolver problemas técnicos, e oferecer suporte aos usuários finais.Responsabilidades Principais:Suporte Técnico:Atender e resolver solicitações de suporte relacionadas ao WMS, garantindo respostas rápidas e soluções eficazes.Diagnosticar e solucionar problemas técnicos, colaborando com outros membros da equipe técnica quando necessário.Configuração e Manutenção:Realizar configurações básicas no WMS de acordo com as necessidades da empresa.Garantir a integridade e segurança dos dados armazenados no sistema.Colaborar com a equipe de desenvolvimento para implementar melhorias e atualizações no WMS.Análise de Problemas:Monitorar proativamente o desempenho do WMS, identificando possíveis problemas antes que afetem as operações.Comunicação e Colaboração:Colaborar estreitamente com as equipes de operações, logística e TI para entender as necessidades e garantir uma integração eficiente do WMS.Manter uma comunicação clara e eficaz com os usuários finais, informando sobre atualizações, problemas resolvidos e procedimentos operacionais.Requisitos e qualificaçõesDiploma de ensino superior em Tecnologia da Informação, Sistemas de Informação ou área relacionada, Cursando.Experiência prévia em suporte a sistemas de gerenciamento de armazém (WMS).Conhecimento sólido em tecnologias relacionadas a bancos de dados, redes e sistemas operacionais.Habilidades de resolução de problemas e análise crítica.Excelentes habilidades de comunicação e capacidade de trabalhar em equipe.Este perfil de Analista de Suporte 1 para WMS descreve um profissional dedicado a garantir a estabilidade e eficácia do sistema de gerenciamento de armazém, desempenhando um papel essencial na infraestrutura tecnológica da empresa.Informações adicionaisRefeição no local;Vale combustível ou Vale Transportes;Assistência médica;Assistência odontológica;Seguro de Vida em grupo;",REFRIO ARMAZENS GERAIS ,CLT,São Paulo,presencial
Analista de Suprimentos,"A Empresa.A Wilson Sons é uma das maiores operadoras de serviços portuários, marítimos e logísticos do Brasil, e iniciou suas atividades em 1837, em Salvador, Bahia.&nbsp;Nesses&nbsp;180 anos&nbsp;de existência, a Companhia se estabeleceu como renomada prestadora de serviços pela competente gestão de seus negócios nos segmentos em que atua.Quem Somos?Somos conexões que acompanham as tendências do mercado, investem em infraestrutura e tecnologia, inovam em processos e antecipam necessidades. É o nosso olhar para o futuro que garante as melhores oportunidades para os nossos parceiros.Nossa equipe é composta por pessoas que compartilham os&nbsp;valores&nbsp;e&nbsp;princípios&nbsp;que norteiam a&nbsp;visão de futuro&nbsp;da Wilson Sons.&nbsp;São pessoas engajadas e comprometidas com a qualidade de entrega de nossos serviços, o que reflete diretamente na produtividade da companhia.&nbsp;Em nossa&nbsp;Visão, assumimos o compromisso de ser a primeira escolha dos colaboradores e de crescer de forma arrojada, sinérgica e sustentável.&nbsp;Nesse desafio, buscamos promover e manter um alto nível de&nbsp;engajamento&nbsp;de equipe.Buscamos pessoas que desejam entregar o seu melhor para crescermos juntos.&nbsp;&nbsp;Junte-se a nós!&nbsp;Conheça Melhor a Wilson Sons!Site:&nbsp;www.wilsonsons.com.brInstagram: wilsonsonsFacebook:&nbsp;pt-br.facebook.com/WilsonsonsBRLinkedin:&nbsp;www.linkedin.com/company/wilsonsons/Responsabilidades e atribuiçõesSeus de desafios serão:- Garantir a execução dos processos de compras de serviços, materiais e equipamentos da sua área de atuação,acompanhando desde a prospecção até fechamento contratual.- Elaboração de processos de concorrência, promovendo equalização técnica e comercial (RFI, RFQ e RFP);- Liderar negociações de condições comerciais e fornecimento, mediando a negociações de cláusulas contratuais- Gerir os acordos de fornecimento, garantindo a renegociação anual com os fornecedores- Analisar e converter oportunidades de acordos comerciais, trazendo preços pré-acordados com os fornecedores- Planejar, monitorar e implementar planos de ação ou projetos referentes a sua carteira- Construir e acompanhar cronogramas para grandes contratações- Conduzir reuniões de acompanhamento das frentes de trabalho- Buscar insumos que apoiem a área financeira em análises de viabilidade na compra de equipamentos- Contribuir com a estratégia das categorias sob sua gestão- Realizar interface com os usuários, questionando e propondo soluções- Contribuir com o aprimoramento do processo de compras, participando de projetos de melhoria- Capacidade de coordenar múltiplos processos de contratação- Desejável conhecimento em SAPRequisitos e qualificaçõesO que você precisa para participar:&nbsp;Superior completo em: Engenharia, Administração, Comércio Exterior, Economia.Conhecimento técnico em:Negociação em carteiras de serviçoParticipação em minutas contratuaisMatemática FinanceiraApresentação ExecutivaDesejável: inglês intermediário/avançadoInformações adicionaisRegime de trabalho:&nbsp;híbridoLocal de trabalho:&nbsp;SalvadorCarga horária:&nbsp;40 horas semanais Nos preocupamos com o bem-estar das nossas pessoas, por isso oferecemos benefícios e cuidados que permitem uma vida com mais qualidade.Cuidados com a alimentação:&nbsp;Vale Alimentação/Refeição;Cuidados com a saúde:&nbsp;Plano de Saúde, Plano Odontológico, Seguro de Vida, Telenutrição e telemedicina para você e seus dependentes;Cuidados com a sua saúde mental:&nbsp;Telepsicologia para você e seus dependentes;Cuidados com o seu desenvolvimento:&nbsp;Plataforma de cursos;Outros:&nbsp;Vale transporte; PLR anual;Etapas do Processo:TriagemEntrevista com RHTeste de Personalidade e de ExcelEntrevista com a liderança imediata e mediataAplicação de caseAvaliação médicaContrataçãoQueremos promover um ambiente cada vez mais seguro e inclusivo para todos e todas, estimulando uma cultura de respeito e de aceitação, valorizando todas as diferenças.SAIBA MAIS SOBRE A WILSON SONSA Wilson Sons é o maior&nbsp;operador integrado de logística portuária e marítima&nbsp;do mercado brasileiro e presta uma gama completa de serviços para empresas que atuam na indústria de óleo e gás, no comércio internacional e na economia doméstica, conectando as melhores soluções aos resultados esperados pelos seus clientes. Com ampla presença nacional, atua de forma inovadora e oferece serviços para toda a cadeia de suprimento, com&nbsp;185 anos&nbsp;de experiência.A Companhia opera dois terminais de contêineres, um no porto de Salvador, Bahia (Tecon Salvador) e outro em Rio Grande, no Rio Grande do Sul (Tecon Rio Grande), a maior frota de apoio portuário do Brasil, embarcações de apoio offshore (da Wilson Sons Ultratug Offshore), bases de apoio offshore, Centro Logístico, estaleiros no Guarujá (SP) e uma das maiores agências marítimas independentes do país.Inovar para garantir mais eficiência, segurança e atendimento com alto nível de excelência operacional para nossos clientes é o que nos impulsiona para o futuro.Venha fazer parte do nosso time!A Wilson Sons busca trazer pessoas diversas para a companhia, oportunizar suas carreiras e desenvolver seus talentos. Para isso, utilizamos de múltiplos recursos de desenvolvimento, sensibilização e&nbsp;preparo de infraestrutura para o melhor acolhimento possível da diversidade desejada.&nbsp;Estamos em constante mudança para cada vez mais proporcionar um ambiente de trabalho no qual todas as pessoas se sintam incluídas e valorizadas.Conheça também nossa&nbsp;Política de diversidade.Juntos trabalhamos para transformar realidades e entregar futuros melhores para todas as pessoas!&nbsp;#JuntosTransformamosRealidades #SomosTodosWilsonSons",Confidencial,CLT,Bahia,híbrido
ANALISTA DE SUPORTE TÉCNICO PL,"Sobre IT UNIVERSESomos uma empresa conceituada no mercado de TI com mais de 13 anos de história. Integradora de soluções de TI com amplo portfólio de produtos e serviços, atua em empresas de diversos portes e estamos presentes no Brasil, Estados Unidos e México.O que nos orienta?Felicidade -&nbsp;Promover a&nbsp;felicidade&nbsp;dentro da nossa empresa é a nossa missão diária. Pessoas felizes vivem mais, são mais otimistas e trabalham melhor. A&nbsp;felicidade&nbsp;gera resultado.Enxergar nossos&nbsp;clientes, parceiros e colaboradores&nbsp;como principais responsáveis pelo&nbsp;sucesso dos projetos e crescimento da empresa.Relações éticas&nbsp;trazem prestígio e reconhecimento que&nbsp;são os maiores bens que uma empresa pode ter.Proporcionamos sempre a&nbsp;melhor experiência de atendimento aos nossos clientes.A busca por&nbsp;novas tecnologias é um esforço diário. Acompanhar a evolução do mercado é a chave para atender com excelência.Responsabilidades e atribuiçõesRegistro de eventos (chamados técnicos ou solicitações de serviços);Esclarecimento de dúvidas técnicas, operacionais ou administrativas;Identificação e tratamento das demandas de suporte técnico para software e hardware;Identificação e encaminhamento das solicitações para fornecimento de serviços de instalação, atualização, movimentação, correção, configuração de software e hardware;Monitoramento dos eventos quanto aos prazos de atendimento e solução;Acionamento dos responsáveis pela solução, incluindo terceiros, quando não cumprimento dos níveis de serviços acordados (SLA).Fornecimento de posicionamento pertinente à situação e previsão para conclusão das solicitações dos usuários;Atendimento de solicitações de gestão de acesso de segundo nível;Manutenção de pastas em servidores de arquivos;Criação de contas de usuários;Gestão de acessosGerenciamento de Permissões em Ambiente Windows;Gerenciamento de Permissões em Sistemas;&nbsp;Caso os chamados não consigam ser resolvidos pela Célula de Acessos, a Célula deverá escalonar os chamados e encaminhá-los para o próximo nível de solução;Registrar na base de conhecimento soluções realizadas pelo time especializado com a finalidade de servir como consulta para posteriores atendimentos.Requisitos e qualificaçõesHabilidades: Pro atividadeEstar à disposição em casos de dúvida, além de estar apto a resolver eventuais problemas que possam surgir.&nbsp;CordialidadeContornar situações difíceis de forma cordial e ser uma referência positiva do nome da empresa que representa.&nbsp;DiscriçãoManter a discrição é fundamental para o bom trabalho de uma profissional, seja na forma de se relacionar com os clientes, nas conversas com outros colaboradores.&nbsp;Boa ComunicaçãoUma linguagem clara e objetiva.&nbsp;OrganizaçãoConseguir lidar com todas as demandas, solicitações e atendimentos ao clientes. Cursos:Nível superior completo, ou cursando. (Relacionado à Informática);Experiências:Experiência mínima de 03 anos de atuação em atividade de suporte em TI;Diferencial:Inglês Intermediário;Informações adicionais🩺 Plano de Saúde;🦷 Plano Odontológico (Opcional);🏋🏾‍♂️ Gympass (plataforma de saúde e bem-estar através da atividade física que dá acesso a academias e/ou treinos on-line);💳 Vale-Refeição e VT, cartão de benefícios aceito por milhares de estabelecimentos;🏥 Convênio Farmácia;📝 Feedback 1:1 mensal entre líder e liderado, para uma cultura transparente e de alta performance. Nós conversamos sobre desenvolvimento e damos/recebemos feedbacks, para uma relação duradoura 🚀;🎓 PDI - Plano de Desenvolvimento Individual: construído entre o líder e o liderado para o seu desenvolvimento;🌟 Treinamentos (individuais e para os times);🎯 Programa de desenvolvimento de liderança (PDL): incentivo a desenvolver futuros líderes.&nbsp;",IT Universe,CLT,São Paulo,presencial
Analista de Planejamento Financeiro,"Já pensou em trabalhar na Ipiranga? Na Ipiranga acreditamos que pessoas com brilho nos olhos, autênticas e engajadas são nosso diferencial competitivo! Atuamos com paixão e propósito, colocando o cliente no centro das nossas decisões. Valorizamos a autonomia, a abertura e a transparência, pois temos certo de que a verdade e o respeito fortalecem relações e geram confiança. Proporcionamos para nosso time um ambiente flexível, de colaboração e bem-estar para plena realização pessoal e profissional. Nosso propósito é “Abastecer a vida em movimento”.Conheça mais sobre a gente: https://portal.ipiranga/wps/portal/ipiranga/a-ipiranga/institucional/carreiras/&nbsp;Leia nosso relatório de ESG: https://portal.ipiranga/wps/portal/ipiranga/a-ipiranga/institucional/sustentabilidade&nbsp;O que a gente espera de você?·&nbsp;&nbsp;&nbsp;&nbsp;&nbsp;&nbsp;&nbsp;&nbsp;Pensamento orientado com foco no cliente #OClienteéaRazão·&nbsp;&nbsp;&nbsp;&nbsp;&nbsp;&nbsp;&nbsp;&nbsp;Mindset ágil, que se adapta rápido à mudança #Leveza·&nbsp;&nbsp;&nbsp;&nbsp;&nbsp;&nbsp;&nbsp;&nbsp;Foco em soluções e resolução de problemas #SuaVozTemValor·&nbsp;&nbsp;&nbsp;&nbsp;&nbsp;&nbsp;&nbsp;&nbsp;Autonomia, iniciativa e protagonismo são essenciais #DeixaComigo·&nbsp;&nbsp;&nbsp;&nbsp;&nbsp;&nbsp;&nbsp;&nbsp;Paixão, brilho nos olhos e autenticidade #SejaVocê!·&nbsp;&nbsp;&nbsp;&nbsp;&nbsp;&nbsp;&nbsp;&nbsp;Querer fazer parte de uma empresa ética que entrega valor à sociedade #ValeaPena·&nbsp;&nbsp;&nbsp;&nbsp;&nbsp;&nbsp;&nbsp;&nbsp;Pessoas inconformadas que pensam lá na frente em busca da evolução #SomosIpiranga·&nbsp;&nbsp;&nbsp;&nbsp;&nbsp;&nbsp;&nbsp;&nbsp;Mentalidade de dono e sede resultados crescentes #FaçoAcontecerResponsabilidades e atribuiçõesQuais serão suas responsabilidades e desafios?&nbsp;Responsável por análises detalhadas das variações “Real vs. Orçado” e “Real vs. Projeção” das despesas de toda companhia com reporte para diretoria Ipiranga e UltraAuxiliar no processo de fechamento das despesas, garantindo consistência dos dados e alinhamento com as áreas de negócioElaboração/Consolidação de forecast mensal e orçamento anual das rubricas de despesasCriação de modelagem das principais rubricas de despesas da ciaSuporte as áreas (agindo como Business Partner) de Pessoas e Organização, Planejamento e Controle e Jurídico tanto da parcela de despesas como investimentos (OPEX e CAPEX)Definição e acompanhamento de Kpis de despesasRequisitos e qualificaçõesO que você precisa ter para conquista essa posição? Formação: superior completo em Engenharia, Administração, Economia e/ou Ciências ContábeisConhecimento profundo em modelagem financeira e contabilidadeDomínio do Pacote OfficeExperiência em FP&amp;A e/ou controladoria, além de orçamento e forecastInformações adicionaisO que a gente te oferece? 🕗 Horário flexível😋 Vale Alimentação🍴&nbsp;Restaurante no local (Dizem que o Cheese Cake de morango não tem igual)🩺 Plano de Saúde e Odontológico💙Auxílio filho com deficiência⌛&nbsp;Previdência privada💊&nbsp;Reembolso medicamento&nbsp;(parceiros SEI)👀&nbsp;Reembolso oftalmológico&nbsp;(parceiros SEI)👨‍🎓&nbsp;Bolsa de estudos para graduação (parceiros SEI)👶🏻Cesta natalidade&nbsp;🏋️‍♀️&nbsp;Gympass❤️&nbsp;Seguro de Vida💰&nbsp;Programa de Remuneração Variável💸&nbsp;Adicional por tempo de serviço📈 Desenvolvimento constante💼 Plano de carreira🏢 Empresa cidadã📚 Universidade corporativa⚰️&nbsp;Assistência Funeral😇&nbsp;Shiatsu🎈&nbsp;Espaço de Descompressão🍻&nbsp;Happy HourE aí, topa o desafio? Então se candidata nessa vaga e não deixa essa oportunidade para depois!Acreditamos que a diversidade favorece o ambiente inovador! Estamos de portas abertas para pessoas com desejo de transformação pelo trabalho e dispostas a contribuir para o crescimento e evolução da empresa.",Ipiranga,CLT,São Paulo,híbrido
Analista Sustentaçãos Pleno | Raízen Power,"Aqui, os desafios se transformam em oportunidades de inovação que podem impactar em sua trajetória profissional e na vida de milhões de pessoas no Brasil e no mundo. Nós buscamos pessoas cheias de energia e prontas para agarrar novas oportunidades, que realizem um trabalho que gere valor aos nossos clientes e colaboradores(as).Buscamos pessoas protagonistas com o propósito de contribuir à tecnologia na jornada de democratização do acesso à energia renovável. Na Raízen, ""O Futuro é Agora"", e aqui você terá a oportunidade de liderar a construção de produtos digitais de ponta que revolucionarão o setor de energia.Seja parte de um empreendimento transformador e totalmente digital, que busca pessoas distintas e valoriza a simplicidade, agilidade e autonomia. Aqui, você atuará em uma equipe estratégica, composta por mais de 10 squads, trabalhando com perfis diversos e multidisciplinares. Estamos nos preparando para a abertura do mercado, e você será responsável por garantir experiências incríveis para milhões de clientes por meio da entrega de qualidade de aplicativos personalizados e contribuindo para a adoção de práticas modernas e ágeis de desenvolvimento de software.Como Analista de Sustentação Pleno, você integrará nosso time de TechOps, atuando no nível N2, colaborando com a central de atendimento (N1) e colaborando com o time de desenvolvedores e arquitetos das squads do Programa Waze para resolver incidentes e solicitações de serviços.Venha fazer parte de um time de inovadores em uma empresa dinâmica, colaborativa e com visão de futuro que está causando um impacto significativo, tornando o futuro da energia mais verde e sustentável. Topa o desafio?Responsabilidades e atribuiçõesAtuar como ponto focal (segundo nível) oferecendo suporte técnico para resolver incidentes e solicitações de serviços;Diagnosticar e solucionar incidentes, garantindo a estabilidade e disponibilidade dos sistemas;Colaborar estreitamente com a central de atendimento (N1) para entender e solucionar os problemas reportados pelos usuários finais;Interagir com o time de desenvolvedores e arquitetos (N3) para reportar bugs, sugerir melhorias e garantir a eficácia das soluções;Manter documentação atualizada sobre procedimentos de suporte, resolução de problemas e configurações dos sistemas sob responsabilidade;Monitorar e analisar métricas de desempenho dos sistemas, identificando oportunidades de otimização e prevenção de problemas recorrentes;Colaborar com melhoria contínua dos sistemas e produtos desenvolvidos no Programa Waze, garantindo a integridade e a segurança das soluções implementadas.Requisitos e qualificaçõesFormação superior Completa em Análise De Sistemas, Ciências da Computação, Engenharia ou áreas correlatas;Experiência em suporte técnico e noções de sistemas e bancos de dados;Habilidades de comunicação interpessoal para colaborar efetivamente com diferentes níveis da equipe;Experiência em sistemas operacionais, redes e infraestrutura de TI;Experiência em trabalhar com squads de desenvolvimento e compreensão dos processos ágeis;Conhecimento Jira, PowerApps, Service Now (desejável).Informações adicionaisETAPAS DO PROCESSO SELETIVO:Nosso processo contempla 3 etapas principais (podem ter outras, e você ficará por dentro caso avance):Inscrição - preenchimento deste formulário e de dados adicionais, caso necessário.Entrevista com o RH - um bate-papo para nos conhecermos.Entrevista com a liderança: bate-papo mais técnico para contar ainda mais sobre o dia a dia e os desafios.Nossa comunicação será por e-mail e telefone - confira se seus dados estão atualizados.&nbsp;CONHEÇA MAIS SOBRE O QUE É SER RAÍZENQue tal conhecer mais sobre como é fazer parte da Raízen e entender como a nossa cultura RAIZ contribui para um ambiente de trabalho em que você terá oportunidade de promover um impacto positivo no mundo?Nosso Instagram de Carreiras: @raizencarreirasNão é essa a vaga ideal? Volte para a página principal: https://carreiras.raizen.com.br/Também quer receber novidades sobre a Raízen no e-mail? https://chat.sparkrh.com/gente-raizen/news#VemSerRaízen",Raízen ,CLT,São Paulo,remoto
Analista de Riscos (Risco Operacional e Controles Internos) | Cresol Confederação ,"Venha fazer a diferença com a gente! 🧡Estamos em busca de um(a) Analista de Riscos para fortalecer ainda mais o nosso time!Se você acredita no poder do trabalho em equipe, na construção de um ambiente colaborativo e no impacto positivo que pode gerar na comunidade, essa oportunidade é para você!Aqui na Cresol, crescimento é sobre desenvolver talentos, fortalecer conexões e criar um ambiente onde cada pessoa se sinta valorizada. Se você está pronto(a) para esse desafio e quer fazer parte de algo grandioso, vem para a Cresol e embarque na onda laranja! 🧡✨ Juntos, vamos mais longe! 🚀Responsabilidades e atribuiçõesElaboração de matriz de riscos e controles;Realização de testes dos controles internos de acordo com metodologia estabelecida;Identificação da causa raiz das deficiências encontradas e tratamento dos riscos;Elaboração e manutenção indicadores de riscos;Monitoramento da evolução dos planos de ação e avaliação das evidências de implementação;Manutenção e atualização da metodologia de Riscos Operacionais e Controles Internos para melhorias nos padrões internos de avaliação de risco;Apoio na disseminação da cultura de riscos.Requisitos e qualificaçõesEnsino superior completo em Contabilidade, Administração, Sistemas da Informação, Tecnologia ou áreas correlatas;Experiência em Instituições Financeiras reguladas pelo Banco Central;Conhecimento de COSO e das principais regulamentações de riscos do Banco Central;Diferenciais: certificação ou conhecimento em Cobit, ITIL, NIST e normas da ISO 27000, e experiência em tratamento de banco de dados e dashboard (com SQL, Phyton e SAS).Informações adicionaisConfira nossos benefícios:Para o seu crescimento e futuro ✅🚀Adicional por Tempo de Serviço – Reconhecemos sua dedicação e trajetória conosco.Auxílio Pós-Graduação – Investimos no seu conhecimento com um incentivo especial para sua Pós-Graduação.Descontos Educacionais – Possuímos parcerias exclusivas com universidades para Graduação, Pós-Graduação e MBA.Universidade Corporativa Cresol – Oportunidades incríveis de aprendizado para potencializar sua carreira.Para celebrar os momentos especiais 🎉🥂Day Off de Aniversário – No mês do seu aniversário, além de um presente especial, você tem direito a um dia de folga para você comemorar como quiser!Bônus Papai e Mamãe – A chegada de um filho merece ser celebrada! Aqui, você recebe um incentivo especial nesse momento único.Kit do Bebê – O carinho da Cresol já começa desde o nascimento, com um presente especial para seu bebê.Auxílio Casamento – Um apoio financeiro para você celebrar esse novo capítulo da sua vida.Cartão Natal – Um presente para tornar sua ceia ainda mais especial ao lado de quem ama.Para o seu bem-estar e qualidade de vida 🧘🏋️🧠Plano de Saúde e Plano Odontológico – Sua saúde em primeiro lugar! A mensalidade é 100% custeada pela Cresol.Incentivo à Atividade Física – Acesso a academias, yoga, meditação e muito mais para seu bem-estar.Ginástica Laboral – Alongamentos e exercícios no trabalho, pensando no seu Bem Estar.Incentivo à Doação de Sangue – Reforçamos a cooperação com um benefício financeiro para quem doa sangue.Cresol Acolhe – Apoio emocional com sessões de terapia gratuitas para cuidar da sua saúde mental.Para sua segurança e estabilidade 🌱💲Seguro de Vida – Proteção extra para você, incluindo cobertura para doenças graves.Cresol Longevidade – Construção de reserva financeira para um futuro mais seguro.Previdência Privada – Planeje o futuro com uma reserva financeira e contrapartida da Cresol.Crédito Consignado (Empréstimo) – Condições especiais para colaboradores organizarem suas finanças.Prêmio de Reconhecimento – Valorizamos quem faz a diferença e contribui para nossa história.PPR (Programa de Participação nos Resultados) – Aqui, temos um planejamento e o seu esforço gera reconhecimento e recompensa.Para você e sua família 👨‍👩‍👧 👶🐶Vale Alimentação e/ou Refeição – Para tornar seu dia a dia mais prático.Auxílio Creche – Apoio para a educação e cuidado dos seus filhos até 7 anos.Auxílio Material Escolar – Um incentivo para a educação dos seus filhos até 11 anos e 11 meses.Vale Transporte – Facilitamos sua locomoção com transporte público coletivo.Férias Flexíveis – Divisão das férias em até três períodos, para melhor planejamento pessoal.Licença Pet – Adotou um pet? Você ganha 2 dias de folga para curtir esse novo membro da família.Licença Maternidade Estendida – Além dos 120 dias da lei, escolha entre mais 30 dias integrais ou 60 dias meio período.Licença Paternidade Estendida – O papai também tem mais tempo para curtir esse momento, com 5 dias extras além dos previstos em lei.Para os momentos delicados 🖤Auxílio Falecimento – Um suporte financeiro mensal por um ano aos dependentes legais do colaborador que faleceu.Auxílio Funeral – Apoio para despesas em momentos difíceis.Licença Luto – Mais 3 dias úteis de licença, além dos previstos em lei, para momentos de despedida de pais, filhos, irmãos ou cônjuge.Para fortalecer nosso orgulho de pertencer 🧡Uniforme – Conforto, identidade e orgulho de vestir a nossa marca.",Cresol Oficial,CLT,Paraná,presencial
Analista de RH - JR,"Somos uma empresa que cuida da Nossa Gente, zela pela simplicidade, valoriza o Ser Humano e acredita no poder da diversidade e inclusão. Estamos com uma posição de&nbsp;Analista de Recursos Humanos Jr., também aberta para inscrição de Pessoa com Deficiência.Responsabilidades e atribuições• Controlar a entrega de Uniforme e EPI´s, executando a solicitação de compra conforme a necessidade.• Realizar o tratamento do ponto eletrônico dos colaboradores, lançando atestados, justificativas de faltas e/ou abonos conforme alinhamento junto ao Gerente da Loja, imprimindo e recolhendo a assinatura, mantendo o documento arquivado;• Realizar o processo de rescisão de acordo com orientações do Gerente, lançando os dados em sistema e executando a entrevista de desligamento, buscando orientação do Jurídico nos casos de justa causa para proceder conforme a legislação vigente;• Executar ações internas de endomarketing, tais como Aniversariantes do Mês, Café com o Gerente, Dia das Crianças etc;Acompanhar&nbsp;junto aos colaboradores a realização das capacitações comportamentais e obrigatórias programadas pela UA;&nbsp;Acompanhar e executar&nbsp;ações definidas de saúde e segurança em parceria com o SESMT (ex: atualização dos periódicos, suporte fiscalizações, etc);Apoio no suporte de envio de documentos/indicação de testemunhas ao jurídico nas demandas de ações trabalhistas.Requisitos e qualificaçõesFormação acadêmica mínima: Ensino Superior Completo ou Superior cursando. Desejável cursando superior em áreas correlatasExperiência anterior na função.Informações adicionais",confidencial_vagas,CLT,Tocantins,presencial
ANALISTA DE BANKING SERVICES," Modelo de trabalho: Híbrido com escalaRequisitos e qualificaçõesCompetências: Atitude de dono , Capacidade analítica , Colaboração , Comunicação escrita , Comunicação verbal , Foco em resultados , Foco na performance , Foco no cliente , Gestão de risco , Indignação construtiva , Lidar com pressão , Motivação em aprender coisas novas , Organização , Paixão por desafios , Proatividade , Raciocínio Lógico , Relacionamento interpessoal , Resiliência e flexibilidade , Senso Crítico , Simplicidade , Trabalho em equipe  Formação: Superior Completo - Administração , Superior Completo - Comunicação Social , Superior Completo - Comércio Exterior , Superior Completo - Relações Internacionais , Superior Completo - Direito  Idioma: Inglês - Fluente , Espanhol - Intermediário  Certificação: CPA - 20Informações adicionaisEstamos em constante transformação e esperamos que você nos ajude nessa jornada!Se identificou? Quer fazer parte do nosso time? Inscreva-se no nossa oportunidade.#vemproItaúO Itaú irá utilizar os dados fornecidos para fins de processos seletivos, inclusive em bancos de vagas alocados em plataformas terceiras. Caso deseje solicitar oposição a este uso, ou exercer quaisquer um dos seus direitos, entre em contato através de nossos canais, disponíveis na Política de Privacidade de candidatos do Itaú Unibanco (https://www.itau.com.br/privacidade/candidatos/). Não há necessidade de aceitar, trata-se apenas de uma ciência.",Itaú Unibanco,freelancer,São Paulo,presencial
ANALISTA DE RH,"Administrar as atividades de Gestão de Pessoas, realizando interface com a área Gente &amp; Ação da Matriz. Efetuar monitoramento, lançamentos e processos de admissões e férias, repasse de informações/dados para fechamento da folha de pagamento, Benefícios, Treinamento e desenvolvimento, Recrutamento e Seleção. Garantir a apuração do ponto eletrônico. Efetuar atendimento aos colaboradores.Responsabilidades e atribuiçõesRepassar informações e dados para administração pessoal e processamento da folha de pagamento; Monitorar os lançamentos das informações referentes a admissões, férias e outros relacionados aos colaboradores da Unidade; Monitorar o pedido e controlar a distribuição do Vale-Transporte, através do levantamento do número de usuários, valores e quantidades de vales, para atender as necessidades de transporte dos colaboradores da unidade; Monitorar o recebimento e verificação da documentação, para realizar o registro de novos colaboradores; Monitorar e controlar o vencimento dos prazos de experiência nos contratos de trabalho dos colaboradores da unidade; Monitorar o levantamento de débito por ocasião da demissão de empregado; Monitorar o recebimento e conferência atestados médicos, emitindo guias de retorno ao trabalho e encaminhandoos ao departamento médico; Monitorar a apuração semanalmente do ponto eletrônico, exportando os dados do sistema, a fim de emitir os relatórios e repassar aos responsáveis das áreas para validação; Monitorar a consolidação mensal dos espelhos de ponto, para colher assinaturas dos colaboradores e responsáveis das áreas; Monitorar a inclusão e exclusão dos colaboradores nos benefícios, preenchendo os formulários e enviando documentos necessários; Monitorar as informações dos lançamentos das variáveis (co-participação da Assistência médica, promoções, enquadramento salarial, movimentação no Programa de Incentivo ao Estudo etc.) para área de Remuneração, a fim de efetuar o cálculo da folha; Acompanhar e efetuar os controles necessários à mão-de-obra temporária;",idlogistics,CLT,São Paulo,presencial
Analista de TI,"A Prestige Assessoria, é uma empresa que presta serviço e que atua no ramo comercial desde o ano de 2014 e temos como missão atuar junto às operadoras de cartão de crédito, oferecendo suporte para as atividades desenvolvidas na região Nordeste/ Sudeste. Além disso, nossa visão é ser a referência nacional em credenciamentos/&nbsp;&nbsp;recredenciamentos e prestação de serviço.Buscamos profissional para atuar na área de tecnologia do grupo, garantindo a continuidade dos processos de TI da operação. Dará suporte as equipes, clientes e fornecedores.&nbsp;Responsabilidades e atribuiçõesProjetar sistemas de TI eficientes para atender às necessidades comerciais e tecnológicas;Fornecer orientação e treinamento técnico para as pessoas colaboradoras;Integrar múltiplos sistemas e conciliar as necessidades de diferentes equipes;Criação, gerenciamento e resolução de problemas relacionado a e-mails coporativos;Atuar garantindo a segurança das informações tratadas no Grupo orientando os processos de TI;Habilidades Técnicas&nbsp;Conhecimento em soluções de segurança, diagnóstico, resolução de problemas, gerenciamento de e-mails e banco de dados, contas do google e microsoft.Requisitos e qualificaçõesA vaga exige o nível técnico completo, conhecimento na área e experiência comprovada e desejável superior; desejável conhecimento em LGPD;Habilidades comportamentaisFacilidade de comunicação com equipe, clientes e fornecedores, concentração, dinamismo e pró atividade.Informações adicionaisBenefícios: Vale alimentação, transporte, celular corporativo, plano odontológico, assistência à saúde, seguro de vida.&nbsp;&nbsp;",Prestige Assessoria e Serviços,CLT,Bahia,presencial
Analista de Incidentes,"Você é o tipo de pessoa engajada por transformação, inovação e tecnologia? Gosta de trabalhar em equipes autônomas e com liberdade criativa? A tgid nasceu com o propósito de auxiliar empreendedores a tirar seus projetos do papel, contando com uma equipe altamente qualificada e experiente no mercado de startups. Chegamos até aqui incentivando a liberdade e criatividade do nosso time!&nbsp;E aí? O que você acha se juntar ao nosso time e fazer parte do nosso ecossistema?Responsabilidades e atribuiçõesReceber e responder a alertas e notificações de incidentes de usabilidade e instabilidade.﻿Agir de forma rápida e coordenada para conter, analisar e solucionar os incidentes, seguindo os procedimentos de resposta apropriados;Investigar eventos anômalos e desenvolver regras e alertas para aumentar a capacidade de detecção precoce;Realizar investigações detalhadas para entender a natureza e a extensão dos incidentes que estejam afeitando a estabilidade e usabilidade do produto/serviço;Coletar e preservar evidências digitais de acordo com as melhores práticas;Trabalhar em conjunto com equipes de back-end e operações para compartilhar informações, coordenar ações de resposta e garantir que as medidas corretivas sejam implementadas;Documentar os incidentes, incluindo ações tomadas, impacto, lições aprendidas e recomendações para melhorias futuras.Manter registros precisos de todos os incidentes e suas resoluções;Identificar tendências e padrões de incidentes para prevenir futuros incidentes;Apoiar as demandas do time desenvolvimento back-end.Requisitos e qualificaçõesExperiência em teste de unidade, teste de integração e frameworks Spring Boot;Imprescindível o conhecimento em linguagens de programação backend, como JPA (Java Persistence API), Java Spring Boot, Banco de dados Postgre e SQL, assim como conhecimento de Arquitetura de Sistema REST;Conhecimento de infraestrutura em nuvem, como Amazon Web Services (AWS) ou Microsoft Azure.Familiaridade com ferramentas de controle de versão, como Git;Capacidade de aprender rapidamente e se adaptar a novas tecnologias e tendências;Excelentes habilidades de comunicação e trabalho em equipe para colaborar efetivamente com outros membros da equipe;Habilidades de resolução de problemas e depuração para identificar e corrigir problemas de software;Ensino superior em curso ou completo em Ciência da Computação, Engenharia de Software, Sistemas de Informação ou áreas relacionadas.Informações adicionais",Transform and grow in Digital,PJ,São Paulo,remoto
Analista PL de produtos SafraPay ( Analytics)," Estamos em busca de um profissional que busque desafios para assumir a posição de Analista PL de produtos com foco em Analytics. A área de Produtos, Bandeiras e Terminais tem como objetivo desenvolver novos Produtos para a SafraPay, como novos terminais, novas bandeiras e funcionalidades essenciais para o uso do cliente. Temos também que monitorar e evoluir os Produtos já existentes, fidelizando e ajudando o cliente gerir melhor o seu negócio. Para tanto temos produtos e processos como o Conciliador, Maquininha/POS, Pré Autorização, PIX, Chargeback, entre outros que possibilita o estabelecimento comercial melhorar o seu negócio e ter uma oferta completa de serviços para o cliente final.Responsabilidades e atribuiçõesAtuará dentro da área de Produtos, estruturando as bases de dados, KPI’s, Dashboards e auxiliando os donos de produtos na elaboração do P&amp;L dos produtos. Deverá interagir com as áreas de Tecnologia, CRM e correlatas de forma a construir as bases de dados e visões necessárias para execução das atividades.&nbsp;Requisitos e qualificaçõesAtividades: Atuará dentro da área de Produtos, estruturando as bases de dados, KPI’s, Dashboards e auxiliando os donos de produtos na elaboração do P&amp;L dos produtos. Deverá interagir com as áreas de Tecnologia, CRM e correlatas de forma a construir as bases de dados e visões necessárias para execução das atividades.&nbsp;Pré-requisito: Conhecer SQL e/ou outras linguagens de banco de dados, Excel, Access e criação de dashboards em PowerBI.&nbsp;Perfil: O profissional deve ser analítico e ter sede de aprendizado para conhecer o negócio e buscar através dos dados a geração de insights.&nbsp;Diferenciais: Já ser um usuário habitual do Cloudera&nbsp;&nbsp;Informações adicionaisTrilhas de capacitação acadêmica e técnica;Oportunidade de encarreiramento;Vale Refeição e Vale Alimentação;Convênio médico e odontológico;Seguro de Vida;PLR (conforme resultados do banco);Condições especiais em nossos produtos financeiros;Auxílio Creche / Babá;Incentivo educacional;Gym Pass;J. Safra Clube (descontos em farmácias, lazer, bem estar e saúde, educação, colônia de férias no litoral Sul de São Paulo).&nbsp;",Safra,CLT,São Paulo,presencial
Pessoa Analista de Planejamento Financeiro,"Ser a Melhor Empresa de Saneamento PARA o Brasil. Nascemos em 2017 com esse compromisso. Desde então, estamos presentes em 39 municípios, com mais de 2,5 mil colaboradores, 6 milhões de clientes e o propósito de atuar da melhor forma para levar saneamento às populações atendidas, ajudando o país a alcançar a universalização dos serviços de água e esgoto. O saneamento básico no Brasil está no momento de transformação e marcado por novos projetos de expansão. Para o nosso time, buscamos pessoas protagonistas e dispostas a inovar, atuando como agentes transformadores em prol do nosso objetivo. Alinhado ao nosso DNA, queremos promover um ambiente de trabalho sustentável, desenvolvedor e seguro. Local de Atuação: Rio de Janeiro, RJ - Iguá Rio.Responsabilidades e atribuiçõesRealizar o acompanhamento mensal do orçamento, com análise de real vs orçado, motivos dos principais desvios, criação de planos de ação para endereçar potenciais variações, além de criação e definição de KPIs;&nbsp;Elaborar mensalmente relatórios gerenciais de fechamento de resultados a partir de dados operacionais e contábeis, de forma a garantir a visão consolidada das Operações;&nbsp;Atuar na elaboração e acompanhamento do orçamento e suas revisões (forescat), através da elaboração de cronogramas, materiais (excel e templates), coordenação junto às áreas e consolidação das informações&nbsp;Suportar a atualização e revisão do Plano de Negócios da Iguá Rio;&nbsp;Apoiar as apresentações executivas da companhia, realizando o levantamento e acompanhamento de informações além da elaboração dos materiais para liderança, holding e Conselho;&nbsp;Suportar às áreas na confecção e elaboração de modelos operacionais para avaliação de projetos.&nbsp;Requisitos e qualificaçõesO que buscamos:Ensino Superior completo em Administração, Contabilidade, Economia ou Engenharia;&nbsp;Conhecimento avançado no Pacote Office com destaque para Excel e Powerpoint. Experiência com macros (VBA) é um diferencial;&nbsp;Ter experiência prévia com Planejamento Financeiro, preferencialmente com processo orçamentário;&nbsp;Visão holística de negócios e relacionamento com a Liderança;&nbsp;Passagem por empresas de infraestrutura ou intensivas em capital com processos orçamentários estruturados será tratado como um diferencial (nice to have);&nbsp;Experiência com modelagem financeira é um diferencial (nice to have).Na Iguá Saneamento valorizamos a diferença em todos os contextos e trabalhamos para promover uma cultura ética e inclusiva sempre. Como companhia e time, buscamos a equidade e respeitamos todos os tipos de diversidade (Gênero, Deficiência - PcD, LGBTQIAPN+, Étnico racial, Crenças e Gerações). Venha fazer parte dessa mudança, acreditamos na força de cada individualidade para gerar transformação!Informações adicionaisO que oferecemos:Salário compatível com o mercado;Seguro de vida;Plano de saúde extensivo aos dependentes;Plano odontológico extensivo aos dependentes;Vale alimentação;Rede de benefícios e descontos;Serviço de telemedicina;Empréstimo consignado;PLR.",Iguá Saneamento,CLT,Rio de Janeiro,presencial
Analista de Comunicação e Marketing,"﻿Para obtermos os melhores resultados, precisamos dos melhores profissionais.Se você quer fazer a diferença na vida das pessoas pormeio da produção de conteúdo relevante e inovador, essa vaga é para VOCÊ!Aqui somos autênticos, curiosos e muito comunicativos.Responsabilidades e atribuiçõesAtualizar, monitorar e gerar conteúdo para as páginas oficiais da empresa;Produção de conteúdo audiovisual através de stories criativos e inovadores;Produção de legendas criativas, informativas, convidativas,complementares à interação e/ou ao storytelling;Produção de calendário editorial de redes sociais;Apoio em planejamento estratégico e tático, além da organização de diversas ações de marketing associadas às redes sociais e outras mídias;Apoio em eventos;Relatórios periódicos com análise de dados extraídos da plataforma de monitoramento;Sugerir interações nas mídias sociais para campanhas ativas quanto para ações/oportunidades de relacionamento entre a empresa e seus clientes;&nbsp;Relacionamento com fornecedores, influenciadores e parceiros;Criação e gerenciamento de projetos júniores;Acompanhar produção de conteúdo das ações e campanhas digitais e físicas;Acompanhar interação com usuários nas redes sociais e outros ambientes em que as marcas do grupo estejam presentes.Requisitos e qualificaçõesEnsino Superior em: Comunicação Social, Publicidade e Propaganda ou Marketing;Desejável inglês ou outra língua estrangeira (nível básico);Domínio do pacote office;Heavy user de redes sociais;&nbsp;Desejável algum curso de redes sociais;&nbsp;Desejável algum curso de fotografia ou audiovisual;Familiaridade com a plataforma Buzzmonitor.&nbsp;Informações adicionaisVale transporte;Vale refeição;Plano de saúde;Plano odontológico;PPR.",Grupo TT,CLT,Rio de Janeiro,presencial
 Analista Pleno QA ,Analista Pleno QAModalidade de trabalho: Home officeNível: PlenoTipo de Contrato: PJ - Prazo inderteminadoMercado financeiro: Fundos/Taxas/Patrimônio/Cálculo da Cota/Tributos/Come Cotas/Informes LegaisProdutos da Bolsa de Valores e cotas de Fundos de Investimentos - Batimento de Cota e Patrimonio - Experiência em Backoffice&nbsp;Desejável conhecimento Suíte YMF - AMPLIS&nbsp;SAC/FRONT/MCI/MCA/SRC/Informes Legais-SLMExperiência em Testes funcionais e automatizadosExperiência com Selenium e CucumberAo inserir os seus Dados no formulário para cadastro você confere pleno consentimento ao tratamento de dados pessoais nos termos da nossa Política de Privacidade https://www.taking.com.br/politica-de-privacidade/,Taking,PJ,São Paulo,presencial
Analista de Processos Senior,"Analista de Processos SR&nbsp;Descrição &nbsp;Analisar e desenvolver processos produtivos para fabricação de casas em Woodframe.Responsabilidades&nbsp;Desenvolver programas CNC’s através de CAD/CAM.Desenvolver folhas de processos com desenhos detalhados para a produção de elementos a partir de plataforma CAD.Extrair lista com quantitativos dos materiais a ser usados na produção.Desenhar mockups para auxiliar no desenvolvimento de novos produtosTrabalhar na implantação de processos produtivos elaborando materiais e instruções de trabalho para orientação e treinamento dos operadores além de acompanhar as operações iniciais para assegurar o cumprimento da metodologia e objetivos traçados. Efetua eventuais correções, e mantém os devidos registros do trabalho realizado para controle;&nbsp;Desenvolve os indicadores de processo, implantando, listando ou formulando os registros e itens de controle e de verificação para avaliação do desempenho do mesmo e apurar resultados e estatísticas que demonstrem a eficácia do processo;Gera instruções de trabalho detalhando todas as etapas visando sua reformulação, padronização ou implantação, faz modelagem de processos com método estruturado, procedimentos, registros, formulários e documentos idealizados para a eficácia do processo. Coleta informações, realiza pesquisas, esboça e discute detalhes do projeto com os gestores das áreas envolvidas até sua conclusão, viabilização, testes e efetiva implementação (PDCA);Apadrinha os grupos autônomos de TPM, desenvolvendo melhoria dos equipamentos ou dos processos.Desenvolve e desenha dispositivos para produção.Faz a introdução de novos equipamentos acompanhando desde o desenho do layout ao startup do equipamento, fazendo testes de capabilidade para aprovação da instalação.&nbsp;Pré requisitosCAD/CAM, Unigrafics/ Solidwork/Cadwork/Solid Edge/Catia , Autocad/ e/ou outros softwares.Inglês intermediárioConhecimento em TPM / WCM, metodologia de PM será um plus;Domínio do pacote Office;Experiência com operação de máquinasFormação desejada&nbsp;Superior completo em engenharia de processos, mecânica, tecnólogo ou áreas correlatas.&nbsp;Responsabilidades e atribuiçõesRequisitos e qualificaçõesSuperior completo em engenharia de processos, mecânica, tecnólogo ou áreas correlatas.Informações adicionaisAo inserir os seus Dados no formulário para cadastro você confere pleno consentimento ao tratamento de dados pessoais nos termos da nossa Política de Privacidade&nbsp;https://www.taking.com.br/politica-de-privacidade/",Account Manager Jr,CLT,Minas Gerais,presencial
Banco de Talentos - Analista de Logística (Passo Fundo),"Realizar o processo de entrega de produtos fabricados através de pedidos de vendas, controle da utilização dos paletes cheps, captando transportadoras e terceiros na realização dos trabalhos, preparando a roteirização de entrega dentro dos parâmetros estabelecidos, seguindo normas e procedimentos da área.&nbsp;Responsabilidades e atribuiçõesControlar os pedidos de vendas enviados pela área comercial, gerando relatórios e verificando existência de disponibilidade em estoque, definindo tipo de veículo que atenda ao carregamento, captando transportadoras e autônomos que atendam distribuição e entrega dos produtos aos clientes, verificando situação dos autônomos junto a gerenciadora de risco, atentando quanto a situação junto aos órgãos reguladores, solicitando envio dos dados da empresa, dos veículos e dos motoristas, encaminhando a área financeira solicitação de liberação de cheques aos autônomos, para preparar operação de distribuição e entrega de produtos fabricados;Preparar a roteirização de entrega, verificando os pedidos e traçando as rotas, informando as transportadoras os percursos a serem seguidos e referidos pesos, cumprindo normas internas;Preparar a montagem de carga, selecionando o tipo veículo que executará os trabalhos, verificando capacidade de peso, informando a transportadora a carga para que a mesma encaminhe os mesmos dentro dos padrões estabelecidos, enviando ordem de carregamento a área de expedição, para providenciar logística de entrega;Manter contato com as áreas comercial, crédito e financeira, verificando motivos de bloqueios e liberação de carregamento, solicitando explicações sobre os bloqueios, para permitir o carregamento dos pedidos de vendas e liberação dos produtos;Contatar representantes comerciais sobre pedidos de vendas, tratando sobre a utilização do transporte quanto ao carregamento total do veiculo, instruindo-os quanto as devidas formas de ocupação com os produtos e capacidade, para otimização do carregamento;Acompanhar e verificar estoque dos produtos acabados, recebendo relatórios da área de estoque, analisando a quantidades disponíveis, para permitir planejamento e programação de liberação de pedidos;Acompanhar as programações de entregas enviadas pela área comercial, verificando as datas, quantidades, locais de entrega e outras informações, contratando os serviços das transportadoras ou autônomos, realizando os procedimentos dentro dos padrões estabelecidos, para cumprir as negociações realizadas pela área comercial;Controlar a utilização dos paletes chep utilizados no armazenamento dos produtos acabados, mantendo contato com a empresa fornecedora do material em termos de contrato de serviços, utilização na empresa, informe da utilização nos clientes, pagamentos de taxas de utilização, substituição em casos de avariais, controle de estoque e necessidade de abastecimento, para cumprir cláusulas contratuais com a referida empresa;Informar a empresa mantenedora dos serviços de utilização de paletes do cadastrado de novos clientes, passando informações cadastrais dos mesmos, para permitir controle e cobrança das taxas de utilização dos paletes;Monitorar carregamento, fazendo acompanhamento através de e-mails enviados pela expedição;Cumprir com as normas e regras internas, de acordo com a Ordem de Serviço (OS) de Segurança e Medicina do Trabalho e&nbsp;instruções de trabalho, em consonância com procedimentos de Qualidade, Meio Ambiente, Saúde e Segurança Ocupacional, cumprindo ainda os requisitos legais e outros requisitos na execução de suas atividades e rotinas visando a saúde e segurança no desempenho de suas atividades.Requisitos e qualificaçõesSuperior completo em Administração, Logística Empresarial ou cursos afinsDomínio do Pacote OfficeInformações adicionaisBenefícios; Pacote Atrativo",Italac ,banco de talentos,Rio Grande do Sul,presencial
Analista de Infraestrutura de TI,"16399 - Analista de Infraestrutura de TI Modelo de atuação home officeContratação PJ (indeterminado)Inglês intermediário• Experiência comprovada e conhecimento de infraestrutura de TI em ambientes de Cloud;• Conhecimento em uma ou mais das seguintes tecnologias: agendamento de tarefas, Windows, Unix (AIX, Red Hat Linux, SuSE Linux), Banco de Dados (SQL, Oracle, MySQL, Hana), Dispositivos de Rede;• Disposição para trabalhar em um ambiente 24x7;• Fortes habilidades de solução de problemas;• Capacidade de multitarefa em um ambiente de ritmo acelerado;• Excelente capacidade de aprender e articular conceitos técnicos e relacionados a software;• Excelente Orientação para o Atendimento ao Cliente;• Relacionamento interpessoal, trabalho em equipe, fortes habilidades de escuta ativa e excelentes habilidades de comunicação escrita e oral;• Experiência relevante em suporte técnico ao cliente com uma forte experiência de interação com o cliente.Turno das 7 às 17h - Deslocada (folga segunda e terça)",Account Manager Jr,PJ,São Paulo,remoto
Analista de Suporte,"01 - Analista de SuporteFormação: Ciências da Computação, Análise de Sistemas, Tecnologia da Informação, ou similarLínguas: Inglês avançado | Espanhol avançadoConhecimentos: Funcional/TécnicoExperiência com EBS e Fusion Cloud com ""foco"" nos produtos de localizações, sendo:1. EBS (LAD Add-on Localizations): Recebimento Integrado; Brazilian Electronic File Transfer for Payables; Brazilian Payables Withholding Tax; Brazilian Solution for Electronic Tax Payment; Brazilian Payables DDA Loader; Brazilian Electronic File Transfer for Receivables; Brazilian Periodic Average Cost Localization; Brazilian Cash Management; Brazilian Electronic Billing Information; Brazilian Human Resources Complements; Brazilian Solution for Inter-Org Transfers; Brazilian Third Party Material Governance; Brazilian Electronic Fiscal Document Loader; Brazilian Fiscal Management; R12.0 ISV Integration Solution.2. Fusion Cloud (Latin America Cloud Local Solution (LACLS)): Brazil (AP, AR, CE e ISVs), Argentina, Colômbia e demais países da América Latina atendidos pelas soluções de LACLS.Conhecimentos básicos/Intermediários em ferramentas de suporte/desenvolvimento: PL/SQL, Forms, Reports, Java, OAF, XML Publisher, Oracle Middleware (SOA), Oracle BI Publisher, OIC, VBCS, além de claros conceitos em relação ao Oracle Fusion Cloud (SaaS, PaaS, IaaS, DBaaS).Tempo de projeto – 12 meses com possível prorrogação.Horário de trabalho: 9 h às 18 h, com disponibilidade para trabalhar em fins de semana e feriados em regime de escala (sobreaviso programado).Local de trabalho: Home-office com algumas idas ao escritório caso necessário / São Paulo.Informações adicionaisAo inserir os seus Dados no formulário para cadastro você confere pleno consentimento ao tratamento de dados pessoais nos termos da nossa Política de Privacidade https://www.taking.com.br/politica-de-privacidade/&nbsp;",Account Manager Jr,PJ,São Paulo,presencial
16371 - Analista Pleno QA ,16371 - Analista Pleno QAModalidade de trabalho: Home officeNível: PlenoTipo de Contrato: PJ - Prazo inderteminadoMercado financeiro: Fundos/Taxas/Patrimônio/Cálculo da Cota/Tributos/Come Cotas/Informes LegaisProdutos da Bolsa de Valores e cotas de Fundos de Investimentos - Batimento de Cota e Patrimonio - Experiência em Backoffice&nbsp;Desejável conhecimento Suíte YMF - AMPLIS&nbsp;SAC/FRONT/MCI/MCA/SRC/Informes Legais-SLMExperiência em Testes funcionais e automatizadosExperiência com Selenium e CucumberAo inserir os seus Dados no formulário para cadastro você confere pleno consentimento ao tratamento de dados pessoais nos termos da nossa Política de Privacidade https://www.taking.com.br/politica-de-privacidade/,Taking,PJ,São Paulo,presencial
Analista de Planejamento Operacional Pleno,"Caso você seja uma pessoa que age como dono para enfrentar desafios, se adapta à novas tecnologias, se preocupa com o próximo, e Entrega trabalhos excelentes, temos um lugar especial para você!Somos uma multinacional do ramo do Agronegócio em fase de expansão, com ótimas oportunidades de carreira.Sua Missão será,&nbsp;administrar a demanda de Analista de Planejamento Operacional PlenoResponsabilidades e atribuiçõesResponsável pelo planejamento e controle produtivo (PCP);Colaborar com a Integração entre as áreas da companhia;Responsável pelo aprimoramento das ferramentas e relatórios de planejamento;Desenvolver indicadores produtivos de desempenho, logístico, fabril, disponibilidade;Relatórios de precisão, desempenho e previsões.Requisitos e qualificaçõesExperiência com PCPM Planejamento Controle de Produção e Materiais;Power Point - Avançado;Microsoft Excel - Avançado;Power BI ( Desejável );Capacidade Analítica ( Leitura e análise de dados );Visão sistêmica e processual;Comunicação.",indorama,CLT,São Paulo,presencial
Analista Fiscal Sr,"A&nbsp;Ekko Group&nbsp;quer muito ter você em nossa equipe. Valorizamos o seu melhor lado humano, além do profissional.O que esperamos de você futuro Ekko Grouper?Primeiro de tudo! muita vontade de crescer e de fazer a diferença :)Responsabilidades e atribuiçõesAlém disso, você também vai:Compilar dados para realização do fechamento mensal de impostos (PIS, COFINS, ISS, RET, INSS).&nbsp;Analisar e conferir dados para o envio das obrigações acessórias (SPED Contábil, Fiscal, EFD PIS, COFINS, DCTF, REINF, PER / DCOMP e DIPJ).&nbsp;Participar na elaboração do relatório gerencial dos faturamentos e impostos mensais.&nbsp;Levantar documentos para auditoria interna e comprovações solicitadas referente às despesas.&nbsp;Manter atualizado o controle de plano de contas e cadastro dos insumos, para correta contabilização.&nbsp;Providenciar e apresentar documentação solicitada pelas fiscalizações.&nbsp;Conferir as entradas e saídas de bens e mercadorias, para apuração dos impostos.Requisitos e qualificaçõesO que esperamos de você:Compilar dados para realização do fechamento mensal de impostos (PIS, COFINS, ISS, RET, INSS). Analisar e conferir dados para o envio das obrigações acessórias (SPED Contábil, Fiscal, EFD PIS, COFINS, DCTF, REINF, PER / DCOMP e DIPJ). Participar na elaboração do relatório gerencial dos faturamentos e impostos mensais. Levantar documentos para auditoria interna e comprovações solicitadas referente às despesas. Manter atualizado o controle de plano de contas e cadastro dos insumos, para correta contabilização.Informações adicionaisAlguns dos nossos benefícios:• VR (R$ 28,00 por dia);• Plano médico Bradesco com subsídio de 100% para o titular (sujeito análise conforme normas da ANS), dependentes adicionais custo do colaborador / 30 dias após admissão;• Plano Odontológico (custo 100% do titular);• Seguro de vida;• Auxílio combustível 0,80 p/km limitado ao pagamento de 1000KM percorridos por mês, ou Fretado limitado a R$800,00, ou Vale Transporte convencional;• Auxílio Educação (50% do curso limitado a R$ 350,00) elegibilidade após 90 dias de contrato para cursos rápidos, e 1 ano para graduação e pós-graduação.• ICP – 1 salário e meio / ano (base de atingimento 100% das metas).• Convênio com o Sesi;• TotalPass – Convênio com Academias;• Day Off de aniversário;• Kit Aniversário;• Kit Casamento;• Kit Bebê;• Copa no local;• Café da manhã;• Café da tarde.",Vem ser EkkoGroup,CLT,São Paulo,presencial
Analista de Sistemas/Soluções (Telecomunicação),"Experiência: Domínio técnico em identificação de soluções e analise Ponto-a-ponto de Editais e RFPs referente à produtos e soluções de Redes IP e Redes Ópticas (GPON e Huawei)Domínio em executar apresentações técnicas (pré-vendas), bem como elaboração de treinamentos à clientes e parceiros.&nbsp;Conhecimentos básicos:Redes IP (IPV4/v6 e MPLS); Redes ópticas (GPON e DWDM).Vivência com produtos e soluções da HUAWEI, JUNIPER, EXTREME, CISCO, NOKIA, ZTE, PADTEC.Responsabilidades e atribuiçõesAtividades:Auxiliar o time de Engenharia &amp; projetos nos atendimentos de suporte técnico inicial à clientes;Elaboração de treinamentos periódicos aos times comerciais e clientes/parceiros sobre os produtos e soluções dos nossos principais fabricantes.Desenvolvimento de documentações e procedimentos técnicos ou operacionais.Apoiar na execução de traduções e interpretações técnicas de aplicação de uso dos equipamentos e/ou componentes, objetivando auxílio aos times de importação e produtos dos nossos principais fabricantes.·&nbsp;&nbsp;&nbsp;&nbsp;&nbsp;&nbsp;&nbsp;&nbsp;Acompanhar e atualizar a base de dados internas no compartilhamento de atualizações de Softwares e Patches dos principais equipamentos dos nossos fornecedores (Hikvision, Huawei e Motorola)Requisitos e qualificaçõesIdioma: Inglês Técnico de nível Intermediário (Escrita e interpretação).Certificações técnicas importante para a área (HCIA, CCNA ou JNCIA).Formação: Engenharia de Telecomunicações, Eletrônica, Computação ou Tecnologia correlacionadas.Informações adicionaisFácil acesso a região de Pinheiros/SP.Benefícios:Assistência MédicaAssistência OdontológicaSeguro de VidaVR/VAVTPLRGympassDay Off aniversárioParcerias com faculdades, cursos e instituições, algumas se estende aos dependentes.",Agora Telecom ,CLT,São Paulo,presencial
Analista de Suporte em campo,"A missão da&nbsp;Suflex&nbsp;é&nbsp;transformar o mundo da cozinha e&nbsp;tornar sua operação mais&nbsp;simples&nbsp;e&nbsp;inteligente.Não estamos contentes com pouco, nosso time transborda vitamina C, através de&nbsp;criatividade, coragem, clareza, confiança e consciência!Por isso convidamos você&nbsp;a&nbsp;se juntar à nossa equipe,&nbsp;com o objetivo&nbsp;de&nbsp;construirmos juntos um&nbsp;mundo mais inovador.&nbsp;Responsabilidades e atribuiçõesGarantir a execução dos processos operacionais;Implementar novos clientes;Dar todo o suporte presencial e remoto a toda carteira de clientes;Realizar manutenção preventiva e corretiva;Realizar visitas técnicas;Realizar treinamentos;Reportar sugestões e reclamações dos clientes;Conhecer todas as etapas de funcionamento dos produtos;Comunicar incidentes ao superior imediato.Realizar Setup de equipamentos;Realizar implantação presencial e remota de novos clientes;Zelar pelo Patrimônio da companhia;Realizar o preenchimento dos dados dos clientes nas ferramentas disponibilizadas pela empresa;Dar suporte ao usuário através de e-mail, whatsapp, telefone;Realizar relatórios de visitas técnicasRequisitos e qualificaçõesTer experiência no setor de bares e restaurantes, vendas, atendimento ao cliente, suporte.Possuir moto, categoria A válida.Residir em São Paulo;Estar cursando Ensino Técnico ou SuperiorSentimento de DonoResolução de problemasProativoEmpatiaInformações adicionaisNossos benefícios:Plano de Saúde 400 QP;Plano Odontológico;Vale Refeição ou Alimentação.Seguro de vidaAjuda de custoE mais:Modelo de trabalho presencial e CLT (Residir em SP - Capital);40 horas semanais;Dia a dia descontraído e acolhedor;Prezamos pela diversidade, liberdade, flexibilidade e autonomia!",SUFLEX,CLT,São Paulo,presencial
Analista de DP,"Se você é apaixonado por gente e tecnologia, aqui é o seu lugar!Somos curiosos, ousados, determinados e muito comunicativos.Se você gostaria de trabalhar em uma equipe show de bola, e em uma empresa que não para de crescer, vem fazer parte do time!Boa sorte! =)Responsabilidades e atribuiçõesLevantar cálculos dos pagamentos relativos a férias, rescisões de contrato de trabalho e outros relacionados a folha, visando o seu correto pagamento e cumprimento dos prazos legais;Realizar levantamento de dados para a folha de pagamento, verificando cálculos de horas e descontos, visando o seu correto processamento;Calcular os encargos trabalhistas e confeccionar as guias de recolhimento DAE, FGTS, DARF, GRCSU, GRRF, DCTFWeb informações sociais, DIRF, E-SOCIAL, RAIS, visando o cumprimento dos prazos e determinaçãoes legais;Emitir relação para crédito em conta salário dos funcionários;Atender as solicitações dos funcionários no que se refere a informações sobre a folha de pagamento e outros assuntos relacionados com o vínculo empregatício;Fazer a classificação da folha de pagamento, conforme o plano de contas, para processamento pela contabilidade;Emitir e analisar relatórios mensais com dados da folha de pagamento para efeitos de contabilização e controle de custos;Preparar relatórios, conforme solicitação, com informação da folha, de acordo com a necessidade;Administrar a classificação dos documentos relacionados a folha, como de “Arquivo ativo e inativo” da empresa;Interagir com a área financeira para elaborar a agenda de pagamentos dos salários;Recepcionar e conferir as movimentações salariais dentro do mês, solicitar que seja efetuando os registros necessários para elaboração da folha de pagamento;Analisar e controlar os custos das despesas de pessoal da empresa e conciliar com a Previsão Orçamentária;Analisar e conferir os valores da Folha de Pagamento e dos cálculos dos encargos incidentes sobre esses valores;Garantir a consolidação dos fechamentos conforme cronograma elaborado pela gerência;Analisar e conferir as informações referentes a manutenção do ponto eletrônico;Analisar e conferir as movimentações e custo dos benefícios;Recepcionar notificação trabalhista, preparar documentação e atender a fiscalização;Atuar como preposto da empresa em audiências trabalhistas;Orientar as unidades ou setores&nbsp;da empresa sobre procedimentos do DP, visando assegurar a qualidade das informações e conformidade com os procedimentos legais;Atualizações de IP's;Experiência no sistema TOTVS (Protheus);Preencher planilhas de indicador de desempenho com suas respectivas rastreabilidade e propor ações de melhorias.Requisitos e qualificaçõesExperiência no cargo/função;Ensino superior completo;Excelentes capacidades de comunicação, oral e escrita, com clientes, parceiros e fornecedores;Excelente atenção à detalhes e processos operacionais;Conhecimento em TOTVs;Pacote Office / Vivência em sistemas de folha.Informações adicionaisSalário: R$ 3.392,89Benefícios: Vale Transporte + Vale Refeição R$ 25,00 por dia + Vale Alimentação R$ 160,00 por mês + AM e AO SulAmérica após 3 meses + Seguro de Vida;Jornada de Trabalho: De segunda a sexta-feira das 08:30h às 18:18h;Local de trabalho: Barra da Tijuca, RJ.",Città Telecom,CLT,Rio de Janeiro,presencial
Banco de Talentos - Analista de Pesquisa de Mercado,"Esse é um Banco de Talentos para Ipsos Brasil.&nbsp;Isso significa que você não está se candidatando para uma vaga efetiva, ok?&nbsp;A ideia é reunir talentos que tenham fit com a Ipsos, para que quando a posição for aberta, já tenhamos pessoas interessadas e pré-selecionadas.&nbsp;Os perfis podem ser direcionados para diferentes áreas que compõem a nossa estrutura segmentados por:&nbsp;·&nbsp;&nbsp;&nbsp;&nbsp;&nbsp;&nbsp;&nbsp;&nbsp;Marcas &amp; Consumidores (BHT, Inovação, Serviços de Consultoria, Observer)·&nbsp;&nbsp;&nbsp;&nbsp;&nbsp;&nbsp;&nbsp;&nbsp;Cidadãos (Pesquisas de Opinião Pública e Reputação Corporativa)·&nbsp;&nbsp;&nbsp;&nbsp;&nbsp;&nbsp;&nbsp;&nbsp;Clientes e Funcionários (Customer Experience, Mistery Shopping, Pesquisa de Clima)·&nbsp;&nbsp;&nbsp;&nbsp;&nbsp;&nbsp;&nbsp;&nbsp;Médicos e Pacientes (Healthcare)·&nbsp;&nbsp;&nbsp;&nbsp;&nbsp;&nbsp;&nbsp;&nbsp;Capacidades (Pesquisas Qualitativas, User Experience, Operações)Importante!Mantenha seu perfil atualizado e fique atento aos nossos canais de comunicação. &nbsp;Etapas do nosso Banco de Talentos:&nbsp;Cadastro e avaliação inicial (dica: mantenha seu currículo atualizado na plataforma);&nbsp;Etapa de Pré-Seleção (caso seu perfil atenda ao que estamos precisando no momento, entraremos em contato com você para darmos continuidade as próximas etapas do processo.Responsabilidades e atribuiçõesComo será o dia a dia no time:&nbsp;Ser&nbsp;“Líder” do Projeto,&nbsp;coordenando pesquisas ad-hocs e contínuas para diversas áreas da Ipsos. O dia a dia da pessoa analista será atuar tanto com o processo técnico e analítico, sendo essas as principais atividades: Ter vínculo de relacionamento com o gerente da service line e demais&nbsp;envolvidos,&nbsp;além de fazer a interface com o cliente sobre decisões de questionário/estímulos, relatórios, rotas do projeto, esclarecimento de dúvidas e&nbsp;feedback.Acompanhar os projetos, dando suporte operacional-analítico ao gerente da conta, assegurando a execução dos processos internos e externos dentro das normas de qualidade (PGP) em todas as suas etapas.Preparar normas de processamento (PDT) e de análises modeladas, que visam orientar a geração de tabelas e gráficos. Analisar estes resultados assegurando que o que foi pedido foi gerado corretamente.Em conjunto com a gestão de insights e gerente de contas, analisar previamente os dados processados, sugerindo o caminho analítico. Desenvolver análises e recomendações, elaborar as apresentações de resultados.Requisitos e qualificaçõesO que nós buscamos:&nbsp;Profissional com experiência em pesquisa de mercado (todas as etapas) com atuação em planejamento, execução, análise, checagem dos dados processados e geração de insights. Formação superior completa.Consideramos importante conhecimento avançado em inglês (aqui realmente utilizamos no dia a dia&nbsp;😉)&nbsp;Bons conhecimentos em Excel e Power Point. Atuação em ambiente de instituto de pesquisa e conhecimento com SPSS será um diferencial, mas não obrigatório. A área de Research Excellence é responsável por garantir todas as etapas do projeto de pesquisa, buscando sempre o cumprimento dos objetivos propostos no&nbsp;briefing, cronograma e especificações técnicas e metodológicas dos estudos.Informações adicionaisComo te apoiaremos em sua jornada conosco:Jornada de trabalho flexível;Modalidade de trabalho no formato híbrido (São Paulo – SP, Brasil);Oportunidades de crescimento e desenvolvimento profissional;Assistência Médica;Assistência Odontológica;Ticket: VR/ VA; Estacionamento;Gympass;Day off de aniversário.",ipsosbrasil,banco de talentos,São Paulo,presencial
Analista de Operações Sênior | DF,"Como colaborador da&nbsp;Cateno, você atuará na&nbsp;Gerência de Produtos Arranjo Ourocard,&nbsp;contribuindo na melhoria de produtos e serviços de arranjos de pagamento, com foco no aumento da eficiência operacional e melhoria no atendimento aos clientes.Na Cateno, trabalhamos com ética, respeito e proximidade em todas as relações, compromisso com transparência e atitude de dono. Temos como foco encantar o cliente, crença e paixão pelo nosso negócio. Buscamos eficiência em tudo o que fazemos e inovação nas soluções que oferecemos. Sustentabilidade no desenvolvimento econômico com foco na consciência social.Gostou do desafio? Tem experiência na área? Então venha fazer parte do nosso time, onde buscamos diariamente inovar os serviços e produtos financeiros relacionados à indústria de meios de pagamentos.Responsabilidades e atribuiçõesO que você fará no dia a dia:Gestão de Billing de Bandeiras;Controlar, acompanhar e analisar os indicadores operacionais;Avaliar e propor soluções para melhorias da eficiência operacional do produto Ourocard;Realizar interface com stakeholders do negócio;Acompanhar projetos que abranjam metodologias ágeis;Atuar na prospecção de melhoria contínua de produtos em arranjos de pagamentos;Manusear planilhas de banco de dados;Requisitos e qualificaçõesO que buscamos?Graduação completa em Administração, Contabilidade, Controladoria e afins;Experiência com gestão de custos de Bandeiras;Experiência em manipulação de planilhas/bancos de dados;Conhecimento na análise de dados de pesquisas e indicadores;Conhecimento do modelo de 4 pontas de arranjo de pagamentos;Excelente comunicação oral e escrita;Perfil analítico e proativo;Facilidade em atuar com equipes multidisciplinares;Disponibilidade para viagens nacionais eventuais;Pacote Office intermediário;Disponibilidade para trabalho presencial em Brasília;&nbsp;&nbsp;Diferenciais:&nbsp;Conhecimento/experiência acerca das linhas de despesas devidas por emissores de meios de pagamento para bandeiras de cartão de crédito/débito;Ter atuado em companhias de meios de pagamento no processo de conciliação despesas de Bandeiras;Experiência na condução de projetos em metodologias ágeis, como&nbsp;Scrum, Kanban, SMART,&nbsp;Design Thinking, dentre outras;Pós Graduação/MBA completa ou em andamento;Inglês Intermediário.Informações adicionaisO que oferecemos?&nbsp;💰 Salário compatível com o mercado📈 PPR🥗 Vale Alimentação/Refeição🩺 Assistência Médica😁 Assistência Odontológica💚 Seguro de Vida👴🏾 Previdência Privada💪🏼 Convênio com Gympass👶 Empresa cidadã (Licença-maternidade / paternidade estendidas + Auxílio-crêche)👩‍🎓 Subsídio Educação🚌 Vale Transporte/Estacionamento*&nbsp;E muito mais!&nbsp;No momento, todo nosso time está trabalhando no modelo híbrido, em nossas unidades de São Paulo e Brasília e Rio de Janeiro.&nbsp;Esta posição é para trabalhar na nossa unidade de&nbsp;Brasília.&nbsp;Etapas do nosso processo:✍️ Inscrição na plataforma Gupy💻 Testes💻 Entrevista com o Time de Atração e Seleção e com Gestor da Área🥇 Feedbacks e/ou contratação&nbsp;&nbsp;Possuímos uma cultura que se importa com a diversidade, as diferenças de quaisquer naturezas e o potencial das pessoas. Profissionais +seniores são bem-vindos, valorizamos a sua experiência de vida!&nbsp;#SomosTodosCateno",Cateno,CLT,Distrito Federal,presencial
Analista de Sustentabilidade e Meio Ambiente,"A área de sustentabilidade da HIDROBR atua de forma transversal nas cinco temáticas da empresa: Geotecnia, Recursos Hídricos, Saneamento, Meio Ambiente e Geoquímica.Além disso esta área desenvolve projetos específicos englobando os seguintes serviços:- Inventário de gases de efeito estufa;-&nbsp;Projetos e estudos socioambientais;- Geoquímica e áreas contaminadas;- Monitoramentos ambientais;- Avaliação de impactos socioambientais;- Relatórios de sustentabilidade (GRI);- Consultoria em sustentabilidade corporativa, dentre outros.Responsabilidades e atribuiçõesApoiar no desenvolvimento de projetos da áreaDesenvolver, organizar e sistematizar banco de dados;Elaboração de estudos e projetos;Apoio nas atividades de gestão de projetos e contratos;Desenvolvimento de mapas temáticos;Elaboração de análises técnica;Desenvolvimento e participação em atividades gerais da área de sustentabilidade.Requisitos e qualificaçõesFormação em engenharia ambiental, engenharia florestal, gestão ambiental, biologia, agronomia, geografia, ciências sociais, e outras áreas afins a sustentabilidade;Conhecimento de ferramentas GIS (QGIS e/ou ArcGIS);Interesse pelo tema da sustentabilidade e os seus desafios;Capacidade de trabalhar em equipe de forma colaborativa;Informações adicionaisDisponibilidade para trabalhar em formato híbrido ou presencial;Disponibilidade para trabalhar 40 horas semanais;Disponibilidade para a realização de trabalhos de campo, viagens e visitas técnicas em cliente;",HIDROBR,CLT,Minas Gerais,presencial
Analista de Suporte Técnico em Telecom,"Trabalho Home officeSalário R$ 3.045,00;Vale transporte;Vale alimentação;Convênio médicoATIVIDADESSuporte técnico por telefone;Suporte em telefonia IP;Administração de servidores Linux;A empresa tem um ótimo ambiente de trabalho e oferece oportunidades de crescimento e desenvolvimento na equipe técnica de suporte .Responsabilidades e atribuiçõesSuporte técnico ao Usuário Final;Tecnologia VoIPAdministração de Servidores LinuxRequisitos e qualificaçõesRequisitos:Conhecimento de Redes de ComputadoresConhecimento em tecnologia VoIPConhecimento em Servidores LinuxDiferencial:Servidores FreeswitchProtocolo SIPOpenSIPSBanco de dados MySQLSistema STFCInformações adicionaisUm ótimo ambiente de trabalho.Oportunidades de crescimento e desenvolvimento na equipe técnica de suporte.",Spark Gestão de Talentos,CLT,Santa Catarina,remoto
Analista de sustentação DBA Sênior,"Atuação como Analista de Sustentação de banco de dados&nbsp;do time de tecnologia&nbsp;na qual participará de projetos de tecnologia voltados para banco de dados, bem como atendimento de tickets diariamente, monitoramento de administração de banco de dados.&nbsp;&nbsp;Responsabilidades e atribuiçõesAtendimento a chamados de nivel 2 e 3;&nbsp;Monitoramento das bases de dados;Tranformação de dados usando ETL;&nbsp;&nbsp;backup e restore de dados;&nbsp;&nbsp;monitoramento de backup;&nbsp;Implantação de novas soluções/projetos;&nbsp;Aplicação de gmud.Requisitos e qualificaçõesConhecimento obrigatorios:Administração de banco de dados Oracle 10g,11g,12c, 18c,19c.Administração de ambiente em cluster oracle RACAdministração de replicação Standby.Criação/Administração de tabelas particionada.Criação/Administração em compressão de dados.Monitoramento e geração de relatório de performance.Administração de backup fisico e logicos.Desenvolver e manter procedure, function e package em PL/SQL.Performance/Tunning de querys.Administração de banco de dados Microsft SQLSERVER .Experiencias desejaveis:Conhecimento em ambiente virtualizado.Conhecimento em ambiente Linux,Unix e Windows.Conhecimento em redes TCP/IP.Conhecimento em Infraestrutura basica (Storage, SAN, ferramenta de backup.)Conhecimento de ITIL.Conhecimento em versionamento de codigo (git/svn)Conhecimento em administração de banco de dados Mysql/MariaDB.Conhecimento em administração de banco de dados PostgreSQL.Shell scripts.Possuir boa logica de desenvolvimento.Facilidade de aprender a regra de negócio da empresa.Conhecimento ferramenta de ETL.Conhecimento de API/microserviço.Conhecimento básica de arquitetura em nuvem.&nbsp;&nbsp;&nbsp;&nbsp;&nbsp;Lingua: Inglês intermediário leitura/escrita.Informações adicionaisPerfil comportamental:Capacidade de lidar com problemas complexos de maneira estruturada;Boa comunicação oral e escrita, ser um bom ouvinte e possuir capacidade de abstração;&nbsp;Capacidade de trabalhar em atendimento a chamados e atividades de mais de um projeto ao mesmo tempo, realizando gestão das atividades e divisão de trabalho entre eles de acordo com a priorização feita pela gestor;Capacidade de trabalhar em um ambiente em transformação;Capacidade de interagir com fornecedores para entendimento e resolução de problemas de maneira conjunta;Capacidade de trabalhar em regime Home-Office quando necessário;Possibilidade de trabalhar no regime de hora extra quando necessário;Orientação por metas e proatividade com grande foco nos resultados;Habilidades de comunicação com time técnico e áreas de negócio;Raciocínio lógico, estruturado e orientado a resolução de problemas;Organização e gestão das demandas sob sua responsabilidade para atendimento a cronogramas acordados;Capacidade de trabalho em equipe;Curioso e proativo.",Ewave do Brasil,CLT,Paraná,presencial
Analista de sustentação DBA Junior ,"Atuação como Analista de Sustentação de banco de dados&nbsp;do time de tecnologia&nbsp;na qual participará de projetos de tecnologia voltados para banco de dados, bem como atendimento de tickets diariamente, monitoramento de administração de banco de dados.&nbsp;&nbsp;Responsabilidades e atribuiçõesAtendimento a chamados de nivel 1 e 2;&nbsp;Monitoramento das bases de dados;Tranformação de dados usando ETL;&nbsp;&nbsp;backup e restore de dados;&nbsp;&nbsp;monitoramento de backup;&nbsp;Implantação de novas soluções/projetos;&nbsp;Aplicação de gmud.Requisitos e qualificaçõesConhecimento Obrigatórios:Administração de banco de dados Oracle 10g,11g,12c, 18c,19c.Administração de ambiente em cluster oracle RACAdministração de tabelas particionada.Administração em compressão de dados.Apoio em processos de monitoramento e geração de relatório de performance.Administração de backup fisico e logicos.Manutenção procedure, function e package em PL/SQL.Administração de banco de dados Microsft SQLSERVER .Administração de banco de dados Microsft PostgreSql.Experiência desejáveis:Conhecimento em ambiente virtualizado.Conhecimento em ambiente Linux,Unix e Windows.Conhecimento em redes TCP/IP.Conhecimento em Infraestrutura basica (Storage, SAN, ferramenta de backup.)Conhecimento de ITIL.Conhecimento em versionamento de codigo (git/svn)Conhecimento em administração de banco de dados Mysql/MariaDB.Conhecimento em administração de banco de dados PostgreSQL.Shell scripts.Possuir boa logica de desenvolvimento.Facilidade de aprender a regra de negócio da empresa.Conhecimento ferramenta de ETL .&nbsp;Lingua: Inglês intermediário leitura/escrita.Informações adicionaisPerfil comportamental do Candidato:Capacidade de lidar com problemas complexos de maneira estruturada;Boa comunicação oral e escrita, ser um bom ouvinte e possuir capacidade de abstração;&nbsp;Capacidade de trabalhar em atendimento a chamados e atividades de mais de um projeto ao mesmo tempo, realizando gestão das atividades e divisão de trabalho entre eles de acordo com a priorização feita pela gestor;Capacidade de trabalhar em um ambiente em transformação;Capacidade de interagir com fornecedores para entendimento e resolução de problemas de maneira conjunta;Capacidade de trabalhar em regime Home-Office quando necessário;Possibilidade de trabalhar no regime de hora extra quando necessário;Orientação por metas e proatividade com grande foco nos resultados;Habilidades de comunicação com time técnico e áreas de negócio;Raciocínio lógico, estruturado e orientado a resolução de problemas;Organização e gestão das demandas sob sua responsabilidade para atendimento a cronogramas acordados;Capacidade de trabalho em equipe;Curioso e proativo.",Ewave do Brasil,CLT,Paraná,presencial
Analista de TI - NOC ,"Nosso cliente é uma grande empresa do seguimento ferroviário, que tem recebido diversos investimentos em tecnologia. A empresa oferece soluções de logística integrada, está presente em nove estados, com mais de 14 mil quilômetros de ferrovias e atuação direta nos principais portos do País. Por sua malha passam diariamente milhares de toneladas de produtos agrícolas destinados à exportação, além de combustíveis, contêineres e celulose.A empresa cresce constantemente e em ritmo acelerado. Somos mais de 9 mil colaboradores, compromissados em fazer a diferença, e você pode fazer parte deste grande time.Responsabilidades e atribuiçõesVocê atuará no NOC que é uma estrutura de profissionais especializados, que realiza o monitoramento proativo e a gestão dos eventos de TI. Nessa estrutura, analistas com conhecimentos focados em administração de redes, tecnologia operacional, infraestrutura de servidores e análise de negócio, realizam a monitoração dos alertas gerados pelos ativos, com o objetivo de monitorar todos ambientes produtivos, visando diminuir impactos operacionais, financeiros e de segurança.Requisitos e qualificaçõesRequisitos:Ensino Superior em Tecnologia - Completo ou CursandoConhecimentos nas área de infraestrutura - Banco de Dados, Servidores, etc.Experiências em áreas de suporte N1 ou N2, Help Desk e AtendimentoDisponibilidade para trabalhar em escala - 6x2 (24x7)Disponibilidade para mudança de escala e horário caso necessárioInformações adicionaisBenefícios Ewave p/ PJ·&nbsp;&nbsp;&nbsp;&nbsp;&nbsp;&nbsp;&nbsp;&nbsp;Gympass·&nbsp;&nbsp;&nbsp;&nbsp;&nbsp;&nbsp;&nbsp;&nbsp;Inglês in-company",Ewave do Brasil,CLT,Paraná,presencial
Analista Programador - Java Pleno,"Empresa líder tecnológica no segmento de software para controle de acesso e gestão de armazéns em grandes corporações, portos e terminais. Possui uma gestão e ambiente humanizados, incentivando o aprendizado e a inovação. Possui outras inciativas interessantes como uma Startup na área de Cidades Inteligentes.A empresa está posicionada segmentos de mercado promissores, o que potencializa o crescimento profissional dos colaboradores, pois associa o aprimoramento nas tecnologias de desenvolvimento de software diversas (Java, Angular, Spring, JPA/Hibernate, Cloud e frameworks) a um aprendizado em regras de negócio interessantes e que serão importantes nos novos produtos e valorizadas pela empresa e pelo mercado.Responsabilidades e atribuiçõesAlteração ou criação de programas em Java, Angular e Frameworks, inclusive integrações via Webservice, BD, etc;Especificação Técnica de Software, criação de documentação técnica para desenvolvimento (UML, requisitos funcionais e não funcionais, DER, DFD);Criar e atualizar documentação, manuais e procedimentos de sistemas para todas as alterações realizadas;Realizar suporte de 2º nível (interno e ao cliente, suporte remoto e atendimento por telefone) corretivo;Criar e atualizar todas as atividades no sistema de gestão de software (Run-it).Requisitos e qualificaçõesExperiência  na função de programador e/ou de analista de sistemas (desenvolvimento, especificação técnica, integrações)Conhecimento Lógica de Programação na Linguagem Java;Banco de Dados SQL Server;Especificação técnica, integrações via werbservice ou BD;Domínio de GIT;Spring;JPA / Hibernate;AngularFormaçãoSuperior completo ou cursando cursos correlatos a desenvolvimento de sistemas.Informações adicionaisModelo de Contratação: PJ.Regime de trabalho: PresencialBenefícios:Valor de R$ 226,49 já incluso na NF - equivalência ao Plano de Saúde da empresa;Valor de R$ 120,00 já incluso na NF - equivalência ao Vale-Alimentação da empresa (atrelado ao Programa Comportamento Ouro);Recesso equivalente a férias anual de 30 dias;Bom ambiente organizacional;Treinamentos necessários à função e apoio da equipe.",Ewave do Brasil,CLT,Paraná,presencial
Analista de Implantação de Sistemas,"A Vixting é o futuro da Admissão digital e Gestão Ocupacional do país.Com a nossa tecnologia oferecemos soluções eficazes para a rotina diária do cliente. Muito mais que medicina ocupacional, nosso propósito é o cliente, nossa base é gente!Criamos soluções estratégicas e somos apaixonados pelo maior ativo de uma companhia: pessoas! Prezamos a essência de cada ser-humano, e buscamos o fit cultural para ser a base da nossa relação. Construímos relacionamentos baseados em confiança, caráter, honestidade, ética e paixão por encantar! Somos únicos.Procuramos um Analista de implantação para dar o melhor tratamento da vida para o cliente, respondendo todas expectativas vendidas pelo time comercial e ser parceiro ao ponto de ajudar até no que fugir do escopo do cliente.Responsabilidades e atribuiçõesConduzir reuniões de kick-offTreinamento do sistema e organização de fluxo de serviços vendidos;Atendimento via canais diversos: e-mail, telefone e whatsapp;Realizar reuniões remotas;Direcionar os clientes para implementação;Desenvolver um plano de trabalho com base nos objetivos estratégicos dos seus clientes, revisando e monitorando constantemente a evolução por meio de dados;Colaborar com os processos e produtos internos, atuando como filtro e mediador entre o cliente e a Vixting.Requisitos e qualificações1.&nbsp;&nbsp;&nbsp;&nbsp;Experiência em sistemas SAAS;2.&nbsp;&nbsp;&nbsp;&nbsp;Experiência com cliente B2B de Pequeno e Médio Porte;3.&nbsp;&nbsp;&nbsp;&nbsp;Experiência com a área de tecnologia;4.&nbsp;&nbsp;&nbsp;&nbsp;Ser uma pessoa aberta para receber feedbacks e utilizá-los para processos de melhoria contínua;5.&nbsp;&nbsp;&nbsp;&nbsp;Conhecimento básico de métricas de CS e suas análises;6.&nbsp;&nbsp;&nbsp;&nbsp;Habilidade com Excel.",Vixting,CLT,São Paulo,presencial
Analista\Desenvolvedor Oracle Forms Pl (2º turno) ,"Que tal fazer parte de um dos principais fabricantes mundiais de caminhões pesados, de ônibus e de motores industriais e marítimos? As unidades de produção estão localizadas na Europa, América do Sul e Ásia. Ambiente de trabalho dinâmico e estimulante. Sua formação exclusiva, suas ideias e seu entusiasmo contribuirão para o sucesso dessa marca tão respeitada. Se você for altamente motivado e gostar de responsabilidade, terá oportunidade de prosperar! #VenhafazerpartedonossotimeResponsabilidades e atribuiçõesSustentação dos sistemas, executando as seguintes atividades, porém não limitadas a essas:Acompanhar e gerenciar tickets críticos abertos pelos usuários via Help Desk.Manter os tickets sempre atualizados de acordo com o SLA acordado, atualizar com o responsável que avaliará o problema e documentar com contatos realizados, causa raiz encontrada, solução aplicada, deixando transparente as ações realizadas até o seu encerramento. Caso necessário redirecionar à outras equipes;Resolvidos os incidentes críticos, analisar e tratar os demais tickets existentes na fila;Contatar o usuário para compreensão do problema relatado através das ferramentas de contato da Scania;Analisar criteriosamente dados e regras de sistemas, para identificar incidentes (erros/bugs/falhas) de possíveis dúvidas de usuários;Em caso de dúvidas sobre regras de negócio, orientar o usuário a entrar em contato com a área de negócio responsável. Outras dúvidas sobre o funcionamento da aplicação, orientar o usuário;Solucionar erros/bugs de sistemas em Oracle Forms e em rotinas de banco de dados;Implantar com cautela as soluções de incidentes em produção, seguindo os procedimentos vigentes da Scania e contatar usuário para certificar que o problema foi resolvido;Abrir tickets no portal do fornecedor e acompanhar as tratativas dos mesmos junto ao provedor de mensageria fiscal da Scania; o Utilizar o portal de monitoramento de emissão de notas fiscais e antecipar análise de possíveis erros antes da abertura de ticket pelo usuário;Conhecer o sistema e suas interfaces com os outros. Entender o processo para poder atuar rapidamente na correção dos problemas, causando baixo impacto na operação de faturamento e logística, por consequência na operação;Manter a continuidade dos serviços de TI (solução em pleno funcionamento), evitando interrupções às áreas de negócios relacionadas à produção; o Monitorar rotinas do COM / SCHEDULER (ferramentas Scania), gerenciando as mesmas e reiniciando quando necessário;Manter a base de conhecimento sobre incidentes, requests e processos atualizado, para otimizar o tempo de suporte.&nbsp;Requisitos e qualificaçõesSólidos conhecimentos em Oracle Forms e Reports;Sólidos conhecimentos em PL/SQL;Fundamento em métodos ágeis e práticas do ITIL;Experiência no entendimento de processos de negócio.Diferencial:Será um diferencial ter experiência com sistemas fiscais e logísticos o Oracle DB&nbsp;Informações adicionais(2º turno)CLT+ benefícios - VR - AM e odontológica",Ewave do Brasil,CLT,São Paulo,remoto
Analista de Dados,"The Volvo Group is one of the world’s leading manufacturers of trucks, buses, construction equipment and marine and industrial engines. The Group also provides complete solutions for financing and service. The Volvo Group, with its headquarters in Gothenburg, employs about 100,000 people, has production facilities in 18 countries and sells its products in more than 190 markets.O Grupo Volvo é um dos principais fabricantes mundiais de caminhões, ônibus, equipamentos de construção e motores marítimos e industriais. O Grupo também oferece soluções completas de financiamento e atendimento. O Grupo Volvo, com sede em Gotemburgo, emprega cerca de 100.000 pessoas, possui instalações de produção em 18 países e vende seus produtos em mais de 190 mercados.Responsabilidades e atribuiçõesGerenciamento e entendimento dos dados (internos e externos) usando métodos e ferramentas avançadas.Buscar modelos estatísticos e algoritmos que impulsionem inovação e melhor desempenho do processo.Colaborar com engenheiros e arquitetos de dados para implementar soluções escaláveis para toda a América do Sul.Conduzir análises avançadas para fornecer percepções, identificar tendências e medir desempenho que promova a construção de demanda assertivade peças de reposição.Realizar análise crítica da demanda colaborativa enviada pelas áreas comerciais das marcas Volvo (S&amp;OE /S&amp;OP).Conduzir análises avançadas referente o gerenciamento de inventário, otimizando parâmetros do sistema (estoque de segurança e quantidade mínima de compra).Realizar análises de rebalanceamento de estoque.Definir políticas de estoque junto comas áreas correlatas (estimar lotes finais e inicias de compra de peças de acordo com demanda atual e futura).Liderar e participar de projetos de melhoria contínua.Participar de fóruns e grupos globais de planejamento de demanda e inventário.Requisitos e qualificaçõesDomínio em tecnologias baseadas em nuvem, codificação (como SQL, python, R como exemplos).Automação (VBA, RPA, etc.),visualização (PowerBI).Técnicas de aprendizagem de máquina (AI,ML, por exemplo) e ferramentas para gerenciar a quantidade de dados necessários.Graduação em ciência da computação, estatística, engenharia ou áreas afins.Fluência em inglês mandatória.Comunicação assertiva como a capacidade de explicar temas complexos em termos simples dentro e fora da área.Atitude positiva perante os desafios ,solucionador de problemas e criatividade são características importantes.Atitude de dono, liderança em projetos voltado ao cliente.Colaboração e capacidade de trabalho em equipe.Conhecimento em metodologia ágil é um diferencial, assim como gestão de demanda/estoque.Informações adicionaisPlano de previdência privada, operacionalizado pela&nbsp;Vikingprev;​Assistência médica, administrada pela Volvo (Planos VOAM para&nbsp;Curitiba/Região Metropolitana, AMIL para demais localidades) (*1) (consulte&nbsp;www.voam.com.br);​Assistência odontológica – VOAM, em rede credenciada (*1);​Auxílio-farmácia (70% de reembolso das despesas com medicamentos&nbsp;prescritos), nos termos e sujeito às alterações da política Volvo (*1);​Reembolso lentes, limitado anualmente, conforme tabela fornecida pela&nbsp;empresa (*1);​Sistema de transporte fretado para funcionários;​Estacionamentos privativos, sem custo;​Ticket alimentação, fornecido por intermédio de cartão, no valor mensal de R$&nbsp;1.100,00 (para&nbsp;VdB);​Refeitórios internos;&nbsp;Seguro de vida em grupo com cobertura de auxílio-funeral (*1);​Auxílio-doença (complementação ao&nbsp;benefício&nbsp;do INSS – 100% até 60 dias,&nbsp;90% até 365 dias).​Associação Viking,&nbsp;Gympass&nbsp;e Clube Gazeta (*1);​Para funcionárias mulheres: auxílio creche {O valor do auxílio creche para a VdB é de R$ 613,42 e para VCE é 584,21}Participação nos Lucros e&nbsp;Resultados, atrelada ao atingimento das metas e proporcional aos meses&nbsp;trabalhados. Essas são as condições do acordo coletivo, das definições globais do&nbsp;Grupo Volvo e das negociações sindicais.&nbsp;",Ewave do Brasil,CLT,Paraná,presencial
Analista BI,"Vem ser Ewave!Líder em produção de eletrodomésticos, nosso cliente está presente no Egito, Índia, Indonésia, Filipinas e FMCC. . A empresa conta com um centro de engenharia e pesquisa, responsável pelo lançamento de novas tecnologias que tornam os produtos das marcas cada vez mais inovadores, eficientes, econômicos e ambientalmente sustentáveis.Responsabilidades e atribuições·&nbsp;&nbsp;&nbsp;&nbsp;&nbsp;&nbsp;&nbsp;&nbsp;Formação em Tecnologia da Informação, Sistemas de Informação ou áreas correlatas·&nbsp;&nbsp;&nbsp;&nbsp;&nbsp;&nbsp;&nbsp;&nbsp;Forte capacidade de comunicação e habilidade para trabalhar em equipe, com experiência em apresentação e negociação com alta direção·&nbsp;&nbsp;&nbsp;&nbsp;&nbsp;&nbsp;&nbsp;&nbsp;Conhecimento de técnicas de mineração de dados e análise estatística·&nbsp;&nbsp;&nbsp;&nbsp;&nbsp;&nbsp;&nbsp;&nbsp;Experiência comprovada como Analista de BI, utilizando o Power BI como ferramenta principal e Analysis Services·&nbsp;&nbsp;&nbsp;&nbsp;&nbsp;&nbsp;&nbsp;&nbsp;Conhecimento avançado em Governança de Dados·&nbsp;&nbsp;&nbsp;&nbsp;&nbsp;&nbsp;&nbsp;&nbsp;Habilidade para coletar, organizar e analisar dados financeiros·&nbsp;&nbsp;&nbsp;&nbsp;&nbsp;&nbsp;&nbsp;&nbsp;Conhecimento de SQL e Excel avançado·&nbsp;&nbsp;&nbsp;&nbsp;&nbsp;&nbsp;&nbsp;&nbsp;Habilidade para criar dashboards e relatórios financeiros personalizados·&nbsp;&nbsp;&nbsp;&nbsp;&nbsp;&nbsp;&nbsp;&nbsp;Conhecimento e experiência com plataforma Power da Microsoft, incluindo Azure Cloud e Power Plataform.Requisitos e qualificações·&nbsp;&nbsp;&nbsp;&nbsp;&nbsp;&nbsp;&nbsp;Conhecimento Técnico / Negócio:&nbsp;Desenvolvimento e manutenção de dashboards e relatórios financeiros utilizando o Power BI e Analysis Services·&nbsp;&nbsp;&nbsp;&nbsp;&nbsp;&nbsp;&nbsp;&nbsp;Análise de dados financeiros para identificar tendências e oportunidades de melhoria·&nbsp;&nbsp;&nbsp;&nbsp;&nbsp;&nbsp;&nbsp;&nbsp;Suporte a tomada de decisão gerencial com base em dados e análises·&nbsp;&nbsp;&nbsp;&nbsp;&nbsp;&nbsp;&nbsp;&nbsp;Colaboração com equipes de Finanças e outros departamentos para coletar e integrar dados relevantes·&nbsp;&nbsp;&nbsp;&nbsp;&nbsp;&nbsp;&nbsp;&nbsp;Criação de indicadores financeiros e KPI's para monitoramento do desempenho da empresa·&nbsp;&nbsp;&nbsp;&nbsp;&nbsp;&nbsp;&nbsp;&nbsp;Participação em projetos de melhoria de processos e automação de relatórios financeiros·&nbsp;&nbsp;&nbsp;&nbsp;&nbsp;&nbsp;&nbsp;&nbsp;Apresentação e negociação de resultados e insights com a alta direçãoUtilização de Azure Cloud e ferramentas de análise de dados em nuvem para garantir escalabilidade e segurança dos dados e dashboards.Características pessoais:·&nbsp;&nbsp;&nbsp;&nbsp;&nbsp;&nbsp;&nbsp;&nbsp;Proatividade: capacidade de antecipar problemas e tomar medidas para resolvê-los antes que eles aconteçam·&nbsp;&nbsp;&nbsp;&nbsp;&nbsp;&nbsp;&nbsp;&nbsp;Boa capacidade analítica: habilidade para analisar grandes quantidades de dados e extrair insights valiososInformações adicionaisContratação PJAtuação híbrida 3 dias no escritório e 2 home officeBase de trabalho: Headquarter Midea Carrier ABCCentro Empresarial do Aço – São Paulo/SPHorário de Trabalho : 08:00 à 17:45",Ewave do Brasil,CLT,São Paulo,presencial
Banco de Talentos | Analista de Dados Freelancers ,"O profissional Freelancer atuará diretamente em nossos eventos, com atividades de Análise de dados em nossas corridas.&nbsp;Buscamos um perfil apaixonado por automobilismo, comprometido, bom relacionamento, focado em resultados e que goste de desafios.Se você é esse profissional, então, venha fazer parte do nosso time!Responsabilidades e atribuiçõesPreenchimento e acompanhamento das atividades descritas em check list;Checagem de dados vitais dos veículos;Análise de dados de performance dos pilotos;Orientação da equipe para ajustes técnicos em suspensão, aerodinâmica e calibração de pneus;Organização do BOX e equipe.Requisitos e qualificaçõesFormação: Cursando Ensino Superior em Engenharia;Desejável Curso em Análise de Dados Automotivos;Habilidades em software de análise de dados - Desejáveis: Cosworth PI Toolbox - ToolsetInformações adicionaisDisponibilidade para viagens.",Porsche Cup Brasil,banco de talentos,São Paulo,presencial
Analista de Compras / Técnicas,"Objetivo do Cargo:Desenvolvimento de novos itens, fazendo a ponte entre o fornecedor/fabrica e o cliente, através de cotações que nos levarão ao fechamento de novos negócios.Responsabilidades e atribuições- Receber cotação do cliente;- Abrir pacotes;- Analisar os dados da solicitação como: contexto comercial, descrições, desenhos técnicos e normas;- Definir a fontes (fornecedores) que serão consultados;- Disparar pacotes;- Fazer Fup nos fornecedores;- Receber e analisar a proposta dos fornecedores;- Definir a melhor fonte, baseado nos pilares de custo, lote, lead time e contexto comerciais ( necessário analise);- Elaboração de preços/ definição de margem até o limite dado pela coordenação, quaisquer assunto a cima disso consultar a coordenação;- Preencher o formulário de oferta/envio de proposta comercial;- Preparação de revisões técnicas e participação em reuniões com fornecedores e clientes;- Fazer Fup no cliente externos;- Alimentar o status do projeto;- Criação de código;- Lançamento na planilha de amostras;- Amarração de qualidade;- Cadastros: Amarração item X fornecedor, tabela fornecedor, Amarração item X cliente, solicitar cadastros tabela do cliente;- Colocação de pedido de amostras e 1º lote no fornecedor;- Providênciar as amostras para qualidade;- Colocação de pedido de amostras e 1º lote para entrega do cliente;- Acompanhar a aprovação do PPAP;- Certificar que o item está ok para repassar o atendimento para o customer Service;- Acompanhar e resolver os BO´s comerciais de vendas.Requisitos e qualificaçõesSuperior em Administração de Empresas, Logística, Economia ou áreas afins, sendo desejável pós graduação;Requisitos Mandatórios:Bons conhecimentos de Informática (Office);Domínio em negociações comerciais;Inglês entre os níveis básico a intermediário;Requisitos Desejáveis:Usuário de Sistema ERP;Experiência atuando na área de vendas e negociações comerciais;Conhecimentos em desenho técnico.Informações adicionaisBenefícios:Fretado:Cesta básica;Convênio Odontólogico;Convênio Médico;Refeição no local;Precidencia Privada;Seguro de vida;Residir de Jundiaí, Várzea Paulista e Campo Limpo Paulista.",Trabalhe conosco!,CLT,São Paulo,presencial
Analista Técnico Comercial ,"Objetivo do Cargo:Desenvolvimento de novos itens, fazendo a ponte entre o fornecedor/fabrica e o cliente, através de cotações que nos levarão ao fechamento de novos negócios.Responsabilidades e atribuições- Receber cotação do cliente;- Abrir pacotes;- Analisar os dados da solicitação como: contexto comercial, descrições, desenhos técnicos e normas;- Definir a fontes (fornecedores) que serão consultados;- Disparar pacotes;- Fazer Fup nos fornecedores;- Receber e analisar a proposta dos fornecedores;- Definir a melhor fonte, baseado nos pilares de custo, lote, lead time e contexto comerciais ( necessário analise);- Elaboração de preços/ definição de margem até o limite dado pela coordenação, quaisquer assunto a cima disso consultar a coordenação;- Preencher o formulário de oferta/envio de proposta comercial;- Preparação de revisões técnicas e participação em reuniões com fornecedores e clientes;- Fazer Fup no cliente externos;- Alimentar o status do projeto;- Criação de código;- Lançamento na planilha de amostras;- Amarração de qualidade;- Cadastros: Amarração item X fornecedor, tabela fornecedor, Amarração item X cliente, solicitar cadastros tabela do cliente;- Colocação de pedido de amostras e 1º lote no fornecedor;- Providênciar as amostras para qualidade;- Colocação de pedido de amostras e 1º lote para entrega do cliente;- Acompanhar a aprovação do PPAP;- Certificar que o item está ok para repassar o atendimento para o customer Service;- Acompanhar e resolver os BO´s comerciais de vendas.Requisitos e qualificaçõesSuperior em Administração de Empresas, Logística, Economia ou áreas afins, sendo desejável pós graduação;Requisitos Mandatórios:Bons conhecimentos de Informática (Office);Domínio em negociações comerciais;Inglês entre os níveis básico a intermediário;Requisitos Desejáveis:Usuário de Sistema ERP;Experiência atuando na área de vendas e negociações comerciais;Conhecimentos em desenho técnico.Informações adicionaisBenefícios:Fretado:Cesta básica;Convênio Odontólogico;Convênio Médico;Refeição no local;Precidencia Privada;Seguro de vida;Residir de Jundiaí, Várzea Paulista e Campo Limpo Paulista.",Trabalhe conosco!,CLT,São Paulo,presencial
Data Analytics - Analista de Desenvolvimento do Produto,"O objetivo deste projeto é a análise e visualização de medições de sinais aquisitados em veículos de teste, dentro de um sistema específico para tal finalidade. Os dados são adquiridos de uma variedade de fontes dentro da rede de comunicação, por exemplo, CAN BUS, Ethernet, GPS, etc. Algoritmos devem ser desenvolvidos, para auxiliar na melhor disponibilização e análise desses dados.Responsabilidades e atribuiçõesDefinir o escopo de análise a ser processado durante o período de desenvolvimento e implementação;Elaborar as condições de aceitação para os volumes de análise individuais, na forma de critérios de aceitação e casos de teste;Determinar os requisitos necessários para a implementação do escopo de análise.Requisitos e qualificaçõesFormação em Engenharia Elétrica, Engenharia Mecatrônica ou Ciência da ComputaçãoIdioma: Inglês avançadoProgramação: Conhecimentos em Python e/ou Java são essenciais (programação orientada a objetos), XML e SQL são diferenciaisInteresse no ramo automotivo e novas tecnologias sendo desenvolvidas no mesmoConhecimentos em análise de dados de séries temporais, visualização estatística e análise descritiva é um diferencialInformações adicionaisO que a IAV oferece:Contrato CLT;HorárioFlexível;Vale Refeição; Combustível ou vale transporte;PLR;Incentivo para cursos: idiomas e especializações;Seguro devida e&nbsp;Saúde e Odontológico;Parcerias com Universidades e Escolas de Idiomas",Carreiras - IAV,CLT,São Paulo,híbrido
Analista de Negócios Protheus Sr,"Nosso cliente é a maior empresa brasileira de inteligência em soluções logísticas de frio para a cadeia de alimentos e agronegócios. Com mais de 20 anos de história, desenvolve soluções para cuidar do alimento no Brasil desde a distribuição de sementes para o agronegócio até operações de restaurantes de cadeias de food service. Sempre pautada pelo compromisso com seus clientes, a empresa desenvolve suas atividades com qualidade superior para garantir que o alimento chegue à mesa dos brasileiros com integridade absoluta e para viabilizar o sucesso dos negócios de seus clientes.Responsabilidades e atribuiçõesSuporte e implantação do ERP Protheus;Realizar e revisar levantamento e entendimento dos processos atuais e proposta de futuro;Configuração e parametrização do sistema;Capacitação e treinamento de usuários;Elaboração de relatórios específicos;Análise e levantamento de requisitos;Correção de Bugs;Manutenção em sistemas em operação.Requisitos e qualificaçõesExperiência com módulos Protheus Livros Fiscais, Compras, Estoque/Custos, Faturamento e Financeiro;Conhecer PROTHEUS + Estrutura (Tabelas/Campos/Parâmetros);Boa Comunicação Verbal e Escrita;Superior Completo;Desejável Conhecimento:Linguagem de programação ADVPLMódulo TMSLógica de programaçãoBanco de dados Oracle.INFORMAÇÕES ADICIONAISÁreas de formação:Ensino Superior em Ciências da Computação, Sistemas de Informação ou áreas afins.Informações adicionaisNosso cliente procura oferecer benefícios de qualidade que contribuam para o seu bem-estar e de seus familiares (cônjuge e filhos):&nbsp;Refeição + Vale Alimentação + Assistência Médica + Assistência Odontológica + Convenio com Farmácia + Seguro de Vida + Empréstimo consignado + Universidade Corporativa.",Ewave do Brasil,CLT,São Paulo,presencial
Analista Desenvolvedor Sênior - ADVPL Protheus,"Desenvolvimento de customizações, rotinas, pontos de entradas, integrações de Protheus com outras ferramentas através de API, levantamento de requisitos de processos para a criação de projetos de melhoria e/ou adequação tecnológica entre os sistemas e bases de dados.Responsabilidades e atribuiçõesObrigatórios : Lógica de programação; Conhecimento avançado em ADVPL.Requisitos e qualificaçõesConhecimento avançado de linguagem SQL padrão; Redes, protocolos de rede e internet; Ferramentas Officie; Conhecimento do sistema Protheus. Desejáveis: Linguagem de desenvolvimento Flutter, Django, Phyton, .Net, C#; Metodologia ÁGIL; Desenvolvimento WEB; Desenvolvimento mobile.",Vaccinar,CLT,Minas Gerais,presencial
Analista de dados,"Nossa empresa tem crescido muito nos últimos anos, e encontramos a necessidade de novos talentos para nos ajudar a manter este crescimento em ascensão.Buscamos um(a) profissional responsável, que tenha boas habilidades de negociação e metodologias de processos, para analisar os processos de compras, armazenagem e movimentação de produtos, entre outros tipos de movimentações.Venha fazer parte do nosso time de sucesso!Responsabilidades e atribuiçõesAnalise de previsão, demanda e cobertura deabastecimento;Emissão e acompanhamento dos pedidos de fornecedoresProspecção de novos produtos Digital;Alinhamento com as Lojas/ Comercial de novos produtos.Alinhamento com as Lojas/ Comercial de estoquecondições de preço, produto/ serviço, pagamento, prazo de entrega;Garantir que o processo esteja registrado em documentos e relatórios via sistema.Requisitos e qualificaçõesConhecimento em Excel Basico;Bom relacionamento interpessoal e boa comunicação;Facilidade de organização e cumprimento de prazos;&nbsp;Habilidades de negociação e levantamento de informações.&nbsp;&nbsp;Conhecimento sobre indicadores.&nbsp;Informações adicionaisVale TransporteConvênio Farmácia.",Grupo Skytech,CLT,São Paulo,presencial
Analista de Relacionamento,"Se o seu propósito é inspirar pessoas a cuidar de pessoas, você está no lugar certo!Fundado em Brasília pelas bioquímicas Janete Vaz e Sandra Soares Costa, o Grupo Sabin está há 38 anos no mercado. Nos tornamos um grupo de referência em Medicina Diagnóstica, com mais de 7.300 serviços de saúde, desde análises clínicas, diagnósticos por imagem, vacinação e check-up executivo. O Sabin também atua em Atenção Primária à Saúde (APS), com a Amparo Saúde, e lançou no ano passado, a plataforma integradora de serviços de saúde, Rita Saúde.Somos reconhecidos no Brasil e América Latina, como uma das Melhores Empresas para Trabalhar por mais de 18 anos consecutivos. Partimos de uma cultura organizacional forte em um ambiente de respeito, desenvolvimento, diversidade e inclusão. Temos mais de 6.700 colaboradores e estamos presentes em 12 estados e no Distrito Federal em 323 unidades distribuídas de norte a sul do país.&nbsp;Quer conhecer mais sobre a nossa marca? Então acesse&nbsp;www.sabin.com.br&nbsp;ou ainda em nossas redes oficiais: Linkedin Sabin Medicina Diagnóstica | Instagram @sabinmedicinadiagnostica | Facebook Sabin Medicina Diagnóstica |Responsabilidades e atribuiçõesPrestar suporte a equipe;Promover ações de relacionamento com os clientes, agendar visitas e realizar as atividades de organização;Controle de documentos, cadastro, elaboração de relatórios, gráficos comparativos, digitação e tabulação de dados;Atender cliente interno e externo com qualidade, eficiência e simpatia;Atender todos a todos os clientes internos e externos com cordialidade e respeito;Participar de 100% dos treinamentos em que for convocado pela organização;Conservar e zelar pelo patrimônio da empresa;Conhecer a visão e a missão da empresa;Cumprir normas regulamentadas da empresa e da sua área de atuação;Zelar pela ética e disciplina na empresa;Utilizar práticas do 5 S;Executar outras tarefas correlatas às acima descritas, a critério de seu superior imediato;Requisitos e qualificaçõesEnsino Superior completo 02 anos de experiênciaNoções de BiossegurançaInformáticaNormas regulamentadas da sua área de atuaçãoInformações adicionaisCNH BCarro próprio com seguro",Vagas Grupo Sabin,CLT,Santa Catarina,presencial
Analista de Logística Sênior,"Na John Richard nós transformamos espaços em experiências únicas! Somos solução de Mobiliário como Serviço e estamos alinhados com um futuro que aponta o uso do mobiliário de uma forma mais sustentável e flexível.&nbsp;Atendemos nacionalmente, através de estrutura completa em 6 estados e uma equipe cuidadosa e especializada que entrega o combinado no tempo certo garantindo eficiência e a agilidade que o mercado busca.&nbsp;Nossos clientes querem utilizar os recursos de forma mais inteligente e buscam um parceiro que acompanhe os movimentos dos seus negócios de forma ágil, confiável e atenciosa.&nbsp;Somos pessoas interessadas e antenadas as mudanças! Temos atitude acolhedora e cultivamos relacionamentos próximos. Somos capazes de antecipar demandas e estamos provocando uma nova forma de consumir móveis.&nbsp;Acreditamos que talentos satisfeitos e clientes fidelizados é a fórmula do sucesso. Estamos construindo relações duradouras em um bom lugar para trabalhar, conviver e por que não, fazer amigos.&nbsp;Buscamos pessoas comprometidas, ousadas e com muita disposição porque por aqui, tudo muda o tempo todo, sendo crucial ter mente e coração abertos, para aprender, desaprender e reaprender sempre.&nbsp;Vamos juntos transformar espaços em experiências únicas?Responsabilidades e atribuiçõesSuas responsabilidades:Acompanhar, avaliar e analisar as atividades de recebimento, estocagem, manipulação e expedição dos produtos, buscando melhorias e otimizações em todo o fluxo de trabalho, atuar nos planejamentos diários da operação.Acompanhar e desenvolver indicadores de desempenho operacional, atuar com o gerenciamento e controle do nível de estoque, atendimento a clientes internos e externos.Definir, acompanhar e avaliar inventários cíclicos, atuando com os devidos ajustes e justificativas, possuir visão sistêmica e analítica, senso de organização, comprometimento e auto gerenciamento.Documentação de processos, organização de dados e coordenação do trabalho de equipe. Foco específico na identificação de ineficiências ou oportunidades de aprimoramento e no desenvolvimento de soluções que abordem essas questões. Requisitos e qualificaçõesEnsino superior completo em Logística, Administração de Empresas ou áreas afins;Experiência anterior comprovada na função;Residir na zona sul de São Paulo, próximo a Veleiros.&nbsp;Informações adicionaisNossos benefícios:Plano de saúde sem coparticipação;Vale alimentação ou VR;Vale transporte ou combustível;Celular corporativo;Seguro de vida;SESCApoio ao desenvolvimento profissional;Uma cultura sistêmica, de autonomia e colaboração;Se identificou? Venha fazer parte da equipe John Richard!",John Richard,CLT,São Paulo,presencial
Analista de Inteligência Comercial,"Na John Richard nós transformamos espaços em experiências únicas! Somos solução de Mobiliário como Serviço e estamos alinhados com um futuro que aponta o uso do mobiliário de uma forma mais sustentável e flexível.Somos pessoas interessadas e antenadas as mudanças! Somos capazes de antecipar demandas e estamos provocando uma nova forma de consumir móveis.Temos atitude acolhedora e cultivamos relacionamentos próximos. Acreditamos que talentos satisfeitos e clientes fidelizados é a fórmula do sucesso.&nbsp;Vamos juntos transformar espaços em experiências únicas?Estamos buscando alguém com grande capacidade analítica que irá potencializar a performance do time.Você atuará no dia-a-dia do time comercial e em conjunto com as lideranças desenhando estratégias, planos de ação, metas, sprints de vendas e KPIs da área.Se você tiver vivência com Análise de Dados&nbsp;e gosta de atuar como ponte entre a área de dados e o negócio, queremos te conhecer!Responsabilidades e atribuiçõesQuais as atividades?Elaborar relatórios e dashboards de inteligência comercial;Realizar a interface com a área comercial e MKT fornecendo os dados e informações necessárias;Analisar o desempenho do time comercial e fornecer informações para definição de planos de ação garantindo o alinhamento e acompanhamento de resultados dessas iniciativas junto aos times comerciais;Revisar constantemente os processos para garantir a integridade da coleta e utilização de dados, contribuindo para melhorias de processos;Alinhamento com times internos buscando ações para alavancar resultados;&nbsp;Por que essa posição é importante para nós?Nosso olhar está voltado para o cliente. Ter pessoas capacitadas e envolvidas em todo ciclo do cliente será imprescindível para melhorar cada vez mais sua experiência e visualizar oportunidades que gerem valor para empresa.Requisitos e qualificaçõesO que esperamos de você?Ensino Superior;Experiência com as áreas de inteligência comercial ou planejamento comercial;Experiência anterior com criação de dashboards e relatórios em Power BI e Excel;Ótima organização e atenção para detalhes;Conhecimento em ferramentas de CRM;Capacidade analítica avançada;Boa Comunicação e relacionamento interpessoal;Requisito:Residir na Zona Sul de São Paulo.Informações adicionaisNossos benefícios:Plano de saúde sem coparticipação;Vale alimentação ou V.R;Vale transporte ou combustível;Celular corporativo;Seguro de vida;SESCKit completo home office, para as vagas de modelo híbrido;Apoio ao desenvolvimento profissional;Uma cultura sistêmica, de autonomia e colaboração;&nbsp;Se identificou? Venha fazer parte da equipe John Richard!",John Richard,CLT,São Paulo,presencial
Banco de Talentos Analista de TI,"Essa é uma vaga para o nosso&nbsp;Banco de Talentos. Isso significa que após sua aplicação, assim que você avançar etapas para conhecer mais a Grand Pack Embalagens, poderá ser selecionado(a) para executar nossas etapas normais de nossos processos seletivos e poderá ser pré-aprovado(a). Assim, quando uma posição for aberta em nosso time, entraremos em contato com as pessoas pré-aprovadas para dar continuidade no processo de se tornar um/uma pessoa do time GP!Para isso precisamos de pessoas que possam nos ajudar em nossa missão que é ser reconhecida pelo mercado como ser a empresa referência na fabricação e envase em sachês no mercado nacional de forma inovadora e sustentável.Então, quer saber um pouco mais sobre nossos valores, modelo de trabalho, desafios e ainda ter a oportunidade de fazer parte dessa história?Se inscreva, e venha com a gente! 💙Responsabilidades e atribuições• Administrar os servidores Windows e Linux;• Dar suporte a redes de computadores, incluindo cabeamento estruturado;• Avaliar, propor e implantar regras no firewall para balanceamento de carga de dados, dividindo os sites/serviços que trafegam por cada link;• Manter software de telefonia (PABX), responsável por todas as alterações de ramais da central telefônica e funções avançadas;• Monitorar o servidor de mensagens instantâneas Openfire/Spark;• Realizar o backup dos servidores;• Administrar o servidor de impressão, impressoras e bilhetagem de impressão;• Gerenciar as licenças de softwares de uso interno, de apoio e aos serviços principais de TI;• Administrar os contratos e custos de serviços de apoio de TI;• Realizar manutenção e Upgrade de Hardware (Desktop e Notebooks);• Ser responsável em prover suporte técnico local e remoto a usuários de desktop e notebook, sanando dúvidas de utilização e garantindo o bom funcionamento e a melhor utilização das ferramentas de trabalho e recursos de TI utilizados pelos usuários;• Ser responsável pela pesquisa, testes e aplicação de novas tecnologias e recursos de TI para facilitar a vida do usuário, garantir a segurança, disponibilidade, confiabilidade e integridade da informação;• Realizar treinamentos técnicos sobre a correta utilização dos recursos e ferramentas;• Abrir chamado em empresas terceiras e acompanhar os serviços executados;• Criar e atualizar políticas e procedimentos de TI e segurança da informação;• Garantir a integridade e confidencialidade das informações e verificar ocorrências de infrações e/ou segurança;• Realizar a manutenção corretiva e preventiva dos equipamentos de TI;• Elaborar relatórios Gerenciais, voltados para áreas de TI;• Organizar e realizar infraestrutura de suporte, cabeamento e rede.Requisitos e qualificaçõesEscolaridade: Superior Completo em Ciências da Computação, Análise de Sistemas, Redes de Computadores ou cursos afins.Experiência: 4 anos.Idioma: Básico.Informatica: Windows Server, Windows desktop, Linux, redes, pacote Office, Endian firewall, OpenVPN, manutenção de computadores.Desejável: curso voltado para área de Tecnologia da Informação.Certificação ITIL V3.Informações adicionaisBeneficios: Assistência Médica, Assistência Odontológica, VR ou VA dentre outros.",Grand Pack Embalagens,banco de talentos,São Paulo,presencial
"Banco de Talentos - Projetos Tech (GP, PMO, PO, Scrum, Analistas Funcionais/Requisitos)","Estamos em busca de talentos para as áreas de Projetos de TI - Gerentes de Projetos, PMO, PO,  Scrum, Analistas Funcionais e Requisitos, etc!Responsabilidades e atribuiçõesTodos os níveis de expertise são bem-vindes!Queremos construir uma porta de entrada para você aqui na Vivo! E para isso, queremos conhecer sua carreira e seus skills voltados à área de projetos Projetos de TI - Gerentes de Projetos, PMO, PO, Analistas Funcionais e Requisitos. A ideia é que tanto a equipe de Atração de Talentos quanto os gestores das áreas de Dados tenham acesso ao seu currículo para que possamos te chamar logo pra fazer uma entrevista!Então capricha no seu cadastro! Conta pra gente no que você manda bem pra podermos oferecer uma oportunidade que tenha a sua cara!Requisitos e qualificaçõesConhecimento e/ou experiência nas áreas de Projetos de TI - Gerentes de Projetos, PMO, PO, Analistas Funcionais e RequisitosFacilidade de aprendizado;Foco em resultado;Sendo de urgência;Resiliência;Pró-atividade;Perfil mão-na-massa (você faz acontecer?).Informações adicionaisNa Vivo não medimos esforços em apoiar e valorizar nossos colaboradores! Não são apenas excelentes benefícios, mas também flexíveis. Veja o que ofereceremos* para você:Escolher o benefício ideal para você e seus dependentes, numa plataforma digital com diversas categorias de Academia, VR, VA, Auxilio Farmácia, Assistência Médica, Odontológica e Seguro de Vida;Celular corporativo. Sim, um smartphone novinho para você!Plano de voz e Dados ilimitado! Sim ilimitado! O 4,5G da Vivo é até 10 vezes mais rápido!Uma oferta exclusiva da Vivo, com desconto especial em linha fixa, banda larga, TV e apps;Terá direito a receber Bônus ou PPR anual;Planejará seu futuro através do plano de Previdência Privada;Tem filhos? Terá direito a um subsidio para ajudar nas despesas com escola, creche ou babá;Viver em um ambiente que respeitará sua personalidade, seu estilo de se vestir, seu jeito de ser e poderá ser autêntico. #VemdeVocêTer flexibilidade de horário;Aproveitar um dia de folga (Day off) para comemorar seu aniversário;Participar de um dos maiores programas de voluntariado corporativo para você transformar o mundo;Usufruir do nosso Programa de Desenvolvimento Educacional que oferece parcerias em instituições de ensino com desconto; certificações e cursos online;Potencializar sua carreira por meio do nosso Programa de Recrutamento Interno, no Brasil ou fora, afinal estamos presentes em mais de 17 países! #VivoMinhaCarreiraE tem muito mais! Mas, você tem que se candidatar para saber...*De acordo com a política de elegibilidade determinada pela empresa.#VEMPRAVIVO Todas as nossas vagas são elegíveis a pessoas com deficiência e/ou reabilitados. Temos uma cultura que valoriza a diversidade, as diferenças e o potencial das pessoas!",Vivo Digital,banco de talentos,São Paulo,remoto
Analista de Venture Building,"Aqui na Fisher queremos transformar a maneira de criar startups inovadoras, ajudando empreendedores e empresas a transformar ideias em negócios de tecnologia, com todo o apoio de quem já fez esse ciclo dezenas de vezes.Somos uma Venture Builder focada em construir startups a partir de necessidades reais, usando novas tecnologias para resolver problemas e transformar setores.Aqui você vai encontrar um ambiente descontraído, dinâmico e colaborativo, onde todas as startups contribuem para troca de conhecimentos e desenvolvimento de nossa rede, o Zoo.Como analista de Venture Builder, você será responsável por apoiar diretamente os negócios já existentes e a criação de novos negócios do portfólio Fisher, atuando ativamente desde as etapas de ideação e validação de tese até o acompanhamento do scale-up. Isso envolve atividades como organização do processo de Discovery, pesquisas de mercado, modelagem financeira, montagem de pitch decks, pesquisa com clientes, criação de dashboards de acompanhamento, entre outras atividades.Queremos pessoas apaixonadas por qualidade, com espírito empreendedor e que gostem de autonomia para aprender, criar e melhorar continuamente. Independente da vaga, aqui você vai ter a oportunidade de participar da criação de projetos inovadores e disruptivos, desde a concepção até o scale-up.Se você quer fazer a diferença com seu trabalho e ajudar a criar startups de alta impacto, junte-se a nós!Responsabilidades e atribuiçõesComo analista de VB você deverá suportar as diferentes startups do nosso portfólio que se encontram em diferentes estágios. Além disso, você participará do desenvolvimento de novas startups para nosso ecossistema. Em relação a suas atribuições:Pesquisa de MercadoMontagem de Pitch DecksModelagem FinanceiraOrganização e condução do processo de DiscoveryMonitoramento de métricasRequisitos e qualificaçõesEsperamos muita vontade de aprender. O perfil que buscamos é um perfil generalista, aqui na Fisher, até pela natureza do nosso negócio você não ficará preso a uma área só.Os requisitos e qualificações para a vaga são:Preferencialmente formado nas áreas de Administração, Economia ou EngenhariaPacote Office Avançado (principalmente Excel e PowerPoint)Inglês Avançado: oral e escritaSer uma pessoa colaborativa: ter fortes competências interpessoais e trabalhar em grupoPerfil analítico: ter conforto em manipulação de dados e tomar decisões pautadas em evidênciasDesejável: familiaridade com investimentos de risco e startups early-stageInformações adicionaisBenefícios:Salário compatível com o mercadoPossibilidade de stock-optionSeguro de SaúdeBenefício flexível Caju - VA/VR/VTModelo híbrido. Nosso escritório fica na Rua dos Pinheiros 498, próximo ao metrô Fradique Coutinho e no coração de Pinheiros. Temos também possibilidade de Home Office",Fisher Venture Builder,PJ,São Paulo,remoto
Analista SEO,"Vaga para nosso BANCO DE TALENTOSBuscamos Analista SEO para fazer parte do nosso time de Growth!Responsável por identificar e executar oportunidades para melhorar o ranqueamento dos nossos conteúdos para palavras-chave relevantes no topo, meio e fundo do funil de marketing. Cuidar do SEO on e off page, orientando os demais membros da equipe em relação às estratégias usadas.Somos inquietos, somos desbravadores e estamos em constante transformação.Por isso, estamos na busca constante de crescimentos do nosso time com profissionais inovadores, que desafiam os limites e estejam preparados para embarcar em uma cultura totalmente nômade. Se identifica? Vem pra BriviaDez!SOMOS NÔMADES, VAGA PARA QUALQUER LUGAR!Seja qual for o seu gênero, orientação sexual, idade, raça, etnia, crença ou deficiência, todo mundo é bem-vindo no nosso time.Responsabilidades e atribuiçõesGerenciar o SEO on-page e off-page da empresa;Colaborar com o time de marketing de conteúdo e produtores do blog para criar conteúdo de alta qualidade para palavras-chave importantes;Gerenciar nossa performance em mecanismos de busca e entender métricas essenciais, como taxa de cliques, tráfego e conversões;Manter-se atualizado com as últimas tendências de SEO;Apoiar a produção de conteúdo, fornecendo dados e estratégias para a criação de conteúdos relevantes relacionados às keywords trabalhadas;Aumentar o tráfego orgânico do site;Crescer o número de leads orgânicas geradas pelo blog corporativo, levando a novas oportunidades de vendas;Capacitar vendas por meio do ranqueamento de conteúdos relevantes nas diferentes etapas do funil.Requisitos e qualificaçõesAnalítico e interesse em usar dados para otimizar e escalar as estratégias de SEO;Extremamente organizado e conseguir trabalhar de forma independente;Mínimo de dois anos de experiência com SEO;&nbsp;Muita vontade para desbravar.Informações adicionaisOs desbravadores tem:Horário flexível, aqui você é responsável por se organizar;Cultura ágil, aqui todos os desbravadores utilizam metodologias ágeis no dia a dia;No dress code, seja 100% você;Vale transporte;Vale refeição ou alimentação FLEX;Gympass;Plano odontológico Bradesco;Plano de saúde Amil;Seguro de vida;Bem estar psicológico gratuito;Brivia Academy, treinamentos para aperfeiçoamento;Bônus salarial;Associação e descontos na&nbsp;ANAMID;E o melhor de todos: trabalhe de onde você quiser, somos nômades e estamos 100% em home office!",Brivia,banco de talentos,São Paulo,remoto
Analista de Dados,"Vaga para nosso BANCO DE TALENTOSSomos inquietos, somos desbravadores e estamos em constante transformação.Por isso, estamos na busca constante de crescimentos do nosso time com profissionais inovadores, que desafiam os limites e estejam preparados para embarcar em uma cultura totalmente nômade.SOMOS NÔMADES, NOSSAS VAGAS SÃO PARA QUALQUER LUGAR!Seja qual for o seu gênero, orientação sexual, idade, raça, etnia, crença ou deficiência, todos são bem-vindos no nosso time.Responsabilidades e atribuiçõesO analista de dados é responsável por realizar a verificação de cenários e o diagnósticos de marcas nos canais digitais a partir de dados e do monitoramento. É responsável por traduzir os dados em análises, fatos e insights que servem de insumos e orientação para os demais times envolvidos. Identifica padrões de comportamento, necessidades e expectativas, percepções de públicos, identificação de oportunidades de comunicação e de negócio.Requisitos e qualificaçõesTer habilidades analíticas;Tenha conhecimento no pacote office;Graduado em Comunicação Social, Publicidade ou Administração;Domínio de redes sociais e canais digitais;Conhecimento em softwares de métricas;Domínio de Google Analytics;Conhecimento em ferramentas de monitoramento;Muita vontade para desbravar.Diferenciais:Conhecimento em Data Studio;Conhecimento em Google Tag Manager.Informações adicionaisOs desbravadores tem:Horário flexível, aqui você é responsável por se organizar;Cultura ágil, aqui todos os desbravadores utilizam metodologias ágeis no dia a dia;No dress code, seja 100% você;Vale transporte;Vale refeição ou alimentação FLEX;Gympass;Plano odontológico Bradesco;Plano de saúde Amil;Seguro de vida;Bem estar psicológico gratuito;Brivia Academy, treinamentos para aperfeiçoamento;Bônus salarial;Associação e descontos na&nbsp;ANAMID;E o melhor de todos: trabalhe de onde você quiser, somos nômades e estamos 100% em home office!",Brivia,banco de talentos,Rio de Janeiro,remoto
Analista de BI (Web Analytics),"VAGA PARA NOSSO BANCO DE TALENTOSProcuramos um Analista de BI (Web Analytics&nbsp;) profissional dedicado&nbsp;a criar e a manter pipelines de dados&nbsp;que irão ser utilizados para responder perguntas de negócio, servir como origem de Dashboard Power BI e modelos de Machine LearningSomos inquietos, somos desbravadores e estamos em constante transformação.Por isso, estamos na busca constante de crescimentos do nosso time com profissionais inovadores, que desafiam os limites e estejam preparados para embarcar em uma cultura totalmente nômade.SOMOS NÔMADES, NOSSAS VAGAS SÃO PARA QUALQUER LUGAR!Seja qual for o seu gênero, orientação sexual, idade, raça, etnia, crença ou deficiência, todos são bem-vindos no nosso time.Responsabilidades e atribuições• Planejar, projetar e implementar análises de dados em um portfólio de canais e plataformas digitais;• Análise e interpretação de resultados (de mídia), buscando otimizações e inovações;• Auxílio no planejamento e validação de experimentos de otimização de conversão;• Obter insights por meio de dados e testes para definir KPIs e acompanhar/direcionar campanhas digitais;• Estabelecer processo padrão para as propriedades digitais do cliente para configurar, manter e rastrear dados de alcance, engajamento, desempenho e outras métricas de comportamento;• Implementação de analytics incluindo propriedades, gerenciamento de usuários, painéis e relatórios;• Trabalhar com desenvolvedores para determinar métricas e comportamento apropriados para rastrear propriedades novas e existentes;• Elaboração e apresentação de relatórios;Requisitos e qualificações• Conhecimento avançado de Google Analytics;• Conhecimento avançado de GTM;• Conhecimento em análise de dados de performance em redes sociais;• Experiência com implementação de traking e tags de mídia;• Experiência com Adobe Analytics (diferencial);• Experiência com Power BI e Google Data Studio (diferencial);• Experiência com automação via Supermetrics (diferencial);Informações adicionaisOs desbravadores tem:Horário flexível, aqui você é responsável por se organizar;Cultura ágil, aqui todos os desbravadores utilizam metodologias ágeis no dia a dia;No dress code, seja 100% você;Vale transporte;Vale refeição ou alimentação FLEX;Gympass;Plano odontológico Bradesco;Plano de saúde Amil;Seguro de vida Metlife;Bem estar psicológico gratuito;Brivia Academy, treinamentos para aperfeiçoamento;Bônus salarial;Associação e descontos na&nbsp;ANAMID;E o melhor de todos: trabalhe de onde você quiser, somos nômades e estamos 100% em home office!",Brivia,banco de talentos,São Paulo,remoto
Analista de Infraestrutura,"Vaga para nosso BANCO DE TALENTOSEstamos em busca de Analista de Infraestrutura, que além de ser aquela pessoa que resolve todos os problemas de TI dos demais colegas, administre o serviço de cloud computing.Somos inquietos, somos desbravadores e estamos em constante transformação.Por isso, estamos na busca constante de crescimentos do nosso time com profissionais inovadores, que desafiam os limites e estejam preparados para embarcar em uma cultura totalmente nômade.SOMOS NÔMADES, NOSSAS VAGAS SÃO PARA QUALQUER LUGAR!Seja qual for o seu gênero, orientação sexual, idade, raça, etnia, crença ou deficiência, todos são bem-vindos no nosso time.Responsabilidades e atribuiçõesResolver chamados de suporte técnico;Atuar com suporte técnico em hardware e software;Desenvolver projetos lógicos para serviços de Datacenter;Mapear/documentar procedimentos técnicos;Criar políticas de backup;Coordenar rotinas de manutenção preventivas e atividades proativas;Responsabilizar-se pela segurança dos dados de serviço;Estudar implantação e documentação de rotina que melhorem a operação do computador;Instalar e manter sistemas de gestão (ERP);Instalar e manter sistemas de banco de dados.Requisitos e qualificaçõesAdministração e Redes Windows Server e Linux;Domínio de Cloud Computing em Amazon Web Services e Azure;Virtualização de Servidores;Gateway Mikrotik;Dispositivos de Rede e Telecomunicação (Switchs, modens, cabelamento, VOIP, etc);Cloud Computing;Conhecimento sobre ferramentas de colaboração como Gsuite do Google ou Office 365;Diferencial possuir certificação Microsoft, Amazon ou Linux;Muita vontade para desbravar.Informações adicionaisOs desbravadores tem:Horário flexível, aqui você é responsável por se organizar;Cultura ágil, aqui todos os desbravadores utilizam metodologias ágeis no dia a dia;No dress code, seja 100% você;Vale transporte;Vale refeição ou alimentação FLEX;Gympass;Plano odontológico Bradesco;Plano de saúde Amil;Seguro de vida Metlife;Bem estar psicológico gratuito;Brivia Academy, treinamentos para aperfeiçoamento;Bônus salarial;Associação e descontos na&nbsp;ANAMID;E o melhor de todos: trabalhe de onde você quiser, somos nômades e estamos 100% em home office!",Brivia,banco de talentos,São Paulo,remoto
Analista de Dados,Esta vaga é apenas um teste. Não se inscreva.,Trial Estrutura Organizacional,freelancer,São Paulo,presencial
Business Intelligence Analyst (MKT),"Somos uma consultoria de marketing e tecnologia que utiliza ciências exatas para melhorar a relação entre marcas e pessoas.&nbsp;Combinamos nossas diversas experiências, equipes, tecnologia e processos testados em mais de 200 marcas, 20 países e milhões de pessoas impactadas para decodificar desafios.&nbsp;Conheça nossas unidades de negócio:&nbsp;MATH ADS: Gere mais leads qualificados combinando estratégia, dados e tecnologias para alavancar conversões. ads.math.group&nbsp;MATH CRM: Deixe que as equipes de vendas e atendimento possam focar em seus clientes. crm.math.group&nbsp;MATH MKT: Venda mais e melhore o relacionamento através de análise de dados e estratégias para otimizar conversões. math.marketing&nbsp;MATH TECH: Tenha squads de ágeis com cultura DevOps e DataOps para processos de transformação digital tech.math.group/Aqui você vai encontrar:•	Dinamismo e abertura para troca de ideias e experiências;•	Oportunidade de crescer profissionalmente;•	Cultura plural e aberta;•	Onboarding e colegas receptivos;•	Ótima infraestrutura remota de trabalho;•	Ambientes físicos e virtual dinâmicos e descontraídos;•	Cultura colaborativa, de gestão horizontal e incentivo à troca de feedbacks;•	Work Life balance: programa de bem-estar no trabalho, meetups para desenvolvimento de hard e soft skills, happy hours constantes entre o time.Responsabilidades e atribuições•	Desenvolver reports e dashboards;•	Desenvolver ETL (Extract Transform Load process) com diferentes bases de dados;•	Automatizar atualização de bases, reports e dashboards;•	Gerar Insights com base em análise de dados;•	Apoiar o cliente na tomada de decisão baseada em dados;•	Apresentar resultados para o cliente.Requisitos e qualificações•	SQL e NoSQL;•	Power BI, Tableau ou DataStudio;•	Python.",MATH,CLT,São Paulo,remoto
Media Analyst,"Somos uma consultoria de marketing e tecnologia que utiliza ciências exatas para melhorar a relação entre marcas e pessoas.&nbsp;Combinamos nossas diversas experiências, equipes, tecnologia e processos testados em mais de 200 marcas, 20 países e milhões de pessoas impactadas para decodificar desafios.&nbsp;Conheça nossas unidades de negócio:&nbsp;MATH ADS: Gere mais leads qualificados combinando estratégia, dados e tecnologias para alavancar conversões (ads.math.group)MATH CRM: Deixe que as equipes de vendas e atendimento possam focar em seus clientes (crm.math.group)MATH MKT: Venda mais e melhore o relacionamento por meio de análise de dados e estratégias para otimizar conversões (math.marketing)MATH TECH: Tenha squads de ágeis com cultura DevOps e DataOps para processos de transformação digital (tech.math.group)Aqui você vai encontrar:•	Dinamismo e abertura para troca de ideias e experiências;•	Oportunidade de crescer profissionalmente;•	Cultura plural e aberta;•	Onboarding e colegas receptivos;•	Ótima infraestrutura remota de trabalho;•	Ambientes físicos e virtual dinâmicos e descontraídos;•	Cultura colaborativa, de gestão horizontal e incentivo à troca de feedbacks;•	Work Life balance: programa de bem-estar no trabalho, meetups para desenvolvimento de hard e soft skills, happy hours constantes entre o time.Responsabilidades e atribuições•&nbsp;Gerir e otimizar campanhas digitais nas plataformas Google Ads (Search, Display, YouTube), Social Ads (Facebook, Instagram e Linkedin) e Programática;•&nbsp;Analisar comportamento de tráfego multicanal no Google Analytics;•&nbsp;Apoiar planejamentos estratégico e tático de mídias digitais;•&nbsp;Analisar dados parciais e finais de campanhas propondo novas configurações para potencializar os seus resultados;•&nbsp;Realizar testes A/B em campanhas e criativos;•&nbsp;Redigir briefings para anúncios de texto, gráfico e vídeo utilizando técnicas de copywriting;Requisitos e qualificações•&nbsp;Capacidade analítica;•&nbsp;Experiência com gestão de campanhas nas plataformas mencionadas;•&nbsp;Facilidade para trabalhar em equipe de Growth multidisciplinar (time de Conteúdo, Designers, CRO e CRM)Informações adicionaisSerá legal se você possuir algum destes itens:•&nbsp;Certificação em Google Ads em Search, Display e YouTube;•&nbsp;Certificação em Google Analytics;•&nbsp;Certificação em Google Tag Manager (GTM);•&nbsp;Certificação em Facebook BluePrint;•&nbsp;Conhecimento em Google Ads;•&nbsp;Conhecimento em Facebook Business Manager;•&nbsp;Conhecimento em otimização de KPIs com técnicas de machine learning;•&nbsp;Experiência com campanhas B2B;•&nbsp;Conhecimento em análise comportamental e de produto;",MATH,CLT,São Paulo,remoto
Desenvolvedor(a) Back End Java (Curitiba-PR),"Buscamos pessoas apaixonadas por tecnologia e que acreditem que ela é uma ferramenta capaz de transformar a vida de nossos clientes! Queremos um novo talento para atuar dentro do nosso time de Arquitetura que nos ajude a impactar a maneira como o agronegócio brasileiro faz uso de tecnologia.Responsabilidades e atribuiçõesAnalisar soluções com base em requisitos e protótipos previamente fornecidos pelo o time de UX;Modelar dados e codificação de API's em monolitos e microserviços Java que processam regras de negócio complexas de uma forma eficaz, colaborando com nossa arquitetura web;Criar estruturas para atender novas funcionalidades de forma otimizada e organizada;Atuar em correções apontadas pelos clientes ou pela equipe de qualidade;Trabalhar em um processo de desenvolvimento de software altamente ágil e intensamente iterativo;Comunicar de forma clara e concisa sobre problemas técnicos;Trabalhar na criação e evolução de produtos da Agrotis e trabalhar em equipe e inter-times.Requisitos e qualificaçõesSuperior completo na área de TI;Experiência com desenvolvimento e consumo de API Rest na arquitetura Java;Experiência com Java 11, EJB, Spring Boot e JPA;Experiência com Testes Unitários (Junit/jupiter/mock) e análise de cobertura de testes;Experiência em modelagem de dados com estrutura e consultas otimizadas ao ganho de desempenho;Conhecimento e boas práticas de desenvolvimento de software, análise de informações e aplicações de soluções baseadas nos requisitos técnicos e novas funcionalidades;Disposto a aprender, interagir e compartilhar;Disponibilidade para atuar presencialmente em Curitiba-PR. Informações adicionaisCLTVale refeição de R$880,00/mês (desconto de R$176,00 em folha de pagamento);Vale transporte (sem desconto);Plano de saúde Unimed;Plano odontológico DentalUni;Seguro de vida;GymPass;TotalPass;Auxílio Educação;Ótimo ambiente, espaço para refeições, sala de descompressão com games, biblioteca, tênis de mesa e sinuca, café (nós adoramos café) e toda segunda-feira quitutes deliciosos.",AGROTIS,CLT,Paraná,presencial
Desenvolvedor Back-end,"Buscamos um(a) profissional criativo para fazer parte do nosso&nbsp;time de Desenvolvimento de Software, para desenvolver aplicações inovadoras, disruptivas e escaláveis com alto impacto para as pessoas e para as cidades. ﻿Atuará no desenvolvimento de softwares desde os requisitos de projeto, passando pelas regras de negócio, desenvolvimento, testes e homologação.Responsabilidades e atribuiçõesDesenvolvimento e manutenção em sistemas PHP com e sem frameworkExperiência em ambiente LinuxVivência em DevOps é diferencialExecutar DeployParticipação em novos projetos de software PHPAtendimento de chamados e solução de bugsHomologação e validação das entregas junto às áreas solicitantesRequisitos e qualificaçõesLinguagens de Programação: PHP (proficiente), Python (Básico), JavaScript (desejável)Experiência com implementação de Banco de Dados: Postgre e MySQL&nbsp;- CRUD / MVCVersionamento de sistemas via GitExperiência em Cloud Computing - GCP Google Cloud / WSL / SSHConhecimento em CronJobs e automação de tarefas e processosInformações adicionaisBenefícios:&nbsp;Assistência médica e odontológica; Seguro de Vida; Vale refeição ou Vale alimentação;Vale transporte (opcional);Dress code casual;Auxilio creche para mamães;PLR anual*TotalPassDay Off de aniversárioLocal de Trabalho: Presencial - Vila Anastácio - SPHorário de trabalho: segunda a sexta, das 9h às 18hModelo de contratação: CLT.",Confidencial,CLT,São Paulo,presencial
Desenvolvedor Progress Pleno - Java Back End,"16457 Desenvolvedor Progress ( Java) PlenoAtuação PJ - 12 meses100% Home OfficeRequisitos obrigatórios:	Linguagem Progress: aplicada em desenvolvimento de projetos com mínimo 4 anos de experiência;	Linguagem java: voltada a backend, com micro-serviços, springboot, swagger, construção de APIs; mínimo 4 anos de experiência;	Experiência em projetos conduzidos em metodologia ágil e waterfall;Atividades: 80% da atuação será com progress em melhorias/projetos/desenvolvimento. E 20% do tempo atuando com desenvolvimento java backend. Pode surgir necessidade de atuação também em sustentação em algum momento, em aplicações tanto progress quanto em java.Diferencial: experiência em segurosComportamento: profissionalismo, pró-atividade, senso crítico, trabalho em equipe, disponibilidade para ser contatado durante o dia, e participação nas cerimônias junto a equipe.Ao inserir os seus Dados no formulário para cadastro você confere pleno consentimento ao tratamento de dados pessoais nos termos da nossa Política de Privacidade https://www.taking.com.br/politica-de-privacidade/Responsabilidades e atribuiçõesRequisitos e qualificações&nbsp;Informações adicionaisIFRS17 é um padrão de normas internacionais para relatórios financeiros que as empresas do segmento de seguros devem se adequar, e para isto as seguradoras investem em novos processos internos e em plataformas tecnológicas que favoreçam a transparência e a avaliação do desempenho financeiro. Para atender o IFRS17 foi estabelecido um projeto com equipe dedicada desde 2019, e agora o Odair Alves direcionou vaga para trazer um Líder Técnico para dar continuidade a este projeto.",Taking,PJ,São Paulo,remoto
"Pessoa Desenvolvedora Back-end (G1, Globo.com, Gshow, Globoplay, GE, Cartola)","A Globo&nbsp;é feita de gente que quer fazer diferente, fazer junto, fazer o futuro. Gente espalhada por todo o país (e mundo!) trabalhando com conteúdo, notícias, negócios, tecnologia e brasilidade de sobra. Canais na TV aberta e por assinatura, produtos digitais como globoplay, Cartola, g1, ge, gshow e outros serviços estão reunidos no mesmo lugar, na mesma globo. Novos modelos de negócios digitais estão sendo pensados e desenvolvidos, buscando nos aproximar cada vez mais do usuário e dos seus desejos. As oportunidades de novos negócios também trazem a chance e o desafio de construirmos novos times data-driven e que coloquem o consumidor no centro das nossas decisões.Criamos ambientes onde todas as pessoas são incluídas, acolhidas e valorizadas. Nos empenhamos em ser uma Globo cada vez mais diversa, em representatividade e pensamento, aprendendo uns com os outros e estimulando a criatividade e inovação.Responsabilidades e atribuiçõesO Hub Digital faz parte da nossa área de Estratégia e Tecnologia, tendo papel de destaque na nossa transformação em uma empresa media tech e D2C. Aqui cuidamos da gestão de dados e do desenvolvimento dos nossos produtos digitais como Globoplay, Globo.com, família G (G1, Ge, Gshow) e Cartola, visando a melhor experiência de consumo, interação e relacionamento com os nossos usuários.&nbsp;&nbsp;Trabalhamos com uma variedade de tecnologias e linguagens para atingir nossos objetivos, além de estabelecermos uma relação contínua e crescente de compartilhamento de soluções com a comunidade de tecnologia!&nbsp;&nbsp;﻿A inscrição em nosso banco de talentos não garante a contratação, pois ela dependerá da disponibilidade de vagas e avaliação de currículos e requisitos de cada uma das oportunidades.Como será seu dia a dia:&nbsp;&nbsp;Escrever código limpo, de fácil manutenção, utilizando as melhores práticas de desenvolvimento de software;&nbsp;Procurar sempre criar para os produtos&nbsp;Globo&nbsp;a melhor experiência de uso para o usuário final, trabalhando de perto com os especialistas em UX;&nbsp;Atuar como um&nbsp;team-player, comprometendo-se com os objetivos do time e trabalhando em harmonia com todos;&nbsp;Estar sempre crescendo e se desenvolvendo tecnicamente e profissionalmente;&nbsp;Participar de times geograficamente distribuídos.&nbsp;Requisitos e qualificaçõesDo que você precisa:&nbsp;Ter habilidades em algoritmos e estruturas de dados;Conhecimento em engenharia de software, como princípios, boas práticas e padrões de arquitetura; Experiência com desenvolvimento de Aplicações Escaláveis;Vivência com algumas linguagens de programação como:&nbsp;Python,&nbsp;Golang,&nbsp;Java,&nbsp;Ruby,&nbsp;Elixir, Scala,&nbsp;Clojure, C/C++, C#,&nbsp;JavaScript,&nbsp;etc.;Prática com as ferramentas de versionamento (como&nbsp;GIT,&nbsp;SVN,&nbsp;etc.);Experiência em escrever testes;Conhecimento em bancos de dados MySQL,&nbsp;SQL,&nbsp;MongoDB,&nbsp;Oracle,&nbsp;etc.);Vivência com metodologias ágeis.﻿Conhecimentos que te destacam:&nbsp;&nbsp;&nbsp;Experiência com Cloud, como AWS e Google Cloud Platform.&nbsp;Informações adicionaisPor que vir para Globo:&nbsp;&nbsp;Vem e vamos criar histórias e tecnologias juntos.Na Globo, o encontro de histórias com tecnologia move um time diverso e apaixonado por inovação. A gente tem a chance de aproximar os brasileiros, criando novas formas de se conectar com eles. Aqui, cada um faz a transformação acontecer.Nossos processos seletivos estão acontecendo de forma 100% remota e nós encorajamos inscrições de qualquer lugar do Brasil e do mundo. #vempraglobo&nbsp;&nbsp;&nbsp;&nbsp;Seguindo o compromisso de contribuir para um ambiente seguro para nossas pessoas, informamos que ter o esquema completo vacinação contra a Covid-19 é uma condição obrigatória para o trabalho na Globo, presencial ou a distância, e que o comprovante deverá ser apresentado como pré-requisito para a contratação.&nbsp;&nbsp;Quer saber mais sobre como é trabalhar na Globo? Vem acompanhar nosso dia a dia, desafios e conquistas nas nossas redes:&nbsp;https://www.linkedin.com/company/globo&nbsp;&nbsp;https://www.instagram.com/vempraglobo&nbsp;&nbsp;&nbsp;https://www.youtube.com/c/VemPraGlobo/&nbsp;&nbsp;Os seus dados pessoais serão utilizados para fins de seleção de candidatos para preenchimento das vagas abertas na Globo. Os dados pessoais coletados durante o processo seletivo dos candidatos que não forem admitidos neste momento poderão ser mantidos nos bancos de dados para consideração em futuros processos seletivos. Todos os dados coletados serão tratados segundo rígidos padrões de segurança da informação e em total respeito às leis de privacidade aplicáveis, incluindo a Lei 13.709/18, e nos termos de nossa política de privacidade, disponível no link:&nbsp;https://vempraglobo.g.globo/files/politica_de_privacidade.pdf&nbsp;Ao prosseguir você está ciente e de acordo para realização de sua candidatura nestes termos.&nbsp;",Globo,banco de talentos,Rio de Janeiro,remoto
Desenvolvedor(a) Back End PHP,"Vaga para nosso BANCO DE TALENTOSBuscamos alguém que possua&nbsp;comprometimento e resiliência, boa comunicação verbal e escrita, eficiência com foco no cliente, capacidade analítica e&nbsp;disposição&nbsp;para novos desafios.Somos inquietos, somos desbravadores e estamos em constante transformação.Por isso, estamos na busca constante de crescimentos do nosso time com profissionais inovadores, que desafiam os limites e estejam preparados para embarcar em uma cultura totalmente nômade.SOMOS NÔMADES, NOSSAS VAGAS SÃO PARA QUALQUER LUGAR!Seja qual for o seu gênero, orientação sexual, idade, raça, etnia, crença ou deficiência, todos são bem-vindos no nosso time.Responsabilidades e atribuiçõesExperiência comprovada em analise e desenvolvimento de aplicações PHP para Web, nas camadas de backend, frontend, modelagem de banco de dados MYSQL e integrações com APIs (SOAP/REST);Conhecimento em Plataforma AWS e Azure, customização de CMS (Wordpress, Drupal), desenvolvimento seguro (OWASP) e inglês técnico;Experiência em Projetos Wordpress utilizando Elementor.Requisitos e qualificaçõesPHP para WEB;Backend;Frontend;Plataforma AWS e Azure;Customização de CMS (Wordpress, Drupal);OWASP;Wordpress utilizando Elementor;É um diferencial, dominar mais linguagens de programação web (ex.&nbsp;node.js, java, c#) e mobile nativas ou híbridas, bem como diferentes plataformas de banco de dados (sql server, oracle);Muita vontade para desbravar.Informações adicionaisOs desbravadores tem:Horário flexível, aqui você é responsável por se organizar;Cultura ágil, aqui todos os desbravadores utilizam metodologias ágeis no dia a dia;No dress code, seja 100% você;Vale transporte;Vale refeição ou alimentação FLEX;Gympass;Plano odontológico Bradesco;Plano de saúde Amil;Seguro de vida Metlife;Bem estar psicológico gratuito;Brivia Academy, treinamentos para aperfeiçoamento;Bônus salarial;Associação e descontos na&nbsp;ANAMID;E o melhor de todos: trabalhe de onde você quiser, somos nômades e estamos 100% em home office!",Brivia,banco de talentos,São Paulo,remoto
CONSULTOR DE BI,"Responsável por criar, implementar e otimizar soluções de Business Intelligence, transformando dados em informações estratégicas para apoiar a tomada de decisões, melhorar processos e agregar valor à organização. Liderar projetos de BI e análise de dados, garantindo que as soluções entreguem resultados de alta qualidade e em tempo hábil.&nbsp;Responsabilidades e atribuiçõesAnálise e Desenvolvimento de Soluções de BI:&nbsp;Projetar, desenvolver e otimizar painéis, relatórios e dashboards, utilizando ferramentas de BI como Power BI, Tableau, Qlik, entre outras, para fornecer informações estratégicas à gestão e às áreas de negócio.&nbsp;Gestão de Dados:&nbsp;Conectar, integrar e organizar fontes de dados internas e externas, garantindo a qualidade, precisão e confiabilidade das informações utilizadas nos processos de BI.&nbsp;Modelagem de Dados:&nbsp;Desenvolver e manter modelos de dados (Data Warehouses, Data Lakes), otimizando a estrutura para melhor performance e acessibilidade das informações.&nbsp;Gestão de Projetos de BI:&nbsp;Liderar projetos de BI e Data Analytics, desde o levantamento de requisitos até a entrega final, alinhando as necessidades de negócios com as soluções técnicas.&nbsp;Análise Preditiva e Descritiva:&nbsp;Aplicar técnicas de análise estatística e machine learning para criar previsões e insights acionáveis que suportem decisões estratégicas de negócios.&nbsp;Interação com Stakeholders:&nbsp;Trabalhar de forma colaborativa com líderes e equipes de diferentes áreas (comercial, financeira, marketing etc.) para entender suas necessidades de dados e fornecer soluções personalizadas.&nbsp;Documentação e Melhoria Contínua:&nbsp;Documentar processos, dashboards e metodologias, garantindo a transparência e facilitando a manutenção de soluções. Propor melhorias contínuas no processo de BI, garantindo evolução constante nas ferramentas e técnicas utilizadas.&nbsp;Treinamento e Suporte:&nbsp;Treinar usuários finais sobre como utilizar ferramentas de BI e relatórios, garantindo a correta interpretação e utilização dos dados; Requisitos e qualificaçõesObrigatório:Ensino superior completo em:  Ciência da Computação, Sistemas de Informação, Engenharia de Software, Matemática, Estatística, ou áreas correlatas.&nbsp;Desejável: Pós-graduação em Business Intelligence, Analytics, Data Science ou áreas afins.Conhecimentos: Ferramentas de BI: Power BI, Tableau, Qlik, ou outras plataformas de BI.&nbsp;Banco de Dados: Desejável conhecimento em SQL (avançado), conhecimento em bancos de dados relacionais e não relacionais.&nbsp;ETL (Extract, Transform, Load): Conhecimento de ferramentas de ETL e processos de integração de dados.&nbsp;Informações adicionais﻿O que oferecemos?Vale Alimentação;Vale Transporte;Assistência Médica;Assistência Odontológica;Convênio com Farmácia;Seguro de Vida;Auxílio Creche;Totalpass;Universidade Corporativa;Interclube (programa de descontos);Programa Conte Comigo.",Página de Carreira,CLT,Ceará,presencial
Power BI Senior,"Vaga: 16551 - Power BI SRHome OfficePJ determinado (1 mês)Responsabilidades:Desenvolver e manter relatórios interativos, painéis e visualizações de dados utilizando o Power BI.Coletar requisitos de relatórios e análises de usuários internos e transformá-los em soluções de BI.Criar consultas e transformações de dados no Power BI para extrair e limpar dados de várias fontes.Realizar análises de dados complexos para identificar tendências, padrões e insights relevantes.Trabalhar em colaboração com outras equipes para fornecer suporte e treinamento relacionados ao Power BI.Monitorar o desempenho dos relatórios e solucionar problemas de desempenho conforme necessário.Manter-se atualizado com as últimas tendências e recursos do Power BI e propor melhorias contínuas.Requisitos:Bacharelado em Ciência da Computação, Engenharia, Estatística ou área relacionada.Experiência comprovada na criação de relatórios, painéis e visualizações utilizando o Power BI.Conhecimento avançado de consultas e transformações de dados no Power BI.Habilidades sólidas de análise de dados e capacidade de transformar dados brutos em informações acionáveis.Familiaridade com a integração de dados de diferentes fontes, como bancos de dados, arquivos CSV, APIs, etc.Excelentes habilidades de comunicação e capacidade de traduzir requisitos de negócios em soluções de BI.Capacidade de trabalhar em equipe, colaborar com outras áreas e gerenciar múltiplas tarefas simultaneamente.Certificações relevantes em Power BI são uma vantagem.Ao inserir os seus Dados no formulário para cadastro você confere pleno consentimento ao tratamento de dados pessoais nos termos da nossa&nbsp;Política de Privacidade https://www.taking.com.br/politica-de-privacidade/Responsabilidades e atribuiçõesRequisitos e qualificaçõesInformações adicionais",Taking,PJ,São Paulo,remoto
Consultor de BI,"16523 - Consultor BIAtuação PJ - 6 meses100% Home OfficeAtividades:- atendimento sustentação- implementar monitoria- melhorar performance das pipelines (orquestrador)- identificar melhorias nos scripts já feitos- desenvolvimento de scripts em databricks e dbt&nbsp;Conhecimentos:- Componentes Azure Data Factory, Databricks e Azure Storage;- Manipulação de arquivos Parquet/Delta;- Linguagem Spark, sql;- Programação Python;- Banco de dados SQL e Oracle;- Conhecimento em DevOps: pipelines, criação de branchs, releases;- dbt (data build tool) (desejável)﻿Ao inserir os seus Dados no formulário para cadastro você confere pleno consentimento ao tratamento de dados pessoais nos termos da nossa Política de Privacidade https://www.taking.com.br/politica-de-privacidade/",Account Manager Jr,PJ,São Paulo,remoto
Especialista de BI Sênior,"A Eng4Tech é uma empresa capacitada por talentos e habilidades somadas de sócios e diretores que são autoridade em suas competências.Fundada por especialistas em Data Plataform, BI, Database Adminstrator, Desenvolvimento de Software, Desenvolvimento Mobile, Infra e Cloud Plataform entre outras especialidades, desenvolvemos habilidades ímpar para realizar um impacto rápido na transformação e digitalização de processos industriais e negócios.Agora que falamos um pouco sobre nós, queremos ouvir um pouco sobre você, que é um ás no Dataviz e transforma as necessidades do cliente em Reports e Dashboards inteligentes!Procuramos alguém que tenha 4 anos ou mais de experiência com Power BI, domine a criação de cálculos complexos em DAX e modelagem multidimensional e tenha bons conhecimentos com governança dos dados.Alguns diferençais que irão te destacar:- Azure SQL Database- Azure Analysis Services (Tabular)- Azure Datafactory- Azure Synapse Analytics- Databricks- PythonE aí? O que achou? Nos permita ouvir sua história e venha fazer parte da nossa.Estamos ansiosos para te conhecer!Responsabilidades e atribuiçõesO especialista irá compor o time de Analytics do cliente, Atuando no desenvolvimento de reports e dashboards estratégicos, desde a definição da camada semântica, criação de cálculos complexos utilizando DAX até a apresentação dos dados de forma inteligente.Reuniões com o time de negócio também fará parte da rotina do especialista, para compreensão das demandas, levantamento de requisitos e  alinhamento das expectativas e prazos, transformando estas necessidades em entregas de qualidade.Requisitos e qualificaçõesProcuramos alguém que tenha 4 anos ou mais de experiência com Power BI, domine a criação de cálculos complexos em DAX e modelagem multidimensional e tenha bons conhecimentos com governança dos dados.Alguns diferençais que irão te destacar:- Azure SQL Database- Azure Analysis Services (Tabular)- Azure Datafactory- Azure Synapse Analytics- Databricks- PythonInformações adicionaisEsta oportunidade se trata de uma atuação híbrida, sendo 1 dia da semana presencial em São Paulo (Capital) e outros 4 remotos.",Eng4tech,PJ,São Paulo,remoto
Banco de Talentos - Dados/BI/Analytics,"Estamos em busca de talentos da área de Dados/BI/Analytics!Responsabilidades e atribuiçõesTodos os níveis de expertise são bem-vindes!Queremos construir uma porta de entrada para você aqui na Vivo! E para isso, queremos conhecer sua carreira e seus skills voltados à Dados/BI/Analytics. A ideia é que tanto a equipe de Atração de Talentos quanto os gestores das áreas de Dados tenham acesso ao seu currículo para que possamos te chamar logo pra fazer uma entrevista!Então capricha no seu cadastro! Conta pra gente no que você manda bem pra podermos oferecer uma oportunidade que tenha a sua cara!Requisitos e qualificaçõesConhecimento e/ou experiência na área de Dados/BI/Analytics;Facilidade de aprendizado;Foco em resultado;Sendo de urgência;Resiliência;Pró-atividade;Perfil mão-na-massa (você faz acontecer?).Informações adicionaisNa Vivo não medimos esforços em apoiar e valorizar nossos colaboradores! Não são apenas excelentes benefícios, mas também flexíveis. Veja o que ofereceremos* para você:Escolher o benefício ideal para você e seus dependentes, numa plataforma digital com diversas categorias de Academia, VR, VA, Auxilio Farmácia, Assistência Médica, Odontológica e Seguro de Vida;Celular corporativo. Sim, um smartphone novinho para você!Plano de voz e Dados ilimitado! Sim ilimitado! O 4,5G da Vivo é até 10 vezes mais rápido!Uma oferta exclusiva da Vivo, com desconto especial em linha fixa, banda larga, TV e apps;Terá direito a receber Bônus ou PPR anual;Planejará seu futuro através do plano de Previdência Privada;Tem filhos? Terá direito a um subsidio para ajudar nas despesas com escola, creche ou babá;Viver em um ambiente que respeitará sua personalidade, seu estilo de se vestir, seu jeito de ser e poderá ser autêntico. #VemdeVocêTer flexibilidade de horário;Aproveitar um dia de folga (Day off) para comemorar seu aniversário;Participar de um dos maiores programas de voluntariado corporativo para você transformar o mundo;Usufruir do nosso Programa de Desenvolvimento Educacional que oferece parcerias em instituições de ensino com desconto; certificações e cursos online;Potencializar sua carreira por meio do nosso Programa de Recrutamento Interno, no Brasil ou fora, afinal estamos presentes em mais de 17 países! #VivoMinhaCarreiraE tem muito mais! Mas, você tem que se candidatar para saber...*De acordo com a política de elegibilidade determinada pela empresa.#VEMPRAVIVO Todas as nossas vagas são elegíveis a pessoas com deficiência e/ou reabilitados. Temos uma cultura que valoriza a diversidade, as diferenças e o potencial das pessoas!",Vivo Digital,banco de talentos,São Paulo,presencial
Business Partner - Regionais,"Empresa do segmento de saúde.Responsabilidades e atribuições·&nbsp;Realizar e/ou acompanhar os líderes no feedback com os colaboradores;·&nbsp;Oferecer suporte ao processo de desligamento de colaboradores;·&nbsp;Realizar entrevista de desligamento;·&nbsp;Realizar mapeamento e diagnóstico para propor escutas e planos de ação;·&nbsp;Identificar e elaborar relatórios com indicadores da área de atuação;·&nbsp;Planejar, desenvolver e ministrar treinamentos comportamentais;·&nbsp;Acompanhar o colaborador e dar suporte à liderança, através de escutas e feedbacks de forma humanizada, presencialmente ou por telefone;·&nbsp;Realizar diagnósticos nas áreas de atuação com os respectivos planos de ação;·&nbsp;Dar suporte de consultoria para o RH local e para a liderança;· Realizar ações de desenvolvimento, indicadores estratégicos, desenvolvimento de processos de RH e de cultura, dentre outras atividades inerentes à função.Requisitos e qualificações·&nbsp;Graduação completa em Psicologia;·&nbsp;Desejável Pós-Graduação;·&nbsp;Conhecimento com análise de dados;·&nbsp;Necessário experiência na área de RH na função/generalista.Informações adicionais·&nbsp;Horário de trabalho: 44h/semanais.·&nbsp;Empresa do segmento de saúde.&nbsp;",Analista de Qualidade ,CLT,Distrito Federal,presencial
Cientista de Dados,"Maior empresa de distribuição de computadores nos Estados Unidos. Desenvolvemos, fabricamos, vendemos e prestamos assistência a uma série de computadores pessoais, servidores, data storages, softwares, periféricos, PDA´s e muito mais.Empregando mais de 78.700 pessoas no mundo inteiro. Estamos entre os maiores fabricantes de computadores do mundo, com 10,4 milhões de unidades vendidas.Os clientes acreditam na nossa oferta de soluções tecnológicas, que os ajuda a realizar e obter mais, não importando se eles estão em casa, no trabalho, na escola ou em qualquer lugar do mundo.Responsabilidades e atribuições&nbsp;FormaçãoMaster’s degree or equivalent relevant work experience. A degree in STEM (Science/Technology/Engineering/Math) is preferable&nbsp;Requisitos Técnicos Imprescindíveis• Client-facing experience or experience working as a consultant.• Demonstrated knowledge of leadership/teamwork, and stakeholder/customer management skills.• Strong and adaptable knowledge of programming languages and software engineering.• Solid knowledge of AI/ML algorithms and concepts, statistics, and research methods• Analytics capabilities and excellent analytical problem-solving techniques with the ability to deal with large volumes of data and data cleaning• Excellent written and verbal communication skills, including the ability to convey analytic insights effectively to customers' IT and business leaders• Understanding of business environment and industry trends• Experience with Hadoop/Spark, SQL (Hive and/or MPP databases), and data visualization tools (e.g., Power BI, Tableau, D3.js).• Experience on both on prem as well as cloud environments.• Experience working with agile methodologies.Requisitos e qualificaçõesFormaçãoMaster’s degree or equivalent relevant work experience. A degree in STEM (Science/Technology/Engineering/Math) is preferable&nbsp;Requisitos Técnicos Imprescindíveis• Client-facing experience or experience working as a consultant.• Demonstrated knowledge of leadership/teamwork, and stakeholder/customer management skills.• Strong and adaptable knowledge of programming languages and software engineering.• Solid knowledge of AI/ML algorithms and concepts, statistics, and research methods• Analytics capabilities and excellent analytical problem-solving techniques with the ability to deal with large volumes of data and data cleaning• Excellent written and verbal communication skills, including the ability to convey analytic insights effectively to customers' IT and business leaders• Understanding of business environment and industry trends• Experience with Hadoop/Spark, SQL (Hive and/or MPP databases), and data visualization tools (e.g., Power BI, Tableau, D3.js).• Experience on both on prem as well as cloud environments.• Experience working with agile methodologies.Informações adicionaisBenefícios Ewave p/ CLT·&nbsp;&nbsp;&nbsp;&nbsp;&nbsp;&nbsp;VA e/ou VR (32,00/dia)·&nbsp;&nbsp;&nbsp;&nbsp;&nbsp;&nbsp;Plano de Saúde – Sulamérica·&nbsp;&nbsp;&nbsp;&nbsp;&nbsp;&nbsp;Plano Odontológico·&nbsp;&nbsp;&nbsp;&nbsp;&nbsp;&nbsp;Seguro de vida·&nbsp;&nbsp;&nbsp;&nbsp;&nbsp;&nbsp;Crédito consignado·&nbsp;&nbsp;&nbsp;&nbsp;&nbsp;&nbsp;Inglês in company/online (desconto simbólico em folha de R$7,00 mensais)·&nbsp;&nbsp;&nbsp;&nbsp;&nbsp;&nbsp;Gympass·&nbsp;&nbsp;&nbsp;&nbsp;&nbsp;&nbsp;Auxílio Creche (para SP)·&nbsp;&nbsp;&nbsp;&nbsp;&nbsp;&nbsp;Ecx card (utilização em farmácias, supermercados, postos de combustível, etc.)",Ewave do Brasil,CLT,São Paulo,remoto
Cientista de Dados,"Vaga para nosso BANCO DE TALENTOSProcuramos Cientista de Dados, que apoiem o crescimento da empresa e proponham KPIs de sucesso e seu acompanhamento. Trabalhamos com grandes volumes de dados e transformamos em informação de performance minuto a minuto. A melhoria contínua do produto é o nosso principal objetivo, além de entender como podemos agregar cada vez mais ao mercado financeiro.Você deve ser capaz de trabalhar&nbsp;com grandes volumes de dados&nbsp;em real time e&nbsp;criar análises e visualizações estruturadas&nbsp;a partir deles (planilhas já não nos atendem mais).Somos inquietos, somos desbravadores e estamos em constante transformação.Por isso, estamos na busca constante de crescimentos do nosso time com profissionais inovadores, que desafiam os limites e estejam preparados para embarcar em uma cultura totalmente nômade.SOMOS NÔMADES, NOSSAS VAGAS SÃO PARA QUALQUER LUGAR!Seja qual for o seu gênero, orientação sexual, idade, raça, etnia, crença ou deficiência, todos são bem-vindos no nosso time.Responsabilidades e atribuiçõesFornecer relatórios e dashboards operacionais e financeiros para níveis executivos, clientes e gestão interna;Participar da construção de metas e KPIs da empresa;Estar apto a&nbsp;transformar&nbsp;a área de relatórios gerenciais, com implantação de novas ferramentas como ERP;Alta capacidade em análise e manipulação de base de dados de B.I.;Aplicar as técnicas em ciência de dados para a resolução de problemas complexos de negócio, sempre orientado aos resultados mais relevantes para a companhia;Buscar&nbsp;melhorias nos processos&nbsp;de Business Intelligence e Big Data da empresa, garantindo a aplicação de melhores práticas e atualizando os processos internos.Requisitos e qualificaçõesConhecimento em linguagem de programação Phyton, R ou Scala;Conhecimento em SQL e NoSQL;﻿Graduação em andamento/completa em Matemática, Estatística ou áreas correlatadas;Muita vontade para desbravar.Informações adicionaisOs desbravadores tem:Horário flexível, aqui você é responsável por se organizar;Cultura ágil, aqui todos os desbravadores utilizam metodologias ágeis no dia a dia;No dress code, seja 100% você;Vale transporte;Vale refeição ou alimentação FLEX;Gympass;Plano odontológico Bradesco;Plano de saúde Amil;Seguro de vida Metlife;Bem estar psicológico gratuito;Brivia Academy, treinamentos para aperfeiçoamento;Bônus salarial;Associação e descontos na&nbsp;ANAMID;E o melhor de todos: trabalhe de onde você quiser, somos nômades e estamos 100% em home office!",Brivia,banco de talentos,Santa Catarina,remoto
"Professor de Ciências | Londrina, Cambé e Ibiporã [Banco de Talentos 2025]","[Vaga para Banco de Talentos]🌟 Seja parte de uma nova era na educação pública! 🌟Na Tom Educação, acreditamos que a chave para transformar o futuro está em uma educação pública de qualidade. Nossa missão é desenvolver uma comunidade visceralmente comprometida para que todos os estudantes possam construir e alcançar seus sonhos.Como professor, você será parte essencial dessa missão, atuando diretamente com alunos do ensino básico para desenvolver habilidades de vida. Se você é apaixonado por ensinar e quer impactar vidas, essa vaga é para você!🚀 Venha fazer parte do Tom Educação e ajude a transformar vidas e o futuro da educação pública!Responsabilidades e atribuiçõesPlanejar e ministrar aulas que motivem e engajem os alunos.Adaptar o conteúdo para atender às diferentes necessidades das turmas.Avaliar o desempenho dos alunos por meio de provas, trabalhos e atividades.Acompanhar o progresso individual dos estudantes.Criar um ambiente de aprendizagem seguro e estimulante.Promover o desenvolvimento do pensamento crítico.Colaborar com a equipe pedagógica e gestão escolar para garantir a qualidade do ensino.Requisitos e qualificaçõesLicenciatura Plena em Ciências; OUBacharelado em Ciências Biológicas; OU﻿Licenciatura Plena em Ciências BiológicasConhecimento profundo do conteúdo a ser ministrado.Habilidade para adaptar métodos de ensino a diferentes perfis de alunos.Compromisso com o desenvolvimento educacional dos estudantes.Boa comunicação e capacidade de trabalho em equipe.Dedicação ao ensino em ambientes da rede pública.Diferenciais: Experiência prévia como professor titular no ensino fundamental ou médio.Informações adicionaisRemuneração + Benefícios (Flexível) - de acordo com a tabela de remuneração abaixo:A distribuição de horas-aula será feita de acordo com a Normativa Nº 12/2023, da SEED/PR.Perguntas Frequentes do Processo Seletivo1. Quem pode se inscrever no processo seletivo?Qualquer pessoa que atenda aos requisitos mínimos descritos na página da vaga na Gupy pode se inscrever. Verifique a seção ""Requisitos"" da vaga para a qual você está aplicando para garantir a sua compatibilidade com a vaga.2. Como faço para me inscrever?As inscrições são realizadas online. Basta acessar https://tomeducacao.gupy.io/, preencher o formulário e enviar os documentos solicitados. Após a inscrição, você receberá um e-mail de confirmação.3. Quais documentos são necessários para a inscrição?Os documentos exigidos podem variar de acordo com o cargo, mas geralmente giram em torno do currículo atualizado. Caso você receba uma oferta de contratação, outros documentos serão solicitados.4. Há uma taxa de inscrição?Não, a inscrição no processo seletivo é totalmente gratuita.5. Qual é o prazo final para inscrição?As inscrições estão abertas até o dia 31/10/2025. Inscreva-se o quanto antes para garantir a sua participação.6. Como será o processo de seleção?O processo seletivo é composto por várias etapas, incluindo:Análise curricular;Prova Específica;Aula-Teste;Entrevistas com o time de Pessoas&amp;Cultura da Tom Educação e com colaboradores da escola em que você irá trabalhar7. Quando os resultados serão divulgados?Os resultados das diferentes etapas do processo seletivo serão enviados por e-mail. Acompanhe o calendário na página da Gupy para as datas.8. Posso corrigir ou atualizar minha inscrição após enviá-la?Sim, você pode atualizar seus dados antes do prazo final de inscrição, acessando sua conta no site e fazendo as alterações necessárias diretamente no site www.tomeducacao.gupy.io.&nbsp;9. Como posso acompanhar o status da minha inscrição?Você pode acompanhar o status de sua inscrição e do processo seletivo na área ""Minha Inscrição"" no nosso site www.tomeducacao.gupy.io, onde estarão as atualizações sobre cada etapa.10. O que devo fazer se não receber o e-mail de confirmação da inscrição?Verifique sua caixa de spam ou lixo eletrônico. Caso o e-mail não esteja lá, entre em contato com a equipe de suporte pelo e-mail pessoas.cultura@tomeducacao.com.br ou pelo telefone 41 8492-100211. Há vagas para pessoas com deficiência (PCD)?Sim, o processo seletivo conta com vagas destinadas a pessoas com deficiência (PCD).&nbsp;12. Qual é a duração do processo seletivo?O processo seletivo pode variar em duração, mas normalmente leva entre 20 a 60 dias, desde o início das inscrições até a divulgação do resultado final. Confira o andamento em seu e-mail ou no nosso site www.tomeducacao.com.br.13. Onde posso encontrar mais informações sobre os cargos disponíveis?Todas as informações sobre as vagas, incluindo requisitos e responsabilidades, estão detalhadas na página do processo seletivo, disponível no nosso site www.tomeducacao.com.br.14. E se eu tiver mais dúvidas?Caso tenha outras perguntas, você pode entrar em contato com nossa equipe pelo e-mail pessoas.cultura@tomeducacao.com.br ou pelo telefone 41 8492-1002",Tom Educação,banco de talentos,Paraná,presencial
Banco de Talentos | Ciências Contábeis,"Você é estudante ou profissional da área contábil e está em busca de uma oportunidade para colocar seus conhecimentos em prática ou se desenvolver na carreira? Cadastre-se no nosso Banco de Talentos! 📝🙋‍♂️🙋‍♀️Estamos em busca de talentos para compor futuras vagas nos níveis de Estágio, Auxiliar, Assistente, Analista e posições de Liderança, voltadas às áreas Contábil, Fiscal, Tributária e afins. 🧾📚Ao se candidatar, seu perfil ficará disponível em nosso banco interno e poderá ser considerado sempre que surgirem oportunidades compatíveis com seu momento profissional.Aqui, valorizamos o desenvolvimento de carreira e acreditamos no seu potencial! 🚀Responsabilidades e atribuiçõesApoiar nas rotinas administrativas das áreas Fiscal, Contábil, Financeira e de Departamento Pessoal (de acordo com a área de atuação designada).&nbsp;Auxiliar no lançamento e organização de documentos fiscais, contábeis e financeiros;&nbsp;Contribuir no controle e arquivamento de documentos;&nbsp;Auxiliar na elaboração e conferência de relatórios e planilhas diversas;&nbsp;Participar de atividades de atendimento e orientação interna relacionadas aos setores de atuação;&nbsp;Manter atualizadas as informações nos sistemas e bases de dados;&nbsp;Contribuir para a melhoria contínua dos processos internos;&nbsp;Realizar outras atividades correlatas conforme necessidade e desenvolvimento profissional.&nbsp;Requisitos e qualificaçõesEnsino Superior cursando ou completo em Ciências Contábeis;&nbsp;Todas as suas experiências contam! Mantenha seu currículo atualizado com estágios, atividades formais ou informais e experiências profissionais que demonstrem seu potencial.&nbsp;Conhecimentos em informática: nível intermediário;&nbsp;Informações adicionaisSalários, benefícios e demais itens oferecidos podem variar conforme a vaga disponível.",Serhum Consultoria em RH,banco de talentos,Maranhão,presencial
Professor de Ciências | Ponta Grossa [Banco de Talentos 2025],"[Vaga para Banco de Talentos]🌟 Seja parte de uma nova era na educação pública! 🌟Na Tom Educação, acreditamos que a chave para transformar o futuro está em uma educação pública de qualidade. Nossa missão é desenvolver uma comunidade visceralmente comprometida para que todos os estudantes possam construir e alcançar seus sonhos.Como professor, você será parte essencial dessa missão, atuando diretamente com alunos do ensino básico para desenvolver habilidades de vida. Se você é apaixonado por ensinar e quer impactar vidas, essa vaga é para você!🚀 Venha fazer parte do Tom Educação e ajude a transformar vidas e o futuro da educação pública!Responsabilidades e atribuiçõesPlanejar e ministrar aulas que motivem e engajem os alunos.Adaptar o conteúdo para atender às diferentes necessidades das turmas.Avaliar o desempenho dos alunos por meio de provas, trabalhos e atividades.Acompanhar o progresso individual dos estudantes.Criar um ambiente de aprendizagem seguro e estimulante.Promover o desenvolvimento do pensamento crítico.Colaborar com a equipe pedagógica e gestão escolar para garantir a qualidade do ensino.Requisitos e qualificaçõesLicenciatura Plena em Ciências; OUBacharelado em Ciências Biológicas; OU﻿Licenciatura Plena em Ciências BiológicasConhecimento profundo do conteúdo a ser ministrado.Habilidade para adaptar métodos de ensino a diferentes perfis de alunos.Compromisso com o desenvolvimento educacional dos estudantes.Boa comunicação e capacidade de trabalho em equipe.Dedicação ao ensino em ambientes da rede pública.Diferenciais: Experiência prévia como professor titular no ensino fundamental ou médio.Informações adicionaisRemuneração + Benefícios (Flexível) - de acordo com a tabela de remuneração abaixo:A distribuição de horas-aula será feita de acordo com a Normativa Nº 12/2023, da SEED/PR.Perguntas Frequentes do Processo Seletivo1. Quem pode se inscrever no processo seletivo?Qualquer pessoa que atenda aos requisitos mínimos descritos na página da vaga na Gupy pode se inscrever. Verifique a seção ""Requisitos"" da vaga para a qual você está aplicando para garantir a sua compatibilidade com a vaga.2. Como faço para me inscrever?As inscrições são realizadas online. Basta acessar https://tomeducacao.gupy.io/, preencher o formulário e enviar os documentos solicitados. Após a inscrição, você receberá um e-mail de confirmação.3. Quais documentos são necessários para a inscrição?Os documentos exigidos podem variar de acordo com o cargo, mas geralmente giram em torno do currículo atualizado. Caso você receba uma oferta de contratação, outros documentos serão solicitados.4. Há uma taxa de inscrição?Não, a inscrição no processo seletivo é totalmente gratuita.5. Qual é o prazo final para inscrição?As inscrições estão abertas até o dia 31/10/2025. Inscreva-se o quanto antes para garantir a sua participação.6. Como será o processo de seleção?O processo seletivo é composto por várias etapas, incluindo:Análise curricular;Prova Específica;Aula-Teste;Entrevistas com o time de Pessoas&amp;Cultura da Tom Educação e com colaboradores da escola em que você irá trabalhar7. Quando os resultados serão divulgados?Os resultados das diferentes etapas do processo seletivo serão enviados por e-mail. Acompanhe o calendário na página da Gupy para as datas.8. Posso corrigir ou atualizar minha inscrição após enviá-la?Sim, você pode atualizar seus dados antes do prazo final de inscrição, acessando sua conta no site e fazendo as alterações necessárias diretamente no site www.tomeducacao.gupy.io.&nbsp;9. Como posso acompanhar o status da minha inscrição?Você pode acompanhar o status de sua inscrição e do processo seletivo na área ""Minha Inscrição"" no nosso site www.tomeducacao.gupy.io, onde estarão as atualizações sobre cada etapa.10. O que devo fazer se não receber o e-mail de confirmação da inscrição?Verifique sua caixa de spam ou lixo eletrônico. Caso o e-mail não esteja lá, entre em contato com a equipe de suporte pelo e-mail pessoas.cultura@tomeducacao.com.br ou pelo telefone 41 9262-8806.11. Há vagas para pessoas com deficiência (PCD)?Sim, o processo seletivo conta com vagas destinadas a pessoas com deficiência (PCD).&nbsp;12. Qual é a duração do processo seletivo?O processo seletivo pode variar em duração, mas normalmente leva entre 20 a 60 dias, desde o início das inscrições até a divulgação do resultado final. Confira o andamento em seu e-mail ou no nosso site www.tomeducacao.com.br.13. Onde posso encontrar mais informações sobre os cargos disponíveis?Todas as informações sobre as vagas, incluindo requisitos e responsabilidades, estão detalhadas na página do processo seletivo, disponível no nosso site www.tomeducacao.com.br.14. E se eu tiver mais dúvidas?Caso tenha outras perguntas, você pode entrar em contato com nossa equipe pelo e-mail pessoas.cultura@tomeducacao.com.br ou pelo telefone 41 9262-8806.",Tom Educação,banco de talentos,Paraná,presencial
Professor de Ciências | Foz do Iguaçu [Banco de Talentos 2025],"[Vaga para Banco de Talentos]🌟 Seja parte de uma nova era na educação pública! 🌟Na Tom Educação, acreditamos que a chave para transformar o futuro está em uma educação pública de qualidade. Nossa missão é desenvolver uma comunidade visceralmente comprometida para que todos os estudantes possam construir e alcançar seus sonhos.Como professor, você será parte essencial dessa missão, atuando diretamente com alunos do ensino básico para desenvolver habilidades de vida. Se você é apaixonado por ensinar e quer impactar vidas, essa vaga é para você!🚀 Venha fazer parte do Tom Educação e ajude a transformar vidas e o futuro da educação pública!Responsabilidades e atribuiçõesPlanejar e ministrar aulas que motivem e engajem os alunos.Adaptar o conteúdo para atender às diferentes necessidades das turmas.Avaliar o desempenho dos alunos por meio de provas, trabalhos e atividades.Acompanhar o progresso individual dos estudantes.Criar um ambiente de aprendizagem seguro e estimulante.Promover o desenvolvimento do pensamento crítico.Colaborar com a equipe pedagógica e gestão escolar para garantir a qualidade do ensino.Requisitos e qualificaçõesLicenciatura Plena em Ciências; OUBacharelado em Ciências Biológicas; OU﻿Licenciatura Plena em Ciências BiológicasConhecimento profundo do conteúdo a ser ministrado.Habilidade para adaptar métodos de ensino a diferentes perfis de alunos.Compromisso com o desenvolvimento educacional dos estudantes.Boa comunicação e capacidade de trabalho em equipe.Dedicação ao ensino em ambientes da rede pública.Diferenciais: Experiência prévia como professor titular no ensino fundamental ou médio.Informações adicionaisRemuneração + Benefícios (Flexível) - de acordo com a tabela de remuneração abaixo:A distribuição de horas-aula será feita de acordo com a Normativa Nº 12/2023, da SEED/PR.Perguntas Frequentes do Processo Seletivo1. Quem pode se inscrever no processo seletivo?Qualquer pessoa que atenda aos requisitos mínimos descritos na página da vaga na Gupy pode se inscrever. Verifique a seção ""Requisitos"" da vaga para a qual você está aplicando para garantir a sua compatibilidade com a vaga.2. Como faço para me inscrever?As inscrições são realizadas online. Basta acessar https://tomeducacao.gupy.io/, preencher o formulário e enviar os documentos solicitados. Após a inscrição, você receberá um e-mail de confirmação.3. Quais documentos são necessários para a inscrição?Os documentos exigidos podem variar de acordo com o cargo, mas geralmente giram em torno do currículo atualizado. Caso você receba uma oferta de contratação, outros documentos serão solicitados.4. Há uma taxa de inscrição?Não, a inscrição no processo seletivo é totalmente gratuita.5. Qual é o prazo final para inscrição?As inscrições estão abertas até o dia 31/01/2025. Inscreva-se o quanto antes para garantir a sua participação.6. Como será o processo de seleção?O processo seletivo é composto por várias etapas, incluindo:Análise curricular;Prova Específica;Aula-Teste;Entrevistas com o time de Pessoas&amp;Cultura da Tom Educação e com colaboradores da escola em que você irá trabalhar7. Quando os resultados serão divulgados?Os resultados das diferentes etapas do processo seletivo serão enviados por e-mail. Acompanhe o calendário na página da Gupy para as datas.8. Posso corrigir ou atualizar minha inscrição após enviá-la?Sim, você pode atualizar seus dados antes do prazo final de inscrição, acessando sua conta no site e fazendo as alterações necessárias diretamente no site www.tomeducacao.gupy.io.&nbsp;9. Como posso acompanhar o status da minha inscrição?Você pode acompanhar o status de sua inscrição e do processo seletivo na área ""Minha Inscrição"" no nosso site www.tomeducacao.gupy.io, onde estarão as atualizações sobre cada etapa.10. O que devo fazer se não receber o e-mail de confirmação da inscrição?Verifique sua caixa de spam ou lixo eletrônico. Caso o e-mail não esteja lá, entre em contato com a equipe de suporte pelo e-mail pessoas.cultura@tomeducacao.com.br ou pelo telefone 41 9262-8806.11. Há vagas para pessoas com deficiência (PCD)?Sim, o processo seletivo conta com vagas destinadas a pessoas com deficiência (PCD).&nbsp;12. Qual é a duração do processo seletivo?O processo seletivo pode variar em duração, mas normalmente leva entre 20 a 60 dias, desde o início das inscrições até a divulgação do resultado final. Confira o andamento em seu e-mail ou no nosso site www.tomeducacao.com.br.13. Onde posso encontrar mais informações sobre os cargos disponíveis?Todas as informações sobre as vagas, incluindo requisitos e responsabilidades, estão detalhadas na página do processo seletivo, disponível no nosso site www.tomeducacao.com.br.14. E se eu tiver mais dúvidas?Caso tenha outras perguntas, você pode entrar em contato com nossa equipe pelo e-mail pessoas.cultura@tomeducacao.com.br ou pelo telefone 41 9262-8806.",Tom Educação,banco de talentos,Paraná,presencial
Jovem Aprendiz - Ciências Contábeis/Econômicas ,"Desafie o mercado com a&nbsp;IHARA&nbsp;ao seu lado!Somos a&nbsp;IHARA&nbsp;porque assim escolhemos ser!&nbsp;Sonhamos grande. Acreditamos que a&nbsp;capacidade humana&nbsp;é ilimitada e nos desafiamos sempre.Responsabilidades e atribuiçõesVocê terá a oportunidade de evoluir sua carreira em umas das maiores empresas do segmento do agronegócio atuando como jovem aprendiz no time IHARA. Entregar resultados, de maneira dinâmica e assertiva. Na sua rotina, você iráAcompanhar processos administrativos e organização de documentos;Auxiliar nas atividades diárias e garantir o bom funcionamento dos processos internos;Suporte em projetos específicos, fornecendo assistência onde necessário, como pesquisa, coleta de dados ou preparação de materiais de apresentação.Venha adquirir vivência prática e experiência corporativa.No Programa de Aprendizagem, a carga horária é de 30 horas semanais (horário comercial), o que resulta em 6 horas diárias, sendo 4 dias de aprendizado prático na firma e 1 dia na instituição de ensino e aprendizagem.Requisitos e qualificaçõesTer entre 18 e 23 anos;Cursando Graduação em Ciências Contábeis ou Ciências Econômicas;Excel intermediário;Não ter trabalhado anteriormente como aprendiz administrativo.Informações adicionaisPrincipais benefícios:Bolsa Auxilio compatível com o mercado;Refeição na empresa;Seguro de Vida;Fretado.Todas as nossas oportunidades são elegíveis para profissionais com deficiência e/ou reabilitados.",IHARA - Agricultura é a nossa vida,CLT,São Paulo,presencial
Estagiário de Ciência de Dados,"Estagiário de Ciência de Dados para atuar junto ao time de Produto no desenvolvimento de Inteligência artificial.Responsabilidades e atribuiçõesFazer a manipulação de dados e análises estatísticas;Modelar dashboards;Realizar o desenvolvimento de modelos de previsão e predição utilizando machine learning;Realizar o desenvolvimento de relatórios em banco de dados relacional.Requisitos e qualificaçõesPacote OfficeLinguagens: Python e SQLConhecimento de AWSCursando: Engenharias, Ciência da Computação ou Estatística&nbsp;",SYOS,estágio,São Paulo,presencial
Banco de Talentos - Área de Dados,"Você trabalha ou quer trabalhar com&nbsp;engenharia de dados,&nbsp;ciência de dados&nbsp;ou&nbsp;desenvolvimento? Então este espaço é para você!Responsabilidades e atribuiçõesEsta é uma vaga de&nbsp;Banco de Talentos, o que significa que sua candidatura será considerada assim que uma oportunidade efetiva for aberta em nosso time. Ao surgir uma posição alinhada ao seu perfil, entraremos em contato com você.Requisitos e qualificaçõesSe você tem interesse em fazer parte de um time que valoriza inovação, colaboração e crescimento contínuo na área de dados, inscreva-se e fique no nosso radar!",Ingram Micro,banco de talentos,São Paulo,híbrido
Estágio em Bancos de Dados SQL - 100% PRESENCIAL em Piracicaba,"Venha fazer parte do nosso time!Se você deseja trabalhar em uma empresa pioneira em Inteligência Agronômica Artificial, líder no mercado agro, criadora incansável de soluções inovadoras e fazer parte de um time que revoluciona a agricultura, chegou o momento!Para acompanhar e fazer parte do crescimento da empresa, estamos à procura de um ESTÁGIO DESENVOLVEDOR ETL que tenha inovação, criatividade, organização e pro atividade em seu DNA.Confira o perfil abaixo e venha ser um SMARTBREEDER!📍Vaga Presencial em Piracicaba SPResponsabilidades e atribuições📌O que você vai fazer no seu dia a dia:✅&nbsp;Criar procedimentos, executar testes e validações utilizando SQL e ferramentas ETL para garantir a congruência dos dados integrados;✅ Estruturação de Banco de dados.Requisitos e qualificações⚠️Cursando superior em: áreas relacionadas a T.I. 📌Seria legal se você tivesse conhecimento em:✅&nbsp;Lógica de programação;✅&nbsp;Linguagem SQL;✅&nbsp;Banco de dados SQL Server;✅&nbsp;Python.Informações adicionais📌 O que oferecemos?✅ Auxílio mobilidade no cartão Caju;✅ Voucher Aniversário;✅ Lanche da tarde;✅ Wellhub/Gympass;✅ Seguro de vida;✅ Programas de capacitação;✅ Parceiras com instituição de ensino, hamburguerias, restaurantes, óticas e farmácias.✉️&nbsp;Cadastre seu currículo, caso você tenha perfil para vaga entraremos em contato com você em breve!",SMARTBREEDER - trabalhe conosco,estágio,São Paulo,presencial
Não encontrou uma vaga com seu perfil? Cadastre seus dados aqui!! (CÓPIA),"Somos uma empresa inquieta que sempre buscou fazer diferente e melhor. Durante os 31 anos de trajetória, nos tornamos uma empresa especializada em gerenciamento de projeto com foco em trazer resultados otimizados. Gostamos de pensar fora da caixa e nosso desafio diário é: como podemos inovar?&nbsp;Adotamos melhores práticas, pesquisamos novas tecnologias e desenvolvemos soluções inteligentes para planejamento, acompanhamento e controle de obras, empreendimento e paradas de manutenção.&nbsp;Nosso universo são indústrias de diversos segmentos com alto nível de exigência. Por isso, temos como missão garantir soluções em engenharia com tecnologia investindo continuamente em inovação, pessoas, gestão e melhores práticas.&nbsp;Nosso propósito é contribuir para um mundo melhor por meio de soluções inteligentes que otimizam resultados.Responsabilidades e atribuiçõesSe você não encontrou uma oportunidade aderente ao seu perfil profissional, não se preocupe. Ao se cadastrar conosco, você pode garantir que, assim que surgirem novas vagas compatíveis com suas habilidades e interesses, poderemos entrar em contato.Para facilitar nosso processo de análise e garantir que você seja direcionado às melhores oportunidades, não se esqueça de incluir todas as informações relevantes sobre sua trajetória profissional e áreas de interesse.Fique atento às novas oportunidades e boa sorte!Requisitos e qualificaçõesInformações adicionaisBenefícios:Transporte;Alimentação;Seguro de Vida;Plano de Saúde;Plano OdontológicoTotalpass;Starbem;Avus;Empréstimo consignado.",Qualidados,banco de talentos,Bahia,presencial
Banco de Talentos - Centro de Inteligência (Dados),"Falar da MRV&amp;CO (MRV, Urba, Luggo, Sensia e Resia) é dizer muito mais do que os títulos que recebemos durante nossa história de 45 anos. Ser uma das maiores&nbsp;construtoras da América Latina nos orgulha muito. Mas não só isso! Queremos mais e ir além! Somos uma Companhia inovadora e incansável na busca de soluções de moradia. Nos desafiamos e acreditamos na nossa força. E é importante que se evidencie: a força da MRV&amp;CO está em nossa gente. Uma Gente com G maiúsculo, engajada, protagonista, transformadora. Em poucas palavras: um time Sangue Verde!&nbsp;Acreditamos na transparência das relações, na valorização das conquistas e não abrimos mão dos valores que nos trouxeram até aqui. Temos certeza de que dia após dia construímos o futuro que queremos e esse futuro se apresenta em nosso propósito: construir sonhos que transformam o mundo.&nbsp;&nbsp;Vem #SERSangueVerde com a gente!💚🧡🚀Responsabilidades e atribuições&nbsp;&nbsp;Analytics&nbsp;Participação em projetos e iniciativas de ciência de dados;Influenciar nossos clientes internos a provocarem mudanças positivas e impactar o negócio com ganhos de eficiência operacional;Explorar conjuntos de dados e detectar padrões complexos em toda a jornada do cliente, assim como dos produtos MRV&amp;CO;Participar do desenvolvimento de soluções de IA e produtos de dados, capazes de gerar valor tanto para clientes externos quanto internos.Central de Monitoramento&nbsp;Conduzir projetos de melhoria contínua com foco em aumentar a receita e otimizar os processos visando reduzir custos e gastos;Implementar metodologias eficazes de gestão para garantir a execução eficiente dos projetos;Atuar de forma assertiva em análises detalhadas, negociações estratégicas e cobranças necessárias entre as áreas envolvidas nos projetos;Desenvolver e coordenar projetos de treinamento utilizando o método PDCA para garantir a capacitação contínua da equipe;Olhar sistêmico, crítico e analítico.Informação&nbsp;Desenvolver dashboards e relatórios que apoiam a tomada de decisão e planejamento estratégico do negócio;Responsável por entender os processos, sistemas e as principais métricas do negócio;&nbsp;Responsável por desenhar o macro fluxo de informações gerenciais e mapear os dados necessários para a tomada de decisão;Trabalhar os dados de diversas fontes utilizando ferramentas de Data Preparation;Idealizar e propor soluções para otimização da gestão dos dados e garantia da regra de negócio.Requisitos e qualificações- Formação superior completo ou em andamento em Estatística, Ciência de Dados, Computação, Engenharias, Economia, Matemática Computacional ou áreas correlatas;- Conhecimento em conceitos e boas práticas de estatística e probabilidade são diferenciais;- Conhecimento em Power BI, Python e/ou R;- Desenvolvimento de consultas SQL;- Boas habilidades de comunicação verbal e escrita, permitindo com que conceitos analíticos sejam compreendidos pelo negócio.Informações adicionaisO que você terá?• Salário compatível com o mercado;• Benefício de alimentação flexível - Alelo (vale-refeição e/ou vale-alimentação);• Plano de saúde;• Plano odontológico;• Programa anual de remuneração variável;• Vale-transporte;• Gympass;• Benefícios, conforme convenção coletiva de trabalho.• E muito mais!Conheça algumas iniciativas em Benefícios SER Sangue Verde: https://vagas-mrveco.gupy.io/",Venha construir o futuro com a gente!,banco de talentos,Minas Gerais,presencial
Carreiras de Dados  🧡 Exclusiva para Profissionais com Deficiência ,"Vem ser Ituber &amp; vem fazer Itaú_ O Itaú é a marca mais valiosa do Brasil, a melhor empresa para trabalhar segundo o Great Place to Work e o maior banco da América Latina. Nós impactamos diariamente mais de 60 milhões de clientes em 18 países. Somos feitos de pessoas e acreditamos que ter um quadro com pluralidade de origens, culturas, crenças, experiências, raças, deficiências, gêneros, orientações afetivo-sexuais e gerações ampliam as perspectivas e contribuem para um clima de respeito e valorização das diferenças. Não queremos você apenas por achar que tem a nossa cara. Queremos ter um pouco da sua também!&nbsp;Responsabilidades e atribuições_as oportunidade na área de dados:  Analista de dados Como será o seu dia a dia?Responsável por trazer insights e resolver problemas de negócios analisando bases de dados bem definidas através de gráficos, relatórios, elaboração de métricas, consultas ad hoc, análises, métricas;Reportes para suporte a tomada de decisão data driven em demandas específicas de cada área, e entre outros;Pré-requisitos_Conhecimento em dashboard, excel avançado, Tableau, SQL;&nbsp;Diferencial Python;&nbsp;Engenharia de dadosComo será o seu dia a dia?Responsável pela coleta, ingestão, transformação, extração e disponibilização de dadúteis para o negócio;Gerenciamento e garantia de governança e qualidade dos dados;Desenvolvimento e modernização de pipelines de Dados visando melhorias em processos;&nbsp;Pré-requisitos_Conhecimentos em arquitetura de dados, modelagem de dados e desenvolvimento de pipelines;Conhecimentos em Hadoop;Conhecimento em conceitos de Big Data;Linguagens de Programação (Python) e SQL;Pipeline de dados (ETL/ELT);&nbsp;Diferencial conhecer cloud pública, preferencialmente AWS&nbsp;Engenharia de AnalyticsComo será o seu dia a dia?Atua na obtenção de dados e produtização Analytics, visualizações que entreguem valor;Extrai e gera insights de grandes volumes de dados, garantindo qualidade e documentação, automatizando-as em ambiente produtivo;Ter a capacidade de criar data storytelling a partir das informações obtidas;Entendimento da plataforma de dados, a nível técnico e arquitetural, a fim de construir produtos de dados que agreguem valor ao usuário;&nbsp;&nbsp;Pré-requisitos_Criar e evoluir Produtos de Dados e Analytics no contexto de Data Driven;&nbsp;Conhecimentos em Arquitetura de Dados BI;&nbsp;Data Analytics e Data Viz;&nbsp;Conhecimento em SQL;&nbsp;Conhecimentos em Tableau e/ou QuicksightDiferencial conhecer cloud pública, preferencialmente AWS&nbsp;Requisitos e qualificaçõesInformações adicionaisAo se tornar um Ituber você tem_ • Vale Transporte• Vale Refeição (Restaurantes) / Vale Alimentação (Supermercados)• Convênio médico e odontológico• Seguro de Vida• PLR – Participação nos Lucros e Resultados (Mediante resultados do banco)• Previdência privada• Descontos exclusivos em nossos produtos financeiros• Licença maternidade estendida &amp; paternidade• Auxílio Creche / Babá (para papais e mamães)• Incentivo a estudos• GymPass ou TotalPass• Acesso aos Clubes Itaú (Guarapiranga / Itanhaém e São Sebastião)• + Algumas vantagens que você pode conhecer durante o processo*Estimulamos candidaturas de pessoas com deficiência em todas as nossas posições, sendo assim, sinta-se à vontade para se candidatar em vagas sinalizadas como exclusivas ou não para pessoas com deficiência. Somos comprometidos com a inclusão e valorizamos a diversidade. #VemProItaú #VemSerItuber",Itaú Unibanco,banco de talentos,São Paulo,híbrido
Product Owner Dados,"Product Owner DadosProduct Owner é o profissional responsável por definir os itens que estão dentro do Product Backlog e que serão priorizados dentro do negócio. É o responsável pela liderança do processo de desenvolvimento de um produto, especialmente quando métodos ágeis são aplicados.O PO para projetos de dados precisa vir da carreira de dados.Faz a ponte entreEquipe scrumÁrea de negóciosNecessidade dos clientes100% PresencialInformações adicionaisAo inserir os seus Dados no formulário para cadastro você confere pleno consentimento ao tratamento de dados pessoais nos termos da nossa Política de Privacidade https://www.taking.com.br/politica-de-privacidade/&nbsp;",Account Manager Jr,PJ,Paraná,presencial
Engenheiro de Dados PL/SR,"Na ENG4TECH, trabalhamos com soluções inovadoras que visam ajudar empresas a fazer sua transformação digital acontecer, que automatizam processos gerando soluções inovadoras e que permitam nossos clientes a focar em seu maior ativo, que são os clientes deles. Buscamos pessoas engajadas e com pensamento estratégico, que queiram gerar impactos positivos todos os dias, que sonham alto e fazem acontecer, para colecionar sucessos com o nosso time :)&nbsp;Você terá a oportunidade de evoluir sua carreira em uma empresa com ambiente inovador e desafiador, que incentiva a criatividade e autonomia para ultrapassar barreiras e conquistar resultados. Você poderá juntar-se ao nosso time da ENG4TECH como Engenheiro de Dados em um Projeto Inovador e Desafiador que busca entregar resultados, de maneira dinâmica e assertiva.&nbsp;Requisitos e qualificações- Alteryx (ETL/ELT)- Base de dados (Azure SQL / Oracle)- Azure Analysis ServicesInformações adicionaisQualificações Essenciais:- Independência na Coleta de Requisitos- Habilidades Analíticas e Lógicas de Resolução de Problemas- Boa Interação com outros líderes da Equipe técnica- Vivência em Projetos Ágeis com Scrum, Kanban etc",Eng4tech,CLT,São Paulo,remoto
Engenheiro de Dados,"Na ENG4TECH, trabalhamos com soluções inovadoras que visam ajudar empresas a fazer sua transformação digital acontecer, que automatizam processos gerando soluções inovadoras e que permitam nossos clientes a focar em seu maior ativo, que são os clientes deles. Buscamos pessoas engajadas e com pensamento estratégico, que queiram gerar impactos positivos todos os dias, que sonham alto e fazem acontecer, para colecionar sucessos com o nosso time :)&nbsp;Você terá a oportunidade de evoluir sua carreira em uma empresa com ambiente inovador e desafiador, que incentiva a criatividade e autonomia para ultrapassar barreiras e conquistar resultados. Você poderá juntar-se ao nosso time da ENG4TECH como Engenheiro de Dados em um Projeto Inovador e Desafiador que busca entregar resultados, de maneira dinâmica e assertiva.&nbsp;Requisitos e qualificaçõesConhecimentos em:- Databricks/Spark- Delta table- Linux- Azure DevOps- Azure DLS Gen2- Azure Data FactoryLinguagens:- PySpark/Python- SQL- Bash- Outras será um diferencialDesejado:- MLFlow- Azure Functions",Eng4tech,CLT,São Paulo,remoto
Engenheiro(a) de Dados,"Entrar na Nestlé significa que você está se juntando à maior empresa de alimentos e bebidas do mundo. Em nosso núcleo, temos um ambiente humano: pessoas apaixonadas que são movidas pelo propósito de melhorar a qualidade de vida e contribuir para um futuro mais saudável.Ser engenheiro(a) de dados na Nestle significa sair da zona de conforto para transformar diversas informações em dados que vão mexer no ponteiro do nosso negócio utilizando as melhores tecnologias com um time multifuncional e muito unido.Responsabilidades e atribuiçõesEntender a demanda de dados do negócio;Realizar os challenges necessários para desenhar a melhor modelagem;Utilizar os seus conhecimentos para prover os dados com qualidade, confiáveis e prontos para serem transformados em inteligência.Requisitos e qualificaçõesConhecimento necessário:Microsoft AzureDatabricksModelagem de dadosGCPDiferencial conhecimento: SalesforceCRMCDMPower BI",Nestlé,CLT,São Paulo,presencial
Vagas Exclusiva para Pessoas com Deficiência I Área Big Data (Banco de Talentos),"Estamos em busca de talentos&nbsp;diversos para área de Big Data à nível Brasil.A diversidade da nossa equipe é fundamental para criarmos um ambiente que estimule a inovação e a criatividade, onde pessoas com diferentes histórias de vida e formas de pensar convivam, em busca de soluções conjuntas. Além disso, como temos a pretensão de ser uma companhia capaz de atender a toda a população brasileira, entendemos que precisamos refletir a diversidade dessa população em nossas equipes.&nbsp;Globalmente, contamos com uma Política de Diversidade e Inclusão, que estabelece a busca pela diversidade nas seguintes dimensões: cultural, gênero, raça, orientação sexual, geração, religião, habilidade e deficiência.&nbsp;Nosso Propósito é promover&nbsp;a cultura inclusiva, ampliando nossa capacidade de compreender, valorizar e incluir o diverso para que possamos conviver com um número cada vez maior de ideias, valores, identidades, orientações e origens.Garantir&nbsp;a participação de diferentes públicos, ampliando, inicialmente, a representatividade de mulheres, negros e pardos, pessoas com deficiência e LGBTI+, em todos os níveis hierárquicos da empresa.Responsabilidades e atribuiçõesQueremos construir uma porta de entrada para você aqui na Vivo! E para isso, queremos conhecer sua carreira e seus&nbsp;skills&nbsp;voltados para a área de: Big DataA ideia é que tanto a equipe de Atração de Talentos quanto os gestores das áreas tenham acesso ao seu currículo para que possamos avalia-lo para nossas oportunidades, então capricha no seu cadastro! Conta para gente em quais dessas áreas você manda bem para podermos oferecer uma oportunidade que tenha a sua cara!Requisitos e qualificaçõesEstar inserido dentro de um (ou mais) pilar de diversidade (PCD, raça, LGBTQI+, 50+, mulheres em cargos de liderança);Conhecimento e/ou experiência em:Capacidade de analisar e interpretar conjuntos de dados complexos. Isso envolve a habilidade de identificar padrões, tendências e insights valiosos que podem ser usados para tomar decisões estratégicas e impulsionar o negócio;Conhecimentos sólidos em programação e experiência em linguagens de programação como R ou Python, pois essas são ferramentas importantes para manipular e analisar grandes volumes de dados;Capacidade de trabalhar com diferentes tecnologias e plataformas de Big Data, como Hadoop e Spark. Essas tecnologias são usadas para processar e armazenar grandes quantidades de dados de forma eficiente e escalável;Habilidades de visualização de dados, pois a apresentação de informações de forma clara e compreensível é fundamental para transmitir insights para as equipes de negócios;Capacidade de trabalhar em equipe e se comunicar de forma eficaz também é crucial, pois os projetos de Big Data geralmente envolvem colaboração com diferentes áreas da empresa, como marketing, finanças e operações.Procuramos profissionais que possuam curiosidade, abertura, atitude digital e que faça acontecer com responsabilidade. Se identificou? Não perca a oportunidade de se inscrever em nosso banco de talentos!&nbsp;Informações adicionaisVeja o que ofereceremos* para você:Na Vivo não medimos esforços em apoiar e valorizar nossos colaboradores. Não são apenas excelentes benefícios, mas também flexíveis.• Escolher o benefício ideal para você e seus dependentes, numa plataforma digital com diversas categorias de Academia, VR, VA, Auxílio Farmácia, Assistência Médica, Odontológica e Seguro de Vida;• Celular corporativo. Sim, um smartphone novinho para você!• Plano de voz e Dados ilimitado! Sim ilimitado! Com a melhor rede móvel, ainda mais rápida com o 5G da Vivo!• Uma oferta exclusiva da Vivo, com desconto especial em linha fixa, banda larga, TV e apps;• Terá direito a receber Bônus ou PPR anual;• Planejará seu futuro através do plano de Previdência Privada;• Tem filhos? Terá direito a um subsídio para ajudar nas despesas com escola, creche ou babá;• Viver em um ambiente que respeitará sua personalidade, seu estilo de se vestir, seu jeito de ser e poderá ser autêntico. #VemdeVocê• Trabalhar remotamente até 3 vezes por semana. #Mobility• Ter flexibilidade de horário;• Aproveitar um dia de folga (Day off) para comemorar seu aniversário;• Participar de um dos maiores programas de voluntariado corporativo para você transformar o mundo;• Usufruir do nosso Programa de Desenvolvimento Educacional que oferece parcerias em instituições de ensino com desconto; certificações e cursos online.• Potencializar sua carreira por meio do nosso Programa de Recrutamento Interno, no Brasil ou fora, afinal estamos presentes em mais de 17 países! #VivoMinhaCarreira• Contar com uma série de iniciativas para melhorar a sua saúde física, emocional e social! Por aqui, temos o #VivoBemEstar, que estimula o nosso time a ter hábitos saudáveis e mais qualidade de vida! Disponibilizados aos nossos colaboradores consultas com nutricionista, psicólogos, serviço social, telemedicina, e muito mais!#VempraVivoTodas as nossas vagas são elegíveis a pessoas com deficiência e/ou reabilitados. Temos uma cultura que valoriza a diversidade, as diferenças e o potencial das pessoa",Vivo Diversidade,banco de talentos,São Paulo,presencial
Desenvolvedor – Visual Data Flex SR,"Vaga: 16521 Desenvolvedor – Visual Data Flex SRHome OfficePJ - indeterminadoDesenvolver e manter aplicativos usando a linguagem Visual Data Flex.Colaborar com a equipe de desenvolvimento para projetar e implementar soluções eficientes.Participar de reuniões de equipe para discutir requisitos, progresso e questões técnicas.Realizar testes de unidade e depuração de código para garantir a qualidade do software.Documentar o código e os processos relacionados ao desenvolvimento.Fornecer suporte técnico e solucionar problemas em relação aos aplicativos desenvolvidos.Inglês avançadoAo inserir os seus Dados no formulário para cadastro você confere pleno consentimento ao tratamento de dados pessoais nos termos da nossa&nbsp;Política de Privacidade https://www.taking.com.br/politica-de-privacidade/",Taking,PJ,São Paulo,remoto
Banco de Talentos Data Science | Afirmativa para 50+,"Você já se imaginou trabalhar numa empresa com o propósito de transformar o mercado?Aqui você Quod!Somos uma empresa de inteligência de dados e nascemos para transformar positivamente a vida das pessoas e das empresas esse é o nosso jeito,&nbsp;o “jeito q” de mudar o mundo.Alinhado a um dos nossos Propósitos, onde&nbsp;Dados são pessoas&nbsp;queremos ampliar nossa diversidade com vagas exclusivas.Faça parte do nosso time!&nbsp;#VemPraQuodRequisitos e qualificaçõesSuperior completo em estatística, matemática ou engenharias.Conhecimento em linguagem de programação R, SQL, Python , ETL.Vontade de se desenvolver no time de dados.",Quod,banco de talentos,São Paulo,remoto
Coordenador(a) de Data Analytics,"Suportar a equipe de demanda na construção do plano de vendas baseado em um racional claro e embasado por fatos.Responsabilidades e atribuiçõesConsistentemente prover previsões estatísticas precisas e estáveis ​​usando as melhores ferramentas de software estatístico e modelos de previsão.Procurar dados dentro e fora da Nestlé que possam melhorar a precisão da previsão.Identificar, priorizar, analisar eventos de marketing e vendas, informações sobre concorrentes, clientes e seu impacto na demandaIdentificar e modelar os motivos que afetam a demandaSuportar as discussões do S&amp;OP apoiada por fatos sobre o planejamento da demandaCoordenar os planejadores de demanda para aprimorar a adoção do SAS e aprimorar a precisão do modelo.Requisitos e qualificaçõesConhecimento SAS&nbsp;Conhecimento ferramenta RPhyton - linguagem de programaçãoPessoa q trabalhar com clusterização e series temporais (previsão de futuro)Modelos temporais - modelos arima, modelos de sazonalidade, modelos de tendências - conceito já daria para desenvolver. Se ele conhecer bastante da ferramenta, mesmo q só trabalhe de clusterização de banco, da para desenvolver ele. Perfil já bem moldado para o que a gente quer.Formação Economia, estatísticas, engenharia. Principalmente esses dois.Perfil de engenharia ajuda mto a gente, por ser mais metódico e foco em solução de problemas. Projeção de volume mais próximo da realidade. Impacta ou não naquilo.",Nestlé,CLT,São Paulo,remoto
Banco de Talentos - Estágiario(a) Desenvolvedor Java,"🚀 #VemPraWise: Sua jornada de tecnologia começa aqui!&nbsp;Procurando uma oportunidade para crescer em um ambiente que respira inovação e valoriza sua criatividade?Na Wise, a gente respira tecnologia e tá sempre buscando o próximo nível. Somos certificados CMMI nível 3, o que significa que levamos o desenvolvimento de software a sério, com as melhores práticas do mercado e reconhecimento internacional.Esse é um banco de talentos para Pessoas que querem iniciar sua carreira como Estagiário(a) Desenvolvedor(a) Java para embarcar com a gente em projetos desafiadores e com grande impacto.&nbsp;&nbsp;Por que a Wise é o lugar certo pra você?Sua voz tem poder: Valorizamos suas ideias e sua capacidade de trazer soluções inovadoras.Um time que joga junto: Companheirismo e bom humor são ingredientes essenciais no nosso dia a dia.Desenvolvimento constante: Acreditamos no seu potencial e investimos em treinamentos e certificações para você ir ainda mais longe.Se você curte autonomia, colaboração e um ambiente onde suas ideias são valorizadas, seu lugar é com a gente! 😉#vemprawise #sejawise #bewise #desenvolvedorjavaResponsabilidades e atribuiçõesSua missão, se você topar o desafio:Desenvolver e dar manutenção em aplicações back-end utilizando Java e/ou Spring Boot e/ouJSP e/ou Struts .Participar ativamente de todo o ciclo de vida do desenvolvimento de software, do design à implementação e testes.Colaborar com a equipe para encontrar as melhores soluções técnicas e arquitetônicas.Aprender, crescer e compartilhar conhecimento, porque aqui todo mundo ensina e aprende junto.Requisitos e qualificaçõesO que esperamos de você:Conhecimento em Java.Familiaridade com conceitos de Programação Orientada a Objetos (POO).Conhecimento em Git para controle de versão.Noções de bancos de dados relacionais (como MySQL ou PostgreSQL) e não relacionais.Disposição para trabalhar com metodologias ágeis como Scrum ou Kanban.Vontade de aprender e se desenvolver constantemente, enfrentando novos desafios sem medo!&nbsp;Requisitos desejáveis:Experiência profissional com Spring Boot e/ou JSP e/ou Struts.﻿Noções de programação para&nbsp;Java Android&nbsp;e familiaridade com&nbsp;Android StudioConhecimento e/ou experiência em Angular.js.Familiaridade com HTML, CSS e JavaScript para a construção de interfaces.Entendimento do padrão MVC (Model-View-Controller).﻿Informações adicionaisInformações adicionais:Contratação: EstágioValor Bolsa Auxílio: A combinarCarga Horária: 4 a 6 horas diárias, de segunda a sextaTrabalho Presencial ou Híbrido em Curitiba/PR ou Remoto (a definir). Se você é proativo(a), busca desenvolvimento constante e quer integrar um time que está sempre em busca das melhores práticas de desenvolvimento de software, queremos te conhecer!Pronto(a) pra ser #Wise?",Wise Group,banco de talentos,Paraná,presencial
Desenvolvedor(a) em Inteligência Artificial,"Buscamos um(a) Desenvolvedor(a) em Inteligência Artificial para integrar o time e atuar no desenvolvimento de soluções inovadoras em IA, com foco em otimização, escalabilidade e segurança.Será responsável por todo o ciclo de vida de projetos de IA, desde o discovery com stakeholders até a entrega final, garantindo eficiência, qualidade e aderência à LGPD.Responsabilidades e atribuiçõesResponsabilidades:Conduzir discovery com stakeholders e entender objetivos/dados;Desenhar arquitetura (dados, LLMs e infraestrutura) com foco em custo, desempenho e LGPD;Implementar pipelines (ETL/ELT) e soluções de RAG (BM25 + embeddings + reranking);Desenvolver e integrar APIs (FastAPI) e interfaces (Streamlit);Versionar, testar código e orquestrar deploy (Docker/CI/CD);Configurar observabilidade, métricas e alarmes;Avaliar modelos, prompts e propor melhorias contínuas;Documentar decisões, criar playbooks e capacitar equipes.Requisitos e qualificaçõesRequisitos:Domínio em Python e frameworks de IA (TensorFlow, PyTorch, scikit-learn, NumPy, Pandas, Matplotlib);Experiência com IA Generativa (LangChain, LangGraph, LlamaIndex);Conhecimento em aprendizado supervisionado, não supervisionado e deep learning;Experiência em nuvem (AWS, Azure ou GCP) e práticas DevOps;Vivência com Machine Learning, visão computacional e IA generativa;Graduação em ADS, Engenharia de Software, Ciência da Computação ou áreas correlatas;Soft skills: criatividade, inovação, gestão do tempo, comunicação clara e trabalho em equipe.Informações adicionaisFlexibilidade de horário;Wellub;Day Off no aniversário;Vale cultura - Carteira de desconto em shows, cinemas, teatro entre outros;Ascensão profissional;Programas de treinamento e mentoria;Visibilidade de mercado;Parceria com instituições de ensino;Auxílio educacional;Respeito e transparência entre líderes e liderados;",Gomes de Matos Consultoria,PJ,Ceará,presencial
Desenvolvedor Senior (Backend) - Rio de Janeiro,"Lugar de gente inovadora que faz acontecer!Somos uma empresa reconhecida pela ousadia de propor serviços e soluções diferenciadas, construídas de maneira única e com excelência. Perseguimos sempre o “algo mais” fugindo do normal e esperado, para que possamos surpreender os clientes com ideias inovadoras.Responsabilidades e atribuiçõesResponsabilidades:Projetar, desenvolver e manter aplicações serverless em Python utilizando AWS Lambda e outros serviços gerenciados;Desenvolver APIs REST de alta performance via API Gateway, integrando com sistemas internos e externos;Realizar integração com bancos de dados MSSQL Server e Oracle, manipulando dados estruturados com eficiência;Trabalhar com Secret Manager para gerenciamento seguro de credenciais, e com S3 para armazenar e processar arquivos;Implementar lógica de negócio robusta, com foco em resiliência, escalabilidade e segurança;Garantir tratamento de erros estruturado, monitoramento via CloudWatch, e logging estruturado para observabilidade;Participar de decisões técnicas e arquiteturais, propondo soluções e padrões de desenvolvimento;Atuar em colaboração com times de arquitetura, segurança, DevOps e produtos;Conduzir revisões de código, mentoring técnico e disseminação de boas práticas no time.Requisitos e qualificaçõesRequisitos:Experiência sólida com Python em projetos de backend.Domínio em AWS Lambda, API Gateway, S3, CloudWatch, Secrets Manager.Experiência prática com bancos de dados relacionais (MSSQL e Oracle), incluindo modelagem, consultas complexas e tuning.Experiência com pelo menos um framework Python (ex: FastAPI, Flask, Django).Forte entendimento de RESTful APIs, controle de versão com Git e padrões de codificação limpos.Vivência com manipulação de arquivos, consumo de APIs externas, parsing de dados (JSON, XML).Capacidade de atuar de forma autônoma, propondo e implementando soluções de ponta a ponta.Conhecimentos em mensageria (SNS, SQS), EventBridge e arquitetura orientada a eventos.Experiência com autenticação/autorização (OAuth2, JWT, Cognito).Conhecimentos básicos de infraestrutura como código (Terraform, AWS SAM, Serverless Framework).Informações adicionais🏥 Assistência Médica e Odontológica Bradesco🛡️ Seguro de Vida Icatu🍴 Vale Refeição ou Alimentação🚌 Vale Transporte📚 Incentivo Educacional - custeando 50% das despesas de Graduação, Inglês ou Pós-Graduação, limitado a R$ 300,00 por mês🌐 Inglês in Company🏋️ TotalPass💊 Golden Farma🏆 Prêmio de Estabilidade por Tempo de Casa🚀 Avaliação de Desempenho (Oportunidades de Crescimento e Desenvolvimento)🤝 Plano de Mentoria💳 Empréstimo Consignado📜 Custeio do Registro Profissional (CRC, OAB ou CRP)📱 Aparelho Corporativo🎉 Birthday Off🎁 Vale Presente do Birthday Off",Confidencial,CLT,Rio de Janeiro,híbrido
DESENVOLVEDOR SR,"FAÇA PARTE DO TIME QUE CONSTRÓI SONHOS! O grupo Direcional faz a diferença na vida de milhares de pessoas. Para seguir cumprindo seu propósito, temos um time formado por profissionais brilhantes, com o mesmo objetivo, e você pode ser o próximo talento a integrar nossa equipe, que hoje é referência no mercado.Responsabilidades e atribuições&nbsp;Experiência sólida com APIs de canais de mensageria como Blip, Twilio e Zendesk...&nbsp;Experiência com integração de APIs, preferencialmente com Salesforce.&nbsp;Conhecimento profundo de linguagens de programação como Java, Python ou Node.js.&nbsp;Conhecimento com frameworks de desenvolvimento web como Spring Boot, Django ou Express.js.&nbsp;Experiência com bancos de dados relacionais e NoSQL.Conhecimento de metodologias ágeis de desenvolvimento e boas práticas de engenharia de softwareRequisitos e qualificaçõesSuperior completo: Engenharia de Software / Ciência da Computação / Sistemas de Informação /Tecnologia da Informação&nbsp;&nbsp;Capacidade de escrever código limpo, eficiente e bem documentado.Experiência com integração de outras ferramentas de CRM, como Pipedrive ou HubSpot.Conhecimento de arquitetura de software e design de sistemas.&nbsp;Experiência com DevOps e automação de infraestrutura.Diferencial: conhecimento de HTML, XML, Flex, ASP, SQL, Java ou C++Informações adicionaisAlém de fazer parte do time de uma das maiores construtoras do país, você terá: PLR; Vale Refeição ou Alimentação; Vale Transporte; Day Off; Seguro de Vida; Plano de Saúde e Plano Odontológico;",Grupo Direcional Engenharia,CLT,Minas Gerais,presencial
ICTS - Banco de Talentos para Desenvolvedores Java,"O time de desenvolvimento da ICTS atua com soluções tecnológicas avançadas e busca assegurar o correto funcionamento de componentes de software de TI em nossos projetos de desenvolvimento, com objetivo de contribuir diretamente com a experiência satisfatória de nossos clientes.Nos esforçamos para recrutar e contratar os melhores talentos, nos comprometendo a ajudá-los no empoderamento de suas carreiras, oferecendo experiências de trabalho incríveis, somadas a uma cultura apaixonada por aprendizagem e desenvolvimento, tudo para que atinjam seus objetivos tanto no trabalho quanto na vida pessoal.Estas candidaturas serão acessadas constantemente pelo nosso time, então mantenha seus dados atualizados, para que possamos te encontrar facilmente quando a sua vaga chegar 😊Responsabilidades e atribuiçõesEstamos à procura de pessoas que estejam abertas para aprender constantemente, que tenham vontade e dedicação! Aqui na ICTS, valorizamos os profissionais não apenas por suas habilidades, mas também pela sua ética e conjunto de valores. Nós acreditamos na importância de respeitar as diferenças e colocamos isso em prática ao promover a diversidade e inclusão em nosso ambiente de trabalho, tendo como base o nosso Código de Conduta, que guia todas as nossas relações.Acreditamos em gente que inspira e transforma!Requisitos e qualificaçõesAlguém que acredite em nossos valores;Perfil de proatividade e curiosidade;Que acredite no trabalho em equipe;Que busca a evolução constante.Informações adicionaisAproveite nossos benefícios!&nbsp;🏥&nbsp;Saúde e Bem-Estar:Plano de Saúde e Odontológico Amil;TotalPass com acesso a atividades físicas e lazer;Programas de saúde física e mental (Eleva).💳&nbsp;Benefício Flexível:Cartão do Ifood Benefícios: Modalidade flexível para gerenciar seu saldo conforme suas preferências. Categorias incluem: refeição, alimentação, home office, entre outros.🚌&nbsp;Mobilidade:Vale Transporte;Ou reembolso de corridas por aplicativo, fretado ou estacionamento, facilitando seu deslocamento (caso não opte pelo VT)💰&nbsp;Reconhecimento e Valorização:PLR atrelada ao cumprimento de metas, bonificações por tempo de casa, casamento ou nascimento, e Day Off no mês do seu aniversário.📈&nbsp;Desenvolvimento e Crescimento:Auxílio anual para livros, cursos ou eventos, e apoio para pós-graduação, graduação e idiomas.❤️‍🩹&nbsp;Segurança:Seguro de Vida para você e seus beneficiários.Aqui, você cresce, se desenvolve e é reconhecido. Vem com a gente!&nbsp;",ICTS,banco de talentos,São Paulo,remoto
 PESSOA ESPECIALISTA  DESENVOLVEDOR ,"A&nbsp;Funcional Health Tech&nbsp;é&nbsp;movida pela certeza&nbsp;de que a&nbsp;Saúde é o pilar principal da vida das pessoas,&nbsp;por isso quebramos barreiras para promovê-la de forma sustentável.&nbsp;Para realizar nosso propósito, inovamos&nbsp;todos os&nbsp;dias unindo&nbsp;pessoas, tecnologia e dados&nbsp;para prover o&nbsp;ecossistema da saúde&nbsp;com&nbsp;soluções que geram&nbsp;eficiência&nbsp;e sustentabilidade&nbsp;em toda a&nbsp;cadeia.Aqui, você irá participar, de maneira direta ou indireta, da&nbsp;criação de novas soluções&nbsp;para os mais diversos&nbsp;serviços de saúde&nbsp;porque essa é a missão diária de todos nós na Funcional.&nbsp;&nbsp;Pesquisamos, criamos e fazemos acontecer, porque está em nosso DNA.Responsabilidades e atribuiçõesSua missão como&nbsp;Pessoa Especialista Desenvolvedor, será:Capturar os escopos de projetos nas áreas e criar cronogramas de atividades, zelando pelo cumprimento do prazo e custo previstos no início do projeto.Estruturação das demandas em projetos para acompanhamento com métricas de sucesso.Visibilidade do andamento dos projetos junto aos clientes e áreas envolvidas.Gestão de dependências.Sinalizar riscos e propor ações para mitigação.Garantir entrega e acompanhamento de atividades Roadmap.Alinhamento de brienfing de clientes para demandas de projetos.Handover com a área comercial para entrada de novos projetos.Requisitos e qualificaçõesPara isso, esperamos que você possua: Formação em gestão de projetos. Experiência em gestão de projetos utilizando modelos ágeis e PMBOK. Profundo conhecimento da ferramenta project e ferramenta de apresentação. Inglês intermediário. Informações adicionaisComo é trabalhar aqui na Funcional Health Tech:&nbsp;Nosso time é incrível, colaboramos e fazemos juntos para ir mais longe.&nbsp;Nossa cultura é ágil e estamos em constante evolução.&nbsp;Incentivamos o crescimento profissional e o desenvolvimento dos nossos colaboradores com diversas ações e encontros, através de plataforma de treinamentos e webinars mensais, além da “Baratona”, que é o nosso Hackathon interno.&nbsp;""A Funcional reconhece que a diversidade traz benefícios para o negócio e que um ambiente plural e colaborativo é propício para a inovação acontecer. Desta forma nossas oportunidades abraçam todos os talentos, sem distinção de cor, raça, gênero ou qualquer condição de deficiência. Todos os talentos podem participar igualitariamente nos processos seletivos da Funcional. Venha fazer parte do nosso time!""",Funcional Health Tech,CLT,São Paulo,híbrido
Desenvolvedor SPLUNK,"&nbsp;16489 - Desenvolvedor SplunkAtuação: RemotaContratação: PJInglês Avançado/FluenteHorário ComercialIrá atuar no desenvolvimento Splunk&nbsp;software para pesquisar, monitorar e analisar dados gerados por máquina por meio de uma interface no estilo da Web.Foco no desenvolvimento de dashboard.Desejável CertificaçãoSplunk Core Certified Power User, Splunk Enterprise Certified Admin",Account Manager Jr,PJ,São Paulo,remoto
Desenvolvedor Progress Pleno,"16451 - Desenvolvedor Progress PlenoPJ - Tempo Indeterminado100% Home OfficeConhecimentos mandatórios: Formação em Ciência da Computação ou correlatas; conhecimento em linguagem progress e banco progress; conhecimento no controle de Job, Ferramenta Control-M; conhecimento de metodologias ágeis e tradicionais (waterfall);Diferencial: rotinas SQL; conhecimento básico com a ferramenta Alteryx;Atividades: atuação focada em sustentação/atendimento de chamados; atuação em menor escala para atuar com pequenas melhorias;Comportamento: comprometimento; planejamento; senso de urgência; habilidade na interlocução com o time; disposição para aprender novas tecnologias;OBS: Profissional tem que ter disponibilidade para retirada/devolução do equipamento na sede em São Paulo- SP.Ao inserir os seus Dados no formulário para cadastro você confere pleno consentimento ao tratamento de dados pessoais nos termos da nossa Política de Privacidade https://www.taking.com.br/politica-de-privacidade/",Taking,PJ,São Paulo,remoto
Desenvolvedor Backend Java SR ,"Cód. 16383 - Desenvolvedor Backend Java Sênior Estamos buscando profissionais apaixonados por desenvolvimento de software e que gostem de analisar performance, infra-infraestrutura e arquitetura. Esperamos que esse desenvolvedor esteja sempre instigado a aperfeiçoar sua base de código utilizando as melhores práticas e além disso busquem grandes aspirações em se tornar cada vez melhores no que fazem, e melhor que isso, que não apenas queiram, mas que estejam dispostos a se manter em constante estado de aprendizado, inspeção e adaptação.&nbsp;Para esta oportunidade esperamos que você:·&nbsp;&nbsp;&nbsp;&nbsp;&nbsp;Capacidade de trabalhar em equipe, em um ambiente colaborativo (pareando, dando feedbacks e influenciando seu time a cada dia mais ser melhor).·&nbsp;&nbsp;&nbsp;&nbsp;&nbsp;Visão sistêmica, você entende o que faz, porque faz e qual impacto seu trabalho tem no negócio, é maduro profissionalmente e sabe lidar com conflitos, inspirar e desenvolver pessoas e está sempre em busca de se desenvolver.Características Diferenciais:·&nbsp;&nbsp;&nbsp;&nbsp;&nbsp;Experiência com Desenvolvimento de Aplicações para o mercado Financeiro.·&nbsp;&nbsp;&nbsp;&nbsp;&nbsp;Frameworks de Frontend Web Modernos (AngularJS, ReactJS, EmberJS).·&nbsp;&nbsp;&nbsp;&nbsp;&nbsp;Experiência com Testes de Integração e Aceitação.·&nbsp;&nbsp;&nbsp;&nbsp;&nbsp;Conhecimentos em Spring Cloud e Nefflix OSS são um grande diferencial.·&nbsp;&nbsp;&nbsp;&nbsp;&nbsp;Conhecimentos em programação funcional e imutabilidade.·&nbsp;&nbsp;&nbsp;&nbsp;&nbsp;Bons conhecimentos de padrões de projeto, refatoração e testes unitários.·&nbsp;&nbsp;&nbsp;&nbsp;&nbsp;Experiência com Desenvolvimento Ágil de Software (Scrum, Kanban, XP, Lean).·&nbsp;&nbsp;&nbsp;&nbsp;&nbsp;Experiência com Processos de Integração e Deploy contínuo.·&nbsp;&nbsp;&nbsp;&nbsp;&nbsp;Experiência com desenvolvimento de sistemas distribuídos.·&nbsp;&nbsp;&nbsp;&nbsp;&nbsp;Contribuições em Projetos OpenSource.·&nbsp;&nbsp;&nbsp;&nbsp;&nbsp;Participação ativa dentro da comunidade de TI como um palestrante, autor ou colaborador.·&nbsp;&nbsp;&nbsp;&nbsp;&nbsp;Tenha experiência e expertise na linguagem java (mínimo de 6 anos).·&nbsp;&nbsp;&nbsp;&nbsp;&nbsp;Stack Java Avançado (Java SE 8 e Spring Framework: Core, MVC, Data, Security, Boot, JPA/Hibernate).·&nbsp;&nbsp;&nbsp;&nbsp;&nbsp;Tenha experiência com análise, design, codificação e implementação de aplicações OO corporativas personalizadas.·&nbsp;&nbsp;&nbsp;&nbsp;&nbsp;Bons conhecimentos em estrutura de dados (Arrays, Lists, Trees, Hashes) e Design Patterns.·&nbsp;&nbsp;&nbsp;&nbsp;&nbsp;Conhecimentos avançados em Java (Collections API, Multithreading, IO/NIO, GC).Modelo de contratação: PJ/remotoAo enviar seu currículo você confere pleno consentimento ao tratamento de dados pessoais nos termos da nossa Política de Privacidade https://www.taking.com.br/politica-de-privacidade/",Taking,PJ,São Paulo,remoto
Desenvolvedor Backend Java SR,"Desenvolvedor Back End Java SR - REF: 16387Requisitos:Experiência com Desenvolvimento de Aplicações para o mercado Financeiro.Frameworks de Frontend Web Modernos (AngularJS, ReactJS, EmberJS).Experiência com Testes de Integração e Aceitação.Conhecimentos em Spring Cloud e Nefflix OSS são um grande diferencial.Conhecimentos em programação funcional e imutabilidade.Bons conhecimentos de padrões de projeto, refatoração e testes unitários.Experiência com Desenvolvimento Ágil de Software (Scrum, Kanban, XP, Lean).Experiência com Processos de Integração e Deploy contínuo.Experiência com desenvolvimento de sistemas distribuídos.Contribuições em Projetos OpenSource.Participação ativa dentro da comunidade de TI como um palestrante, autor ou colaborador.Tenha experiência e expertise na linguagem java (mínimo de 6 anos).Stack Java Avançado (Java SE 8 e Spring Framework: Core, MVC, Data, Security, Boot, JPA/Hibernate).Tenha experiência com análise, design, codificação e implementação de aplicações OO corporativas personalizadas.Bons conhecimentos em estrutura de dados (Arrays, Lists, Trees, Hashes) e Design Patterns.Conhecimentos avançados em Java (Collections API, Multithreading, IO/NIO, GC).Contratação: PJAtuação: Home OfficeAo enviar seu currículo você confere&nbsp;pleno consentimento ao tratamento de dados pessoais nos termos da nossa&nbsp;Política de Privacidade&nbsp;https://www.taking.com.br/politica-de-privacidade/Responsabilidades e atribuições",Taking,PJ,São Paulo,remoto
Desenvolvedor Backend Java SR ,"16385 - Desenvolvedor Backend Java Sênior·&nbsp;&nbsp;&nbsp;&nbsp;&nbsp;Experiência com Desenvolvimento de Aplicações para o mercado Financeiro.·&nbsp;&nbsp;&nbsp;&nbsp;&nbsp;Frameworks de Frontend Web Modernos (AngularJS, ReactJS, EmberJS).·&nbsp;&nbsp;&nbsp;&nbsp;&nbsp;Experiência com Testes de Integração e Aceitação.·&nbsp;&nbsp;&nbsp;&nbsp;&nbsp;Conhecimentos em Spring Cloud e Nefflix OSS são um grande diferencial.·&nbsp;&nbsp;&nbsp;&nbsp;&nbsp;Conhecimentos em programação funcional e imutabilidade.·&nbsp;&nbsp;&nbsp;&nbsp;&nbsp;Bons conhecimentos de padrões de projeto, refatoração e testes unitários.·&nbsp;&nbsp;&nbsp;&nbsp;&nbsp;Experiência com Desenvolvimento Ágil de Software (Scrum, Kanban, XP, Lean).·&nbsp;&nbsp;&nbsp;&nbsp;&nbsp;Experiência com Processos de Integração e Deploy contínuo.·&nbsp;&nbsp;&nbsp;&nbsp;&nbsp;Experiência com desenvolvimento de sistemas distribuídos.·&nbsp;&nbsp;&nbsp;&nbsp;&nbsp;Contribuições em Projetos OpenSource.·&nbsp;&nbsp;&nbsp;&nbsp;&nbsp;Participação ativa dentro da comunidade de TI como um palestrante, autor ou colaborador.·&nbsp;&nbsp;&nbsp;&nbsp;&nbsp;Tenha experiência e expertise na linguagem java (mínimo de 6 anos).·&nbsp;&nbsp;&nbsp;&nbsp;&nbsp;Stack Java Avançado (Java SE 8 e Spring Framework: Core, MVC, Data, Security, Boot, JPA/Hibernate).·&nbsp;&nbsp;&nbsp;&nbsp;&nbsp;Tenha experiência com análise, design, codificação e implementação de aplicações OO corporativas personalizadas.·&nbsp;&nbsp;&nbsp;&nbsp;&nbsp;Bons conhecimentos em estrutura de dados (Arrays, Lists, Trees, Hashes) e Design Patterns.·&nbsp;&nbsp;&nbsp;&nbsp;&nbsp;Conhecimentos avançados em Java (Collections API, Multithreading, IO/NIO, GC).&nbsp;Modalidade de trabalho: RemotoContratação PJ- Indeterminado&nbsp;&nbsp;Ao enviar seu currículo você confere pleno consentimento ao tratamento de dados pessoais nos termos da nossa Política de Privacidade https://www.taking.com.br/politica-de-privacidade",Account Manager Jr,PJ,São Paulo,remoto
Desenvolvedor Backend Java SR,"16381 - Desenvolvedor Java Backend SRContratação: PJ100% Home OfficeEstamos buscando profissionais apaixonados por desenvolvimento de software e que gostem de analisar performance, infra-infraestrutura e arquitetura.&nbsp;Para esta oportunidade esperamos que você:·&nbsp;&nbsp;&nbsp;&nbsp;&nbsp;Capacidade de trabalhar em equipe, em um ambiente colaborativo (pareando, dando feedbacks e influenciando seu time a cada dia mais ser melhor).·&nbsp;&nbsp;&nbsp;&nbsp;&nbsp;Visão sistêmica, você entende o que faz, porque faz e qual impacto seu trabalho tem no negócio, é maduro profissionalmente e sabe lidar com conflitos, inspirar e desenvolver pessoas e está sempre em busca de se desenvolver.Requisitos Necessários:·&nbsp;&nbsp;&nbsp;&nbsp;&nbsp;Experiência e expertise na linguagem java (mínimo de 6 anos).·&nbsp;&nbsp;&nbsp;&nbsp;&nbsp;Stack Java Avançado (Java SE 8 e Spring Framework: Core, MVC, Data, Security, Boot, JPA/Hibernate).·&nbsp;&nbsp;&nbsp;&nbsp;&nbsp;Tenha experiência com análise, design, codificação e implementação de aplicações OO corporativas personalizadas.·&nbsp;&nbsp;&nbsp;&nbsp;&nbsp;Bons conhecimentos em estrutura de dados (Arrays, Lists, Trees, Hashes) e Design Patterns.·&nbsp;&nbsp;&nbsp;&nbsp;&nbsp;Conhecimentos avançados em Java (Collections API, Multithreading, IO/NIO, GC)!Características Diferenciais:·&nbsp;&nbsp;&nbsp;&nbsp;&nbsp;Experiência com Desenvolvimento de Aplicações para o mercado Financeiro.·&nbsp;&nbsp;&nbsp;&nbsp;&nbsp;Frameworks de Frontend Web Modernos (AngularJS, ReactJS, EmberJS).·&nbsp;&nbsp;&nbsp;&nbsp;&nbsp;Experiência com Testes de Integração e Aceitação.·&nbsp;&nbsp;&nbsp;&nbsp;&nbsp;Conhecimentos em Spring Cloud e Nefflix OSS são um grande diferencial.·&nbsp;&nbsp;&nbsp;&nbsp;&nbsp;Conhecimentos em programação funcional e imutabilidade.·&nbsp;&nbsp;&nbsp;&nbsp;&nbsp;Bons conhecimentos de padrões de projeto, refatoração e testes unitários.·&nbsp;&nbsp;&nbsp;&nbsp;&nbsp;Experiência com Desenvolvimento Ágil de Software (Scrum, Kanban, XP, Lean).·&nbsp;&nbsp;&nbsp;&nbsp;&nbsp;Experiência com Processos de Integração e Deploy contínuo.·&nbsp;&nbsp;&nbsp;&nbsp;&nbsp;Experiência com desenvolvimento de sistemas distribuídos.·&nbsp;&nbsp;&nbsp;&nbsp;&nbsp;Contribuições em Projetos OpenSource.·&nbsp;&nbsp;&nbsp;&nbsp;&nbsp;Participação ativa dentro da comunidade de TI como um palestrante, autor ou colaborador.Ao enviar seu currículo você confere pleno consentimento ao tratamento de dados pessoais nos termos da nossa Política de Privacidade https://www.taking.com.br/politica-de-privacidade/",Taking,PJ,São Paulo,remoto
Desenvolvedor Backend Java Pleno ,"16375 - Desenvolvedor Java Backend PlenoAtuação: PJ ( Tempo Indeterminado)100% Home OfficeRequisitos:·&nbsp;&nbsp;&nbsp;&nbsp;&nbsp;&nbsp;&nbsp;&nbsp;Experiência com Desenvolvimento de Aplicações para o mercado Financeiro.·&nbsp;&nbsp;&nbsp;&nbsp;&nbsp;&nbsp;&nbsp;&nbsp;Frameworks de Frontend Web Modernos (AngularJS, ReactJS, EmberJS).·&nbsp;&nbsp;&nbsp;&nbsp;&nbsp;&nbsp;&nbsp;&nbsp;Experiência com Testes de Integração e Aceitação.·&nbsp;&nbsp;&nbsp;&nbsp;&nbsp;&nbsp;&nbsp;&nbsp;Conhecimentos em Spring Cloud e Nefflix OSS são um grande diferencial.·&nbsp;&nbsp;&nbsp;&nbsp;&nbsp;&nbsp;&nbsp;&nbsp;Conhecimentos em programação funcional e imutabilidade.·&nbsp;&nbsp;&nbsp;&nbsp;&nbsp;&nbsp;&nbsp;&nbsp;Bons conhecimentos de padrões de projeto, refatoração e testes unitários.·&nbsp;&nbsp;&nbsp;&nbsp;&nbsp;&nbsp;&nbsp;&nbsp;Experiência com Desenvolvimento Ágil de Software (Scrum, Kanban, XP, Lean).·&nbsp;&nbsp;&nbsp;&nbsp;&nbsp;&nbsp;&nbsp;&nbsp;Experiência com Processos de Integração e Deploy contínuo.·&nbsp;&nbsp;&nbsp;&nbsp;&nbsp;&nbsp;&nbsp;&nbsp;Experiência com desenvolvimento de sistemas distribuídos.·&nbsp;&nbsp;&nbsp;&nbsp;&nbsp;&nbsp;&nbsp;&nbsp;Contribuições em Projetos OpenSource.·&nbsp;&nbsp;&nbsp;&nbsp;&nbsp;&nbsp;&nbsp;&nbsp;Participação ativa dentro da comunidade de TI como um palestrante, autor ou colaborador.·&nbsp;&nbsp;&nbsp;&nbsp;&nbsp;&nbsp;&nbsp;&nbsp;Tenha experiência e expertise na linguagem java.·&nbsp;&nbsp;&nbsp;&nbsp;&nbsp;&nbsp;&nbsp;&nbsp;Stack Java Avançado (Java SE 8 e Spring Framework: Core, MVC, Data, Security, Boot, JPA/Hibernate).·&nbsp;&nbsp;&nbsp;&nbsp;&nbsp;&nbsp;&nbsp;&nbsp;Tenha experiência com análise, design, codificação e implementação de aplicações OO corporativas personalizadas.·&nbsp;&nbsp;&nbsp;&nbsp;&nbsp;&nbsp;&nbsp;&nbsp;Bons conhecimentos em estrutura de dados (Arrays, Lists, Trees, Hashes) e Design Patterns.·&nbsp;&nbsp;&nbsp;&nbsp;&nbsp;&nbsp;&nbsp;&nbsp;Conhecimentos avançados em Java (Collections API, Multithreading, IO/NIO, GC).Ao inserir os seus Dados no formulário para cadastro você confere pleno consentimento ao tratamento de dados pessoais nos termos da nossa Política de Privacidade https://www.taking.com.br/politica-de-privacidade/Responsabilidades e atribuiçõesInformações adicionaisEstamos buscando profissionais apaixonados por desenvolvimento de software e que gostem de analisar performance, infra-infraestrutura e arquitetura. Esperamos que esse desenvolvedor esteja sempre instigado a aperfeiçoar sua base de código utilizando as melhores práticas e além disso busquem grandes aspirações em se tornar cada vez melhores no que fazem, e melhor que isso, que não apenas queiram, mas que estejam dispostos a se manter em constante estado de aprendizado, inspeção e adaptação.&nbsp;Para esta oportunidade esperamos que você:·&nbsp;&nbsp;&nbsp;&nbsp;&nbsp;&nbsp;&nbsp;&nbsp;Capacidade de trabalhar em equipe, em um ambiente colaborativo (pareando, dando feedbacks e influenciando seu time a cada dia mais ser melhor).·&nbsp;&nbsp;&nbsp;&nbsp;&nbsp;&nbsp;&nbsp;&nbsp;Visão sistêmica, você entende o que faz, porque faz e qual impacto seu trabalho tem no negócio, é maduro profissionalmente e sabe lidar com conflitos, inspirar e desenvolver pessoas e está sempre em busca de se desenvolver.",Taking,PJ,São Paulo,remoto
Desenvolvedor Backend Java Pleno ,"Estamos buscando profissionais apaixonados por desenvolvimento de software e que gostem de analisar performance, infra-estrutura e arquitetura. Esperamos que esse desenvolvedor esteja sempre instigado a aperfeiçoar sua base de código utilizando as melhores práticas e além disso busquem grandes aspirações em se tornar cada vez melhores no que fazem, e melhor que isso, que não apenas queiram, mas que estejam dispostos a se manter em constante estado de aprendizado, inspeção e adaptação.&nbsp;Para esta oportunidade esperamos que você:·&nbsp;&nbsp;&nbsp;&nbsp;&nbsp;&nbsp;&nbsp;&nbsp;Capacidade de trabalhar em equipe, em um ambiente colaborativo (pareando, dando feedbacks e influenciando seu time a cada dia mais ser melhor).·&nbsp;&nbsp;&nbsp;&nbsp;&nbsp;&nbsp;&nbsp;&nbsp;Visão sistêmica, você entende o que faz, porque faz e qual impacto seu trabalho tem no negócio, é maduro profissionalmente e sabe lidar com conflitos, inspirar e desenvolver pessoas e está sempre em busca de se desenvolver.Características Diferenciais:·&nbsp;&nbsp;&nbsp;&nbsp;&nbsp;&nbsp;&nbsp;&nbsp;Experiência com Desenvolvimento de Aplicações para o mercado Financeiro.·&nbsp;&nbsp;&nbsp;&nbsp;&nbsp;&nbsp;&nbsp;&nbsp;Frameworks de Frontend Web Modernos (AngularJS, ReactJS, EmberJS).·&nbsp;&nbsp;&nbsp;&nbsp;&nbsp;&nbsp;&nbsp;&nbsp;Experiência com Testes de Integração e Aceitação.·&nbsp;&nbsp;&nbsp;&nbsp;&nbsp;&nbsp;&nbsp;&nbsp;Conhecimentos em Spring Cloud e Nefflix OSS são um grande diferencial.·&nbsp;&nbsp;&nbsp;&nbsp;&nbsp;&nbsp;&nbsp;&nbsp;Conhecimentos em programação funcional e imutabilidade.·&nbsp;&nbsp;&nbsp;&nbsp;&nbsp;&nbsp;&nbsp;&nbsp;Bons conhecimentos de padrões de projeto, refatoração e testes unitários.·&nbsp;&nbsp;&nbsp;&nbsp;&nbsp;&nbsp;&nbsp;&nbsp;Experiência com Desenvolvimento Ágil de Software (Scrum, Kanban, XP, Lean).·&nbsp;&nbsp;&nbsp;&nbsp;&nbsp;&nbsp;&nbsp;&nbsp;Experiência com Processos de Integração e Deploy contínuo.·&nbsp;&nbsp;&nbsp;&nbsp;&nbsp;&nbsp;&nbsp;&nbsp;Experiência com desenvolvimento de sistemas distribuídos.·&nbsp;&nbsp;&nbsp;&nbsp;&nbsp;&nbsp;&nbsp;&nbsp;Contribuições em Projetos OpenSource.·&nbsp;&nbsp;&nbsp;&nbsp;&nbsp;&nbsp;&nbsp;&nbsp;Participação ativa dentro da comunidade de TI como um palestrante, autor ou colaborador.·&nbsp;&nbsp;&nbsp;&nbsp;&nbsp;&nbsp;&nbsp;&nbsp;Tenha experiência e expertise na linguagem java ·&nbsp;&nbsp;&nbsp;&nbsp;&nbsp;&nbsp;&nbsp;&nbsp;Stack Java Avançado (Java SE 8 e Spring Framework: Core, MVC, Data, Security, Boot, JPA/Hibernate).·&nbsp;&nbsp;&nbsp;&nbsp;&nbsp;&nbsp;&nbsp;&nbsp;Tenha experiência com análise, design, codificação e implementação de aplicações OO corporativas personalizadas.·&nbsp;&nbsp;&nbsp;&nbsp;&nbsp;&nbsp;&nbsp;&nbsp;Bons conhecimentos em estrutura de dados (Arrays, Lists, Trees, Hashes) e Design Patterns.·&nbsp;&nbsp;&nbsp;&nbsp;&nbsp;&nbsp;&nbsp;&nbsp;Conhecimentos avançados em Java (Collections API, Multithreading, IO/NIO, GC).Responsabilidades e atribuiçõesInformações adicionaisAo inserir os seus Dados no formulário para cadastro você confere pleno consentimento ao tratamento de dados pessoais nos termos da nossa Política de Privacidade https://www.taking.com.br/politica-de-privacidade/&nbsp;",Account Manager Jr,PJ,São Paulo,remoto
Desenvolvedor Backend Java Pleno,"16373- Desenvolvedor Backend Java Pleno&nbsp;Características Diferenciais:·&nbsp;&nbsp;&nbsp;&nbsp;&nbsp;&nbsp;&nbsp;&nbsp;Experiência com Desenvolvimento de Aplicações para o mercado Financeiro.·&nbsp;&nbsp;&nbsp;&nbsp;&nbsp;&nbsp;&nbsp;&nbsp;Frameworks de Frontend Web Modernos (AngularJS, ReactJS, EmberJS).·&nbsp;&nbsp;&nbsp;&nbsp;&nbsp;&nbsp;&nbsp;&nbsp;Experiência com Testes de Integração e Aceitação.·&nbsp;&nbsp;&nbsp;&nbsp;&nbsp;&nbsp;&nbsp;&nbsp;Conhecimentos em Spring Cloud e Nefflix OSS são um grande diferencial.·&nbsp;&nbsp;&nbsp;&nbsp;&nbsp;&nbsp;&nbsp;&nbsp;Conhecimentos em programação funcional e imutabilidade.·&nbsp;&nbsp;&nbsp;&nbsp;&nbsp;&nbsp;&nbsp;&nbsp;Bons conhecimentos de padrões de projeto, refatoração e testes unitários.·&nbsp;&nbsp;&nbsp;&nbsp;&nbsp;&nbsp;&nbsp;&nbsp;Experiência com Desenvolvimento Ágil de Software (Scrum, Kanban, XP, Lean).·&nbsp;&nbsp;&nbsp;&nbsp;&nbsp;&nbsp;&nbsp;&nbsp;Experiência com Processos de Integração e Deploy contínuo.·&nbsp;&nbsp;&nbsp;&nbsp;&nbsp;&nbsp;&nbsp;&nbsp;Experiência com desenvolvimento de sistemas distribuídos.·&nbsp;&nbsp;&nbsp;&nbsp;&nbsp;&nbsp;&nbsp;&nbsp;Contribuições em Projetos OpenSource.·&nbsp;&nbsp;&nbsp;&nbsp;&nbsp;&nbsp;&nbsp;&nbsp;Participação ativa dentro da comunidade de TI como um palestrante, autor ou colaborador.·&nbsp;&nbsp;&nbsp;&nbsp;&nbsp;&nbsp;&nbsp;&nbsp;Tenha experiência e expertise na linguagem java (mínimo de 2 anos).·&nbsp;&nbsp;&nbsp;&nbsp;&nbsp;&nbsp;&nbsp;&nbsp;Stack Java Avançado (Java SE 8 e Spring Framework: Core, MVC, Data, Security, Boot,JPA/Hibernate).·&nbsp;&nbsp;&nbsp;&nbsp;&nbsp;&nbsp;&nbsp;&nbsp;Tenha experiência com análise, design, codificação e implementação de aplicações OOcorporativas personalizadas.·&nbsp;&nbsp;&nbsp;&nbsp;&nbsp;&nbsp;&nbsp;&nbsp;Bons conhecimentos em estrutura de dados (Arrays, Lists, Trees, Hashes) e DesignPatterns.·&nbsp;&nbsp;&nbsp;&nbsp;&nbsp;&nbsp;&nbsp;&nbsp;Conhecimentos avançados em Java (Collections API, Multithreading, IO/NIO, GC).&nbsp;Modalidade de trabalho: RemotoContratação PJ- IndeterminadoAo enviar seu currículo você confere pleno consentimento ao tratamento de dados pessoais nos termos da nossa Política de Privacidade https://www.taking.com.br/politica-de-privacidade/Responsabilidades e atribuições",Account Manager Jr,PJ,São Paulo,remoto
Desenvolvedor/a Java ,"Muito prazer, somos a Evertec Brasil!&nbsp;A Evertec é uma empresa especializada em tecnologia para o setor financeiro, com mais de 27 anos de atuação e presença em 26 países da América Latina e Caribe. Com mais de 11 bilhões de transações processadas anualmente, somos referência em soluções que impulsionam a transformação digital do mercado.&nbsp;Oferecemos um portfólio completo de soluções em software, atendendo instituições financeiras, empresas e fintechs que buscam inovação, segurança e eficiência.&nbsp;Nosso compromisso é com a excelência tecnológica, a inclusão financeira e a geração de valor sustentável para clientes, colaboradores e parceiros, promovendo um ecossistema mais conectado e acessível.Responsabilidades e atribuiçõesA tecnologia Java é umas das nossas principais stacks utilizadas aqui na Evertec, aplicada em diversas frentes de negócios: Bancos, previdência, consórcio, entre outras. Por isso, buscamos Desenvolvedores(as) Java em diferentes níveis de carreira, para atuar na maior empresa de desenvolvimento de softwares e produtos para o mercado financeiro do Brasil, onde acreditamos que a inovação tecnológica inspira a evolução.Requisitos e qualificaçõesPara dar #match, essa vaga necessita que atenda alguns requisitos obrigatórios:• Conhecimento em análise, desenvolvimento e correção de sistemas utilizando tecnologia Java;• Conhecimento em Spring Framework• Vivência em Banco de dados SQL Server ou PL/SQL Oracle;• Desenvolvimento e modelagem de API Restfull;• Controle de versionamento com GIT / TFS.Para vagas de maior senioridade, caso possua o conhecimento ou atuação abaixo, será um diferencial:• Angular 8+ ou outras linguagens front-end;• Design Patterns e Webservices;• Arquitetura de sistemas;• Cloud;• DevOps;• Desenvolvimento Mobile;• Streaming/Messaginf.Durante o processo conversaremos com maior detalhe sobre suas experiências 😉📌IMPORTANTE: Temos oportunidades para atuação nos escritórios Evertec Brasil em (São Paulo e Belo Horizonte), na modalidade híbrido. 😉Informações adicionais🏅 E ai, se identificou com o que leu até agora? Então, vou te contar o que você encontrará aqui, além de um ambiente dinâmico;• Vale refeição ou alimentação;• Assistência médica;• Assistência Odontológica• Auxílio creche;• Benefícios Flexíveis (Flash);• Vale transporte;• Gympass;• Horários flexíveis;• Seguro de vida;• Clube de parcerias;• Just dress no code (sem código de vestimenta!),• Day off no aniversário.&nbsp;♿️🌈🙋🏾👴🏻Valorizamos a diversidade e entendemos que o que acrescenta é justamente ideias e pontos de vistas variados. Por isso raça, cor, religião, gênero e identidade de gênero, nacionalidade, deficiência, orientação sexual, ascendência ou idade, não serão impeditivos de você fazer parte do nosso time.",Evertec Brasil,banco de talentos,São Paulo,remoto
Desenvolvedor/a .NET ,"Muito prazer, somos a Evertec Brasil!&nbsp;A Evertec é uma empresa especializada em tecnologia para o setor financeiro, com mais de 27 anos de atuação e presença em 26 países da América Latina e Caribe. Com mais de 11 bilhões de transações processadas anualmente, somos referência em soluções que impulsionam a transformação digital do mercado.&nbsp;Oferecemos um portfólio completo de soluções em software, atendendo instituições financeiras, empresas e fintechs que buscam inovação, segurança e eficiência.&nbsp;Nosso compromisso é com a excelência tecnológica, a inclusão financeira e a geração de valor sustentável para clientes, colaboradores e parceiros, promovendo um ecossistema mais conectado e acessível.Responsabilidades e atribuiçõesA tecnologia .NET é umas das nossas principais stacks utilizadas aqui na Sinqia, aplicada em diversas frentes de negócios: Bancos, previdência, consórcio, entre outras. Por isso, buscamos Desenvolvedores(as) .NET em diferentes níveis de carreira, para atuar na maior empresa de desenvolvimento de softwares e produtos para o mercado financeiro do Brasil, onde acreditamos que a inovação tecnológica inspira a evolução.Requisitos e qualificaçõesPara dar #match, essa vaga necessita que atenda alguns requisitos obrigatórios:• Conhecimento em análise, desenvolvimento e correção de sistemas utilizando tecnologia .NET / .NET Core / C#;• Vivência em Banco de dados SQL Server ou PL/SQL Oracle;• Desenvolvimento e modelagem de API Restfull;• Controle de versionamento com GIT / TFS.Para vagas de maior senioridade, caso possua o conhecimento ou atuação abaixo, será um diferencial:• Experiência com o Team Foundation Server (TFS) e/ou Azure Devops para controle de versões de produto;• Vivência em metodologia Ágil (Scrum, Kanban etc);• Angular 8+ ou outras linguagens front-end;• Design Patterns e Webservices;• Arquitetura de sistemas;• Cloud;• DevOps;• Desenvolvimento Mobile;• Streaming/Messaginf;• Conhecimento em JavaScript;• Conhecimento em&nbsp;API Rest;• Conhecimento em Bootstrap;• Conhecimento em MVC;• Conhecimento em Json;• Conhecimento em HTML, CSS;• Ter atuado no mercado financeiro;Durante o processo conversaremos com maior detalhe sobre suas experiências 😉📌IMPORTANTE: Temos oportunidades para atuação nos escritórios (São Paulo/SP e Belo Horizonte/MG), na modalidade híbrido. 😉Informações adicionais🏅 E ai, se identificou com o que leu até agora? Então, vou te contar o que você encontrará aqui, além de um ambiente dinâmico;• Vale refeição ou alimentação;• Assistência médica;• Assistência Odontológica• Auxílio creche;• Benefícios Flexíveis (Flash);• Vale transporte;• Gympass;• Horários flexíveis;• Seguro de vida;• Clube de parcerias;• Just dress no code (sem código de vestimenta!),• Day off no aniversário.&nbsp;♿️🌈🙋🏾👴🏻Valorizamos a diversidade e entendemos que o que acrescenta é justamente ideias e pontos de vistas variados. Por isso raça, cor, religião, gênero e identidade de gênero, nacionalidade, deficiência, orientação sexual, ascendência ou idade, não serão impeditivos de você fazer parte do nosso time.",Evertec Brasil,banco de talentos,São Paulo,híbrido
Desenvolvedor Fullstack PHP c/ Angular,"Desenvolvedor Fullstack PHP c/ Angular - REF: 16245Descrição:Ficará responsável por evoluir as telas do cellcard tanto na perspectiva de Backend e Frontend (PHP 5.3, MySQL 5.6, HTML/AngularJS 1.6)Perfil de analista é fundamental para:Entendimento de como funciona a governança de perfis no cellcardEntrevista com usuários sêniors do cellcardNão PODE depender da área de produtos definir o que querCriar sugestões de melhoria na perspectiva de segurança e fraudeModalidade: PJ. (Determinado 7 meses, com possibilidade de prorrogação).Local: Home Office.Ao enviar seu currículo você confere&nbsp;pleno consentimento ao tratamento de dados pessoais nos termos da nossa&nbsp;Política de Privacidade&nbsp;https://www.taking.com.br/politica-de-privacidade/",Taking,PJ,Minas Gerais,remoto
Desenvolvedor Front end Angular Pl/Sr,"16029 - Desenvolvedor Front End Angular PL/SR.Deve possuir habilidades sólidas em HTML, CSS e JavaScript, além de conhecimentos na linguagem TypeScript e experiência na criação de interfaces de usuário responsivas, acessíveis e intuitivas, utilizando frameworks e bibliotecas modernas de front-end como Bootstrap no desenvolvimento de componentes reutilizáveis, serviços, roteamento, gerenciamento de estado e integração com APIs RESTful e realizar testes unitários e de integração.&nbsp;Conhecimentos em design de sistemas, incluindo padrões de arquitetura, modelagem de dados e design de APIs, além de trabalhar em conjunto com equipe de desenvolvimento em .Net e UX.&nbsp;Habilidades em programação utilizando a linguagem C# e outras linguagens e tecnologias da plataforma .NET são bem-vindas.Contratação: PJ - 100% remoto.Ao enviar seu currículo você confere pleno consentimento ao tratamento de dados pessoais nos termos da nossa Política de Privacidade https://www.taking.com.br/politica-de-privacidade/",Taking,PJ,São Paulo,remoto
Desenvolvedor em OutSystems,"Nosso cliente é uma das maiores empresas do setor de telemática do Brasil. Fundada em 2011, já conta com presença em todos estados brasileiros, prestando serviços de rastreamento e telemetria para grandes seguradoras e frotistas.Responsabilidades e atribuiçõesAplicar as melhores práticas em desenvolvimento de software;Realizar manutenção evolutiva e corretiva em softwares existentes;Realizar desenvolvimento de novos softwares;Preocupar-se com a performance das aplicações, usabilidade e experiência do usuário;Buscar e definir soluções técnicas em conjunto com a liderança técnica;Realizar as entregas dentro dos prazos e qualidade acordados.Requisitos e qualificaçõesEscolaridade:Superior Cursando ou Completo, desejável nas áreas de Análise de Sistemas, Ciência da Computação, Engenharia da Computação, Exatas e afins.Experiência:Experiência em Outsystem 10 e/ou 11;Experiência em Desenvolvimento Web;Vivência com metodologias ágeis e ITIL;Experiência em C# em Webforms (ASP.NET). React,API em REST e SOAP, webservice;Experiência em SQL Server;Experiência em HTML , CSS, Java Script, Bootstrap;Treinamentos:Certificações na plataforma OutSystems será um diferencial.Conhecimentos /Habilidades:Visual Studio;Lógica de Programação;Banco de dados DynamoDB e MongoDB;Inglês: Técnico.Informações adicionaisBenefícios Ewave p/ PJ·&nbsp;&nbsp;&nbsp;&nbsp;&nbsp;&nbsp;&nbsp;&nbsp;Gympass·&nbsp;&nbsp;&nbsp;&nbsp;&nbsp;&nbsp;&nbsp;&nbsp;Inglês in-companyBenefícios Ewave p/ cooperado (SOMA)·&nbsp;&nbsp;&nbsp;&nbsp;&nbsp;&nbsp;&nbsp;&nbsp;Plano de Saúde - Sulamérica·&nbsp;&nbsp;&nbsp;&nbsp;&nbsp;&nbsp;&nbsp;&nbsp;Plano Odontológico·&nbsp;&nbsp;&nbsp;&nbsp;&nbsp;&nbsp;&nbsp;&nbsp;Seguro de Vida·&nbsp;&nbsp;&nbsp;&nbsp;&nbsp;&nbsp;&nbsp;&nbsp;Inglês in-company·&nbsp;&nbsp;&nbsp;&nbsp;&nbsp;&nbsp;&nbsp;&nbsp;GympassATUAÇÃO 100% REMOTO",Ewave do Brasil,CLT,Paraná,remoto
Banco de Talentos WK Technology - Desenvolvedor Delphi.,"Banco de Talentos WK Technology Desenvolvedor Delphi.A WK Technology, está vivendo um momento muito importante de crescimento e expansão, e por isso criamos esse banco de talentos para profissionais Desenvolvedores em Delphi, ainda não temos essa vaga, mas logo surgirá a oportunidade e entraremos em contato pra dar continuidade e finalizar o processo seletivo.A&nbsp;WK Technology,&nbsp;é uma empresa inovadora que está em crescimento e tem como base a qualidade com seus serviços e seus parceiros.Faz parte do nosso&nbsp;DNA:Acolhimento&nbsp;com empatia e respeito aos nossos colaboradores e parceiros;Perseverança, porque não desistimos até alcançar nossos objetivos;Qualificação, valorizamos o conhecimento e aprendizado continuo;Versatilidade, adaptamos de maneira ágil as mudanças, atento ao cenário presente e o futuro;Visionário, adeptos a inovação, aqui boas ideias são ouvidas e bem-vindas.Se identificou com nosso DNA, estamos te esperando, vem fazer parte da nossa equipe.Responsabilidades e atribuiçõesMissão do cargo:Dar sustentação e desenvolver novos requisitos do módulo de compras de um ERP.Atuar na manutenção de soluções existentes;Propor melhorias nas mesmas, participando de discussões técnicas para criar softwares de alta qualidade e alto desempenho.Requisitos e qualificaçõesPara o bom desempenho do seu trabalho é importante que você tenha:Conhecimento avançado na linguagem de programação Delphi;Conhecimento avançado em banco de dados MySQL;Domínio de SQL, DDL e DML;Conhecimento avançado em Orientação a Objetos;Conhecimento em Padrões de Projeto (Design Patterns);Habilidade de trabalho em equipe (Metodologia ágil);Formação ensino superior na área de computação;Conhecimento em arquiteturas multicamadas (multi-tier);Conhecimento avançado em DataSnap; Conhecimento da Arquitetura REST (Apache-Linux e IIS-Windows);Conhecimento avançado em Clean Code;Boa comunicação verbal e escrita;Será um diferencial ter:Conhecimento em outras linguagens de programaçãoConhecimento em FiremonkeyExperiência em ERPExperiência em módulos de compras de ERPsInformações adicionais💵 Remuneração: A combinar📝&nbsp;Contratação: Pessoa Jurídica🏠&nbsp;Local de Trabalho:&nbsp;Home Office📈 Avaliação de Desempenho: A cada 6 meses, podendo elevar a remuneração;📆 Disponibilidade de Início: Imediato👨‍💻 Cursos: Pagos 100% pela empresa (graduação ou pós graduação)",WK Technology,banco de talentos,Santa Catarina,remoto
Desenvolvedor Java SR,"Nosso cliente é uma das maiores empresas do setor de telemática do Brasil. Fundada em 2011, já conta com presença em todos estados brasileiros, prestando serviços de rastreamento e telemetria para grandes seguradoras e frotistas.Responsabilidades e atribuiçõesAtuar com desenvolvimento e manutenção de sistema de comunicação com hardwares, análise e acompanhamento de base de dados e apoio ao time de engenhariaRequisitos e qualificações O que esperamos:• Conhecimentos em cloud (AWS ou Azure ou GCP). Desejável AWS.• Domínio de Java imprescindível, mínimo de 3 anos para pleno e 5 anos para sênior• Experiência com Docker• Experiência com Linux• SQL e experiência com modelagem de dados• Experiência com filas, ActiveMQ, SQS• Experiência com Stream, Kinesis Firehose, DynamoDB Strem• Experiência com banco de dados NoSQL, DynamoDB e Ignite• Conhecimento de GIT• Conhecimento de SOLID, DDD e Feature Toggle• Pessoa proativa, responsável e com senso de dono• Que saiba trabalhar em equipe, de mente aberta e flexível• Alguém que se preocupa com qualidade (código, qualidade dos dados)• Alguém que goste de estudar e procura estar evoluindo sempreNota: A pessoa precisa ter experiência com protocolos UDP e TCP, leitura de protocolos e quebra de pacotesPrincipais tecnologias: • S3• Dynamodb• Dynamodb Stream• Lambda• Firehose• Athena• ECS/Fargate• Docker• Java• Redis/ElasticCache• ActiveMQDesejável:• Conhecimento em comunicação com hardware, principalmente rastreadores• Experiência com leitura de protocolos para interpretação• Experiência Azure Devops (CI/CD)• Formação em Engenharia da Computação, Engenharia de Software ou Ciência da Computação• Conhecimento sobre Reverse GeocodeDiferenciais: • Conhecimento em Kubernetes• Conhecimento de Terraform• Conhecimento de Python e/ou Lua• Conhecimento básico de redes• Conhecimento em Google Protobuf• Conhecimento em OpsWorksInformações adicionaisBenefícios Ewave p/ CLT·&nbsp;&nbsp;&nbsp;&nbsp;&nbsp;&nbsp;&nbsp;&nbsp;VA e/ou VR (32,00/dia)·&nbsp;&nbsp;&nbsp;&nbsp;&nbsp;&nbsp;&nbsp;&nbsp;Plano de Saúde – Sulamérica·&nbsp;&nbsp;&nbsp;&nbsp;&nbsp;&nbsp;&nbsp;&nbsp;Plano Odontológico·&nbsp;&nbsp;&nbsp;&nbsp;&nbsp;&nbsp;&nbsp;&nbsp;Seguro de vida·&nbsp;&nbsp;&nbsp;&nbsp;&nbsp;&nbsp;&nbsp;&nbsp;Crédito consignado·&nbsp;&nbsp;&nbsp;&nbsp;&nbsp;&nbsp;&nbsp;&nbsp;Inglês in company/online (desconto simbólico em folha de R$7,00 mensais)·&nbsp;&nbsp;&nbsp;&nbsp;&nbsp;&nbsp;&nbsp;&nbsp;Gympass·&nbsp;&nbsp;&nbsp;&nbsp;&nbsp;&nbsp;&nbsp;&nbsp;Ecx card (utilização em farmácias, supermercados, postos de combustível, etc.)Benefícios Ewave p/ PJ·&nbsp;&nbsp;&nbsp;&nbsp;&nbsp;&nbsp;&nbsp;&nbsp;Gympass·&nbsp;&nbsp;&nbsp;&nbsp;&nbsp;&nbsp;&nbsp;&nbsp;Inglês in-companyBenefícios Ewave p/ cooperado (SOMA)·&nbsp;&nbsp;&nbsp;&nbsp;&nbsp;&nbsp;&nbsp;&nbsp;Plano de Saúde - Sulamérica·&nbsp;&nbsp;&nbsp;&nbsp;&nbsp;&nbsp;&nbsp;&nbsp;Plano Odontológico·&nbsp;&nbsp;&nbsp;&nbsp;&nbsp;&nbsp;&nbsp;&nbsp;Seguro de Vida·&nbsp;&nbsp;&nbsp;&nbsp;&nbsp;&nbsp;&nbsp;&nbsp;Inglês in-company",Ewave do Brasil,CLT,Paraná,remoto
Desenvolvedor RPA Senior,"Você tem senso de dono, gosta de gerar novas ideias, se comunica com clareza, relaciona-se bem com clientes, atua de modo analítico, olha o negócio como um todo? Então, vem... proporcionamos para você um ambiente colaborativo, desafiador, com oportunidade de aprimoramento e aprendizado constantes.Venha desenvolver a sua carreira na única empresa do Brasil que atua na viabilização da comercialização de energia elétrica. Somos uma organização de referência no setor, com selo Great Place to Work e Pró-Ética e teremos muito orgulho de receber seu CV para análise e futura entrevista!Responsabilidades e atribuiçõesDesenvolvimento RPARequisitos e qualificaçõesRequisitos:&nbsp;Perfil Desenvolvedor RPA SeniorTer trabalhado em uma equipe com metodologia ágil;Ter trabalhado em uma fábrica de robotização;Ter atuado profissionalmente em projetos de RPA;Ser proativo para solucionar problemas de negócio;Pro-atividade para se aprofundar em tecnologias novas para prover a melhor solução;Ter experiência com as melhores práticas de desenvolvimento de robôs;Desejável * Conhecimento em scripts Python;Conhecimento de HTML;Conhecimento de versionamento de código GIT;RequeridaExperiência em desenvolvimento de códigos na plataforma .Net (VB, C#);Experiência em desenvolvimento de códigos VBA, VbScript;Ter experiência com Orchestrator (UiPath) e em filas de execuçãoExperiência com base de dados Oracle e SQL Server;Plataformas Requerida:UiPath ;Formação: Graduação em Ciência da Computação, Análise de Sistemas, Engenharia de Software ou Tecnologia da Informação.Idiomas:&nbsp;Português fluente e Inglês técnico para leitura.&nbsp;Informações adicionaisModelo de contratação PJ Vantagens Ewave p/ PJ·&nbsp;&nbsp;&nbsp;&nbsp;&nbsp;&nbsp;&nbsp;&nbsp;Gympass·&nbsp;&nbsp;&nbsp;&nbsp;&nbsp;&nbsp;&nbsp;&nbsp;Inglês in-company",Ewave do Brasil,CLT,São Paulo,remoto
Desenvolvedor Java PL,"Nosso cliente é uma das maiores empresas do setor de telemática do Brasil. Fundada em 2011, já conta com presença em todos estados brasileiros, prestando serviços de rastreamento e telemetria para grandes seguradoras e frotistas.Responsabilidades e atribuiçõesAtuar com desenvolvimento e manutenção de sistema de comunicação com hardwares, análise e acompanhamento de base de dados e apoio ao time de engenhariaRequisitos e qualificações O que esperamos:• Conhecimentos em cloud (AWS ou Azure ou GCP). Desejável AWS.• Domínio de Java imprescindível, mínimo de 3 anos para pleno e 5 anos para sênior• Experiência com Docker• Experiência com Linux• SQL e experiência com modelagem de dados• Experiência com filas, ActiveMQ, SQS• Experiência com Stream, Kinesis Firehose, DynamoDB Strem• Experiência com banco de dados NoSQL, DynamoDB e Ignite• Conhecimento de GIT• Conhecimento de SOLID, DDD e Feature Toggle• Pessoa proativa, responsável e com senso de dono• Que saiba trabalhar em equipe, de mente aberta e flexível• Alguém que se preocupa com qualidade (código, qualidade dos dados)• Alguém que goste de estudar e procura estar evoluindo sempreNota: A pessoa precisa ter experiência com protocolos UDP e TCP, leitura de protocolos e quebra de pacotesPrincipais tecnologias: • S3• Dynamodb• Dynamodb Stream• Lambda• Firehose• Athena• ECS/Fargate• Docker• Java• Redis/ElasticCache• ActiveMQDesejável:• Conhecimento em comunicação com hardware, principalmente rastreadores• Experiência com leitura de protocolos para interpretação• Experiência Azure Devops (CI/CD)• Formação em Engenharia da Computação, Engenharia de Software ou Ciência da Computação• Conhecimento sobre Reverse GeocodeDiferenciais: • Conhecimento em Kubernetes• Conhecimento de Terraform• Conhecimento de Python e/ou Lua• Conhecimento básico de redes• Conhecimento em Google Protobuf• Conhecimento em OpsWorksInformações adicionaisBenefícios Ewave p/ CLT·&nbsp;&nbsp;&nbsp;&nbsp;&nbsp;&nbsp;&nbsp;&nbsp;VA e/ou VR (32,00/dia)·&nbsp;&nbsp;&nbsp;&nbsp;&nbsp;&nbsp;&nbsp;&nbsp;Plano de Saúde – Sulamérica·&nbsp;&nbsp;&nbsp;&nbsp;&nbsp;&nbsp;&nbsp;&nbsp;Plano Odontológico·&nbsp;&nbsp;&nbsp;&nbsp;&nbsp;&nbsp;&nbsp;&nbsp;Seguro de vida·&nbsp;&nbsp;&nbsp;&nbsp;&nbsp;&nbsp;&nbsp;&nbsp;Crédito consignado·&nbsp;&nbsp;&nbsp;&nbsp;&nbsp;&nbsp;&nbsp;&nbsp;Inglês in company/online (desconto simbólico em folha de R$7,00 mensais)·&nbsp;&nbsp;&nbsp;&nbsp;&nbsp;&nbsp;&nbsp;&nbsp;Gympass·&nbsp;&nbsp;&nbsp;&nbsp;&nbsp;&nbsp;&nbsp;&nbsp;Ecx card (utilização em farmácias, supermercados, postos de combustível, etc.)Benefícios Ewave p/ PJ·&nbsp;&nbsp;&nbsp;&nbsp;&nbsp;&nbsp;&nbsp;&nbsp;Gympass·&nbsp;&nbsp;&nbsp;&nbsp;&nbsp;&nbsp;&nbsp;&nbsp;Inglês in-companyBenefícios Ewave p/ cooperado (SOMA)·&nbsp;&nbsp;&nbsp;&nbsp;&nbsp;&nbsp;&nbsp;&nbsp;Plano de Saúde - Sulamérica·&nbsp;&nbsp;&nbsp;&nbsp;&nbsp;&nbsp;&nbsp;&nbsp;Plano Odontológico·&nbsp;&nbsp;&nbsp;&nbsp;&nbsp;&nbsp;&nbsp;&nbsp;Seguro de Vida·&nbsp;&nbsp;&nbsp;&nbsp;&nbsp;&nbsp;&nbsp;&nbsp;Inglês in-company",Ewave do Brasil,CLT,Paraná,remoto
Desenvolvedor Java Pleno,"Um dos maiores especialistas na Estruturação, Administração e Custódia de&nbsp;fundos de investimento do País. Constituído em 2010 com o objetivo de fornecer soluções&nbsp;Financeiras Estruturadas para diversos tipos de clientes e segmentos de empresas,&nbsp;vem se destacando como um importante prestador de serviços para Fundos no mercado.&nbsp;Atuação como desenvolvedor do time de tecnologia (estrutura de projetos) na qual participará de projetos que sejam priorizados para desenvolvimento.Terá interface direta com todos os envolvidos na demanda, desde as áreas de tecnologia até as áreas de negócio (clientes internos), tal como prestadores de serviços.Responsabilidades e atribuições* Participar das discussões de arquitetura relacionadas aos novos desenvolvimentos;* Produzir estimativas de esforço de acordo com as especificações dos projetos;* Realizar o desenvolvimento dos projetos priorizados de acordo com as especificações e cronograma acordado;* Será responsável pelo processo de Gestão de Mudança (GMUD), dos desenvolvimentos sob sua responsabilidade (da abertura, escrita, até a implantação em produção).* Facilitar a decisão dos envolvidos no projeto, fornecendo informações detalhadas;* Documentar os desenvolvimentos realizados;* Apoiar no processo de passagem de conhecimento para o time de sustentação;* Aplicar análise de causa raiz constantemente nos problemas associados aos desenvolvimento realizados para identificar a origem de problemas, a partir disso, definir correções e buscar mitigar problemas futuros;* Realizar o teste dos desenvolvimentos realizados antes da liberação para homologação pela área demandante;* Interagir de maneira proativa com o time técnico e de negócio do projeto para viabilizar o atendimento da demanda;* Interagir com área de arquitetura para aplicar os padrões de arquitetura atualmente definidos, tal como promover evolução contínua dos ambientes de tecnologia;* Participar do processo de gestão de mudança.Requisitos e qualificaçõesJava SE 6 e Superiores, Java EE 7;PL/SQL;Servidor de Aplicação Wildfly/JBoss EAP;Desenvolvimento de Container e SpringBoot para serviços auto-contidos;Ter trabalhado com Gateway de API, como WSO2 e correlatos.Ter trabalhado com fila MQ, como RabbitMQ e correlatos.SGBDs Oracle e MySQL;Conhecimento em tecnologias Kafka, Kibana, Elastic Search, Mongo DB e KVM.Frameworks: Spring Boot, JPA, Log 4J, Hibernate, Junit, Easymok, Angular (6 e acima), AngularJS, Spring Framework, JSF; Primefaces; WebServices (JAX-WS / JAX-RS), JDBC e correlatos.Conhecimento de arquitetura de Microserviços; Arquitetura RESTfull, Swagger;Documentação de APIs utilizando OpenAPI (2 e 3);Conhecimento de Modelos de Desenvolvimento (Sequenciais e Iterativos Incrementais - RUP e Metodologias Ágeis: Scrum, XP, AUP, BUP);Ter trabalhado com ferramentas de Integração Contínua, Entrega Contínua e correlatos: Maven, Jenkins, Gitlab, SonarQube, Sonatype Nexus.* Ter experiência comprovada de pelo menos quatro anos atuando como desenvolvedor nas tecnologias listadasPerfil Comportamental:* Capacidade de estruturar soluções propositivas baseado nos requisitos de negócio, direcionadores de tecnologia e limitações técnicas;* Capacidade de lidar com problemas complexos de maneira estruturada;* Capacidade de trabalhar em atividades de mais de um projeto ao mesmo tempo, realizando gestão das atividades e divisão de trabalho entre eles;* Capacidade de trabalhar em um ambiente em transformação;* Orientação por metas e proatividade com grande foco nos resultados;* Habilidades de comunicação com time técnico e áreas de negócio;* Raciocínio lógico, estruturado e orientado a resolução de problemas;* Organização e gestão das demandas sob sua responsabilidade para atendimento a cronogramas acordados;* Capacidade de trabalho em equipe;* Curioso e proativo.Informações adicionaisBenefícios contratação CLT:Assistência médica - SulAmericaPlano odontológico - SulAmericaVA - R$ 560,00VR - R$ 40,00 ao dia (total R$ 880,00)Seguro de VidaVale transporteLicença maternidade e paternidade estendida",Ewave do Brasil,CLT,Paraná,remoto
Pessoa Desenvolvedora Backend Pl,"Venha fazer parte do nosso time de #Q2Lovers!O Q2bank é uma fintech que nasceu em Franca (SP) para oferecer soluções inovadoras e disruptivas em meios de pagamentos, e agora como banco digital.Estamos presentes em todo o Brasil, com crescimento rápido, um time ágil e o clima... UAU!&nbsp;Nossa Missão é elevar a experiência e os resultados dos nossos clientes, oferecendo serviços mais justos, com um atendimento humanizado e excepcional.Você gosta de desafios? É uma pessoa ágil, inconformada e proativa? Se sim, você é a nossa cara!Venha para o Q2!Para a posição de Pessoa DESENVOLVEDORA BACKEND Pl, buscamos profissional aderente à nossa cultura e que tenha senso de dono para compor times de alta performance.Responsabilidades e atribuições- Uso de serviços de mensageria&nbsp;(SQS/SNS, Apache Kafka/ RabbitMQ)-Analisar demandas, implementar o código, testar e validar as entregas;- Fazer revisões de códigos dos demais integrantes do time, visando garantir a integridade funcional dos sistemas;- Realizar tarefas e participar de cerimônias utilizando metodologias ágeis como Scrum, Kanban ou outros;- Produzir documentação e mantê-la atualizada, garantindo a integridade da arquitetura do sistema;- Utilizar o GIT como ferramenta de versionamento, respeitando os padrões de commit e nomenclatura de branches;Requisitos e qualificaçõesPrincipais linguagens que utilizamos:-GolangBanco de Dados que utilizamos:-Relacional (SQLServer, MySQL, PostgreSQL)Nuvens que utilizamos:-AWSSeria legal você também conhecer:-Vivência com monitoramento e observabilidade, utilizando ferramentas como Grafana, Prometheus, ELK)- Arquitetura de micro serviços&nbsp;- Testes unitários utilizando metodologia (TDD)- Padrões de design e arquitetura de código (clean code, clean architecture, DDD, design patterns)- Construção de sistemas escaláveis, distribuídos, de alta volumetria e baixa latência-&nbsp;Conhecimentos em ECS/EKS,&nbsp;API Gateway, Secret Manager, Lambda FunctionsInformações adicionaisNo Q2bank, o respeito a individualidade é um dos valores centrais. Zelamos pela integridade da pessoa e nos orgulhamos por integrar e contar com a paixão e talento de todos, independentemente de gênero, raça, orientação sexual, crença religiosa ou país de origem.&nbsp;Traga seu talento e seus valores.Se a gente der match, isso é o que importa!",Q2 bank,freelancer,São Paulo,remoto
Desenvolvedor de Software Júnior - Exclusivo para PCD,"Na Icaro nossa maior área é o time de Engineering que é dividido em 10 Chapters e diversos squads de acordo com cada tecnologia.Como parte do time de Engineering, você atuará como Analista de Sistemas em um squad com foco no desenvolvimento de sistemas complexos.Responsabilidades e atribuiçõesVocê será responsável por:Implementar e/ou apoiar outros desenvolvedores;Apoiar na especificações e refinamento de requisitos.Requisitos e qualificaçõesO que você precisa saber:Experiência com programação orientada a objetos (POO) - Java;Experiência com projetos ágeis (SCRUM, Kanban);Conhecimento em Engenharia de Software (levantamento de requisitos, desenho de soluções e processos);Conhecimento em Bases de Dados;Conhecimento em Git.Você se destaca se tiver:Experiência com linguagens de programação (Javascript e Python);Experiência com frameworks (Spring, Nodejs, Angular, React).O que você precisa ter?Comunicação clara e eficiente;Trabalho em equipe;Iniciativa;Compromisso com resultados;Visão crítica;Apresentação em público;Disponibilidade para viagens eventuais;Inglês intermediário (Leitura, Escrita e capacidade de participar de reuniões e áudios).Informações adicionaisDentro da Icaro nós incentivamos muito nossos profissionais a cultivar nossa Cultura, e apesar de cada um ter seu próprio jeito de ser, todos temos algo em comum: somos Icaronautas 🚀O que faz de nós um Great Place to Work?&nbsp;😍No dia-a-dia:Modelo híbrido: pode trabalhar de onde quiser, até em um dos nossos escritóriosBirthday dayoffHorário flexívelVale alimentaçãoVale refeiçãoVale transporteNo dress codeSaúde e bem-estar:Plano de saúdePlano odontológicoParcerias com profissionais e estabelecimentosDesenvolvimento contínuo:Auxílio pós-graduaçãoBolsa de idiomasPrograma de treinamento e capacitaçãoPrograma de tutoria e mentoriaApoio e cuidado:Auxílio Home OfficeAuxílio crecheSeguro de VidaIndicação premiadaParticipação nos lucrosBreaktime: acompanhamento do RH",Icaro Tech,banco de talentos,São Paulo,remoto
Pessoa desenvolvedora Android Pleno,"Se você procura uma empresa que possua um ambiente colaborativo, inovação constante, com grandes oportunidades e que tenha como propósito causar impacto positivo na sociedade, seu lugar é conosco!Nós desenvolvemos aplicações web e mobile, com as seguintes tecnologias / frameworks:PHP - CakePHP, LaravelNodeJs / ElixirJavascript - ReactJs, AngularBanco de dados: PostgreSQL / PostGIS / RealmAndroid: Java / KotlinGoogle Earth EngineAWS / GCPAqui você poderá colaborar com isso e muito mais, dependendo do caminho que você escolher.Responsabilidades e atribuiçõesPrincipais atribuições para o cargo:Codificação e documentação de aplicaçõesEstudar regras de negócios das soluções desenvolvidasParticipar da modelagem de soluções tecnológicas junto a clientesParticipar de rotinas em equipes ágeis e multidisciplinaresCodificação de testes unitários e de usabilidadeManutenção de softwares legadosAtendimento, em nível básico, a chamados de Help deskRequisitos e qualificaçõesRequisito obrigatório:Graduação em TI ou experiência profissional equivalenteExperiência profissional de pelo menos 4 anos na área de desenvolvimento.Conhecimentos obrigatórios:Uma ou mais linguagens modernas de programação voltadas para Mobile (Kotlin, Java, React Native, Flutter)Banco de dados relacionais e/ou não relacionaisLógica de programaçãoLinguagens de programação orientada a objetosTestes de softwarePadrões de projetoConhecimentos desejáveis:Métodos ágeisInglês intermediárioAspectos complementares para o cargo:Boa capacidade de sinergia e trabalho em equipeBoa capacidade de planejamentoTrabalho com orientação para resultadosBoa capacidade de aprendizagem e desenvolvimentoConhecimentos em desenvolvimento ágil de softwareConhecimento prático em qualidade de softwareBoa capacidade analíticaBoa capacidade de entregaVocê irá se destacar se tiver estes conhecimentos:&nbsp;Experiência com desenvolvimento AndroidConhecimento de Orientação a ObjetosExperiência com a IDE Android StudioPadrões de projeto: MVP / MVVM / Clean CodeExperiência com Firebase: Cloud Messaging / In-App Messaging / Crashlytics / ML Toolkit / TestLabExperiência com testes: Testes unitários / Testes automatizados / Teste de Interface do Usuário / Test Driven Development - TDD / Testes FarmExperiência com APIs Google: Maps / PlacesNoções de Desenvolvimento Ágil: Scrum / Kanban / XPExperiência com Bancos de Dados: SQLite / Realm Experiência com sincronização de dados: JSON / XML / Web Services RESTNoções de UX/UI: Material Design / Noções dos conceitos de SOLID, INVEST e SMART / Noções de Clean Code e RefatoraçãoInformações adicionaisDiferenciais:Trabalho remoto ou presencial (escolha do colaborador; atualmente o time dev está 100% remoto)Ambiente sadio e colaborativoHorário flexívelSem ""dress code""Café, frutas e outros alimentos (quando no escritório)Interações com empresas no mundo inteiroSalários e benefíciosFaixa salarial: de R$ 4.727,19 a R$ 7.386,23Vale alimentação (R$ 1.000,00)Plano de saúde com cobertura nacional - (100% pago pela empresa)Plano odontológico com cobertura nacional - (100% pago pela empresa)Seguro de vida - (R$ 50.000,00 a apólice)Auxílio transporte (se presencial)",Terras,CLT,Pará,remoto
Pessoa desenvolvedora Web Plena/Sênior,"Se você procura uma empresa que possua um ambiente colaborativo, inovação constante, com grandes oportunidades e que tenha como propósito causar impacto positivo na sociedade, seu lugar é conosco!Nós desenvolvemos aplicações web e mobile, com as seguintes tecnologias / frameworks:PHP - CakePHP, LaravelNodeJs / ElixirJavascript - ReactJs, AngularJsBanco de dados: PostgreSQL / PostGIS / RealmAndroid: Java / KotlinGoogle Earth EngineAWS / GCPAqui você poderá colaborar com isso e muito mais, dependendo do caminho que você escolher.Responsabilidades e atribuiçõesPrincipais atribuições para o cargo:Codificação e documentação de aplicaçõesEstudar regras de negócios das soluções desenvolvidasParticipar da modelagem de soluções tecnológicas junto a clientesParticipar de rotinas em equipes ágeis e multidisciplinaresCodificação de testes unitários e de usabilidadeManutenção de softwares legadosAtendimento, em nível básico e intermediário, a demandas de Help DeskRequisitos e qualificaçõesRequisito obrigatório:Graduação em TI ou experiência profissional equivalenteExperiência profissional de pelo menos 4 anos na área de desenvolvimento.Conhecimentos obrigatórios:Uma ou mais linguagens modernas de programação voltadas para Web (PHP, Python, Javascript, Elixir, Java)Banco de dados relacionaisLógica de programaçãoMétodos ágeisPadrões de projetoTestes de softwareConhecimentos desejáveis:Banco de dados não relacionaisLinguagens de programação orientada a objetosInglês intermediário a avançadoAspectos complementares para o cargo:Boa capacidade de sinergia e trabalho em equipeBoa capacidade de planejamentoTrabalho com orientação para resultadosBoa capacidade de aprendizagem e desenvolvimentoConhecimentos em desenvolvimento ágil de softwareConhecimento prático em qualidade de softwareBoa capacidade analíticaBoa capacidade de entregaInformações adicionaisDiferenciais:Trabalho remoto ou presencial (escolha do colaborador; atualmente o time dev está 100% remoto)Ambiente sadio e colaborativoHorário flexívelSem ""dress code""Café, frutas e outros alimentos (quando no escritório)Interações com empresas no mundo inteiroSalários e benefícios:Faixa salarial: de R$ 5.294,45 a R$ 8.272,58Vale alimentação (R$ 1.000,00)Plano de saúde com cobertura nacional - (100% pago pela empresa)Plano odontológico com cobertura nacional - (100% pago pela empresa)Seguro de vida - (R$ 50.000,00 a apólice)Auxílio transporte (se presencial)",Terras,CLT,Pará,remoto
Pessoa desenvolvedora Android Júnior,"Se você procura uma empresa que possua um ambiente colaborativo, inovação constante, com grandes oportunidades e que tenha como propósito causar impacto positivo na sociedade, seu lugar é conosco!Nós desenvolvemos aplicações web e mobile, com as seguintes tecnologias / frameworks:PHP - CakePHP, LaravelNodeJs / ElixirJavascript - ReactJs, AngularBanco de dados: PostgreSQL / PostGIS / RealmAndroid: Java / KotlinGoogle Earth EngineAWS / GCPAqui você poderá aprender isso e muito mais, dependendo do caminho que você escolher.Responsabilidades e atribuiçõesPrincipais atribuições para o cargo:Codificação e documentação de aplicaçõesEstudar regras de negócios das soluções desenvolvidasParticipar da modelagem de soluções tecnológicas junto a clientesParticipar de rotinas em equipes ágeis e multidisciplinaresCodificação de testes unitários e de usabilidadeManutenção de softwares legadosAtendimento, em nível básico, a chamados de Help deskRequisitos e qualificaçõesRequisito obrigatório:Graduação em TIConhecimentos obrigatórios:Uma ou mais linguagens modernas de programação voltadas para Mobile (Kotlin, Java, React Native, Flutter)Conhecimentos desejáveis:Banco de dados relacionais e/ou não relacionaisLógica de programaçãoLinguagens de programação orientada a objetosTestes de softwareMétodos ágeisPadrões de projetoInglês básicoAspectos complementares para o cargo:Boa capacidade de sinergia e trabalho em equipeBoa capacidade de planejamentoTrabalho com orientação para resultadosBoa capacidade de aprendizagem e desenvolvimentoConhecimentos em desenvolvimento ágil de softwareConhecimento prático em qualidade de softwareBoa capacidade analíticaBoa capacidade de entregaVocê irá se destacar se tiver estes conhecimentos:&nbsp;Experiência com  desenvolvimento AndroidConhecimento de Orientação a ObjetosExperiência com a IDE Android StudioPadrões de projeto: MVP / MVVM / Clean CodeExperiência com Firebase: Cloud Messaging / In-App Messaging / Crashlytics / ML Toolkit  / TestLabExperiência com testes: Testes unitários / Testes automatizados / Teste de Interface do Usuário / Test Driven Development - TDD / Testes FarmExperiência com APIs Google: Maps / PlacesNoções de Desenvolvimento Ágil: Scrum / Kanban / XPExperiência com Bancos de Dados SQL e NoSQL: SQLite - SQL / Realm - NoSQL Experiência com sincronização de dados: JSON / XML / Web Services RESTNoções de UX/UI: Material Design / Noções dos conceitos de SOLID, INVEST e SMART / Noções de Clean Code e RefatoraçãoInformações adicionaisDiferenciais:Ambiente sadio e colaborativoHorário flexívelSem ""dress code""Frutas e outros alimentos (quando no escritório)Interações com empresas no mundo inteiroSalários e benefíciosSalário: R$ 3.781,75Vale alimentação (R$ 1.000,00)Plano de saúde com cobertura nacional - (100% pago pela empresa)Plano odontológico com cobertura nacional - (100% pago pela empresa)Seguro de vida - (R$ 50.000,00 a apólice)Auxílio transporte",Terras,CLT,Pará,remoto
Pessoa desenvolvedora Web Júnior,"Se você procura uma empresa que possua um ambiente colaborativo, inovação constante, com grandes oportunidades e que tenha como propósito causar impacto positivo na sociedade, seu lugar é conosco!Nós desenvolvemos aplicações web e mobile, com as seguintes tecnologias / frameworks:PHP - CakePHP, LaravelNodeJs / ElixirJavascript - ReactJs, AngularBanco de dados: PostgreSQL / PostGIS / RealmAndroid: Java / KotlinGoogle Earth EngineAWS / GCPAqui você poderá aprender isso e muito mais, dependendo do caminho que você escolher.Responsabilidades e atribuiçõesPrincipais atribuições para o cargo:Codificação e documentação de aplicaçõesEstudar regras de negócios das soluções desenvolvidasParticipar da modelagem de soluções tecnológicas junto a clientesParticipar de rotinas em equipes ágeis e multidisciplinaresCodificação de testes unitários e de usabilidadeManutenção de softwares legadosAtendimento, em nível básico, a chamados de Help deskRequisitos e qualificaçõesRequisito obrigatório:Graduação em TIConhecimentos obrigatórios:Uma ou mais linguagens modernas de programação voltadas para Web (PHP, Python, Javascript, Java)Conhecimentos desejáveis:Banco de dados relacionais e/ou não relacionaisLógica de programaçãoLinguagens de programação orientada a objetosTestes de softwareMétodos ágeisPadrões de projetoInglês básicoAspectos complementares para o cargo:Boa capacidade de sinergia e trabalho em equipeBoa capacidade de planejamentoTrabalho com orientação para resultadosBoa capacidade de aprendizagem e desenvolvimentoConhecimentos em desenvolvimento ágil de softwareConhecimento prático em qualidade de softwareBoa capacidade analíticaBoa capacidade de entregaInformações adicionaisDiferenciais:Ambiente sadio e colaborativoHorário flexívelSem ""dress code""Frutas e outros alimentos (quando no escritório)Interações com empresas no mundo inteiroSalários e benefíciosSalário: R$ 3.781,75Vale alimentação (R$ 1.000,00)Plano de saúde com cobertura nacional - (100% pago pela empresa)Plano odontológico com cobertura nacional - (100% pago pela empresa)Seguro de vida - (R$ 50.000,00 a apólice)Auxílio transporte",Terras,CLT,Pará,remoto
Pessoa desenvolvedora nível Estagiário,"Se você procura uma empresa que possua um ambiente colaborativo, inovação constante, com grandes oportunidades e que tenha como propósito causar impacto positivo na sociedade, seu lugar é conosco!Nós desenvolvemos aplicações web e mobile, com as seguintes tecnologias / frameworks:PHP - CakePHP, LaravelNodeJs / ElixirJavascript - ReactJs, AngularBanco de dados: PostgreSQL / PostGIS / RealmAndroid: Java / KotlinGoogle Earth EngineAWS / GCPAqui você poderá aprender isso e muito mais, dependendo do caminho que você escolher.Responsabilidades e atribuiçõesPrincipais atribuições para o cargo:Contribuir na codificação e documentação de aplicaçõesReforçar aprendizado em conceitos de programaçãoEstudar regras de negócios das soluções desenvolvidasParticipar da modelagem de soluções tecnológicas junto a clientesParticipar de rotinas em equipes ágeis e multidisciplinaresRequisitos e qualificaçõesRequisito obrigatório:Cursando graduação em TI, de preferência a partir do sexto semestreConhecimentos desejáveis (não obrigatórios):&nbsp;Noções de linguagens de programação (PHP, Python, Javascript, Java)Noções de banco de dadosConhecimento em lógica de programaçãoConhecimento em linguagens de programação orientada a objetosAspectos complementares para o cargo:Boa capacidade de sinergia e trabalho em equipeBoa capacidade de planejamentoTrabalho com orientação para resultadosBoa capacidade de aprendizagem e desenvolvimentoConhecimentos em desenvolvimento ágil de softwareConhecimento prático em qualidade de softwareBoa capacidade analíticaBoa capacidade de entregaInformações adicionaisDiferenciais:Ambiente sadio e colaborativoHorário flexívelSem ""dress code""Frutas e outros alimentos (quando no escritório)Interações com empresas no mundo inteiroSalários e benefíciosSalário mínimo (R$ 1.212,00)Vale alimentação (R$ 1.000,00)Auxílio transporte",Terras,CLT,Pará,remoto
"Pessoa Desenvolvedora Android (G1, Globo.com, Gshow, Globoplay, GE, Cartola)","A Globo&nbsp;é feita de gente que quer fazer diferente, fazer junto, fazer o futuro. Gente espalhada por todo o país (e mundo!) trabalhando com conteúdo, notícias, negócios, tecnologia e brasilidade de sobra. Canais na TV aberta e por assinatura, produtos digitais como globoplay, Cartola, g1, ge, gshow e outros serviços estão reunidos no mesmo lugar, na mesma globo. Novos modelos de negócios digitais estão sendo pensados e desenvolvidos, buscando nos aproximar cada vez mais do usuário e dos seus desejos. As oportunidades de novos negócios também trazem a chance e o desafio de construirmos novos times data-driven e que coloquem o consumidor no centro das nossas decisões.Criamos ambientes onde todas as pessoas são incluídas, acolhidas e valorizadas. Nos empenhamos em ser uma Globo cada vez mais diversa, em representatividade e pensamento, aprendendo uns com os outros e estimulando a criatividade e inovação.Responsabilidades e atribuiçõesO Hub Digital faz parte da nossa área de Estratégia e Tecnologia, tendo papel de destaque na nossa transformação em uma empresa media tech e D2C. Aqui cuidamos da gestão de dados e do desenvolvimento dos nossos produtos digitais como Globoplay, Globo.com, família G (G1, Ge, Gshow) e Cartola, visando a melhor experiência de consumo, interação e relacionamento com os nossos usuários.&nbsp;&nbsp;Trabalhamos com uma variedade de tecnologias e linguagens para atingir nossos objetivos, além de estabelecermos uma relação contínua e crescente de compartilhamento de soluções com a comunidade de tecnologia!&nbsp;&nbsp;﻿A inscrição em nosso banco de talentos não garante a contratação, pois ela dependerá da disponibilidade de vagas e avaliação de currículos e requisitos de cada uma das oportunidades.Como será seu dia a dia:&nbsp;&nbsp;Ter facilidade para trabalhar dentro de times multidisciplinares;Escrever código limpo, de fácil manutenção, utilizando as melhores práticas de desenvolvimento de software;Procurar sempre criar a melhor experiência de uso para o usuário final, trabalhando de perto com os especialistas em UX;Colaborar com ideias e sugestões para soluções eficazes e criativas;Ajudar o crescimento do seu time, ensinando, capacitando e dando feedbacks;Colaborar com o time, a área e a empresa para criar um clima positivo e motivador;Estar sempre crescendo e se desenvolvendo profissionalmente.Requisitos e qualificaçõesDo que você precisa:&nbsp;Ter vivência em engenharia de software, princípios, boas práticas e padrões de arquitetura;Ter experiência com Desenvolvimento de Apps;Ter experiência com&nbsp;Java/Kotlin;Ter conhecimento de práticas de XP (TDD, pair programming, refactoring, continuous integration, etc).﻿Conhecimentos que te destacam:&nbsp;&nbsp;&nbsp;Ter sólidos conhecimentos e habilidades em algoritmos e estruturas de dados;Ter experiência com métodos ágeis e práticas de engenharia ágil;Conhecimento da linguagem Objective-C;Conhecer e ter experiência com testes unitários, de aceitação, mocks, etc;Saber trabalhar com ferramentas de controle de versão.Informações adicionaisPor que vir para Globo:&nbsp;&nbsp;Vem e vamos criar histórias e tecnologias juntos.Na Globo, o encontro de histórias com tecnologia move um time diverso e apaixonado por inovação. A gente tem a chance de aproximar os brasileiros, criando novas formas de se conectar com eles. Aqui, cada um faz a transformação acontecer.Nossos processos seletivos estão acontecendo de forma 100% remota e nós encorajamos inscrições de qualquer lugar do Brasil e do mundo. #vempraglobo&nbsp;&nbsp;&nbsp;&nbsp;Seguindo o compromisso de contribuir para um ambiente seguro para nossas pessoas, informamos que ter o esquema completo vacinação contra a Covid-19 é uma condição obrigatória para o trabalho na Globo, presencial ou a distância, e que o comprovante deverá ser apresentado como pré-requisito para a contratação.&nbsp;&nbsp;Quer saber mais sobre como é trabalhar na Globo? Vem acompanhar nosso dia a dia, desafios e conquistas nas nossas redes:&nbsp;https://www.linkedin.com/company/globo&nbsp;&nbsp;https://www.instagram.com/vempraglobo&nbsp;&nbsp;&nbsp;https://www.youtube.com/c/VemPraGlobo/&nbsp;&nbsp;Os seus dados pessoais serão utilizados para fins de seleção de candidatos para preenchimento das vagas abertas na Globo. Os dados pessoais coletados durante o processo seletivo dos candidatos que não forem admitidos neste momento poderão ser mantidos nos bancos de dados para consideração em futuros processos seletivos. Todos os dados coletados serão tratados segundo rígidos padrões de segurança da informação e em total respeito às leis de privacidade aplicáveis, incluindo a Lei 13.709/18, e nos termos de nossa política de privacidade, disponível no link:&nbsp;https://vempraglobo.g.globo/files/politica_de_privacidade.pdf&nbsp;Ao prosseguir você está ciente e de acordo para realização de sua candidatura nestes termos.&nbsp;",Globo,banco de talentos,Rio de Janeiro,remoto
"Pessoa Desenvolvedora Front-end (G1, Globo.com, Gshow, Globoplay, GE, Cartola)","A Globo&nbsp;é feita de gente que quer fazer diferente, fazer junto, fazer o futuro. Gente espalhada por todo o país (e mundo!) trabalhando com conteúdo, notícias, negócios, tecnologia e brasilidade de sobra. Canais na TV aberta e por assinatura, produtos digitais como globoplay, Cartola, g1, ge, gshow e outros serviços estão reunidos no mesmo lugar, na mesma globo. Novos modelos de negócios digitais estão sendo pensados e desenvolvidos, buscando nos aproximar cada vez mais do usuário e dos seus desejos. As oportunidades de novos negócios também trazem a chance e o desafio de construirmos novos times data-driven e que coloquem o consumidor no centro das nossas decisões.Criamos ambientes onde todas as pessoas são incluídas, acolhidas e valorizadas. Nos empenhamos em ser uma Globo cada vez mais diversa, em representatividade e pensamento, aprendendo uns com os outros e estimulando a criatividade e inovação.Responsabilidades e atribuiçõesO Hub Digital faz parte da nossa área de Estratégia e Tecnologia, tendo papel de destaque na nossa transformação em uma empresa media tech e D2C. Aqui cuidamos da gestão de dados e do desenvolvimento dos nossos produtos digitais como Globoplay, Globo.com, família G (G1, Ge, Gshow) e Cartola, visando a melhor experiência de consumo, interação e relacionamento com os nossos usuários.&nbsp;&nbsp;Trabalhamos com uma variedade de tecnologias e linguagens para atingir nossos objetivos, além de estabelecermos uma relação contínua e crescente de compartilhamento de soluções com a comunidade de tecnologia!&nbsp;&nbsp;﻿A inscrição em nosso banco de talentos não garante a contratação, pois ela dependerá da disponibilidade de vagas e avaliação de currículos e requisitos de cada uma das oportunidades.Como será seu dia a dia:&nbsp;&nbsp;Escrever código limpo, de fácil manutenção, utilizando as melhores práticas de desenvolvimento de software;&nbsp;Procurar sempre criar para os produtos&nbsp;Globo&nbsp;a melhor experiência de uso para o usuário final, trabalhando de perto com os especialistas em UX;&nbsp;Atuar como um&nbsp;team-player, comprometendo-se com os objetivos do time e trabalhando em harmonia com todos;&nbsp;Estar sempre crescendo e se desenvolvendo tecnicamente e profissionalmente;&nbsp;Participar de times geograficamente distribuídos.&nbsp;Requisitos e qualificaçõesDo que você precisa:&nbsp;Ter habilidades em algoritmos e estruturas de dados;Conhecimento em engenharia de software, como princípios, boas práticas e padrões de arquitetura;Experiência com desenvolvimento de Aplicações Escaláveis;Vivência com algumas linguagens de programação, como:&nbsp;JavaScript,&nbsp;Node,&nbsp;React, Angular,&nbsp;Vue,&nbsp;Redux,&nbsp;JS Vanilla,&nbsp;etc;Prática com as ferramentas de versionamento (como&nbsp;GIT,&nbsp;SVN,&nbsp;etc.);Experiência em escrever testes;Conhecimento em bancos de dados (MySQL,&nbsp;SQL,&nbsp;MongoDB,&nbsp;Oracle,&nbsp;etc.);Vivência com metodologias ágeis.Conhecimentos que te destacam:&nbsp;&nbsp;&nbsp;Ter noções com&nbsp;alguma linguagem de programação Back End:&nbsp;Python,&nbsp;Golang, Java, Ruby, Elixir, Scala,&nbsp;Clojure, C/C++, C#, etc.;Interesse em&nbsp;programar em todos os níveis do&nbsp;stacktecnológico;Experiência com Cloud, como AWS e Google Cloud Platform.&nbsp;Informações adicionaisPor que vir para Globo:&nbsp;&nbsp;Vem e vamos criar histórias e tecnologias juntos.Na Globo, o encontro de histórias com tecnologia move um time diverso e apaixonado por inovação. A gente tem a chance de aproximar os brasileiros, criando novas formas de se conectar com eles. Aqui, cada um faz a transformação acontecer.Nossos processos seletivos estão acontecendo de forma 100% remota e nós encorajamos inscrições de qualquer lugar do Brasil e do mundo. #vempraglobo&nbsp;&nbsp;&nbsp;&nbsp;Seguindo o compromisso de contribuir para um ambiente seguro para nossas pessoas, informamos que ter o esquema completo vacinação contra a Covid-19 é uma condição obrigatória para o trabalho na Globo, presencial ou a distância, e que o comprovante deverá ser apresentado como pré-requisito para a contratação.&nbsp;&nbsp;Quer saber mais sobre como é trabalhar na Globo? Vem acompanhar nosso dia a dia, desafios e conquistas nas nossas redes:&nbsp;https://www.linkedin.com/company/globo&nbsp;&nbsp;https://www.instagram.com/vempraglobo&nbsp;&nbsp;&nbsp;https://www.youtube.com/c/VemPraGlobo/&nbsp;&nbsp;Os seus dados pessoais serão utilizados para fins de seleção de candidatos para preenchimento das vagas abertas na Globo. Os dados pessoais coletados durante o processo seletivo dos candidatos que não forem admitidos neste momento poderão ser mantidos nos bancos de dados para consideração em futuros processos seletivos. Todos os dados coletados serão tratados segundo rígidos padrões de segurança da informação e em total respeito às leis de privacidade aplicáveis, incluindo a Lei 13.709/18, e nos termos de nossa política de privacidade, disponível no link:&nbsp;https://vempraglobo.g.globo/files/politica_de_privacidade.pdf&nbsp;Ao prosseguir você está ciente e de acordo para realização de sua candidatura nestes termos.&nbsp;",Globo,banco de talentos,Rio de Janeiro,remoto
"Pessoa Desenvolvedora Full Stack (G1, Globo.com, Gshow, Globoplay, GE, Cartola)","A Globo&nbsp;é feita de gente que quer fazer diferente, fazer junto, fazer o futuro. Gente espalhada por todo o país (e mundo!) trabalhando com conteúdo, notícias, negócios, tecnologia e brasilidade de sobra. Canais na TV aberta e por assinatura, produtos digitais como globoplay, Cartola, g1, ge, gshow e outros serviços estão reunidos no mesmo lugar, na mesma globo. Novos modelos de negócios digitais estão sendo pensados e desenvolvidos, buscando nos aproximar cada vez mais do usuário e dos seus desejos. As oportunidades de novos negócios também trazem a chance e o desafio de construirmos novos times data-driven e que coloquem o consumidor no centro das nossas decisões.Criamos ambientes onde todas as pessoas são incluídas, acolhidas e valorizadas. Nos empenhamos em ser uma Globo cada vez mais diversa, em representatividade e pensamento, aprendendo uns com os outros e estimulando a criatividade e inovação.O Hub Digital faz parte da nossa área de Estratégia e Tecnologia, tendo papel de destaque na nossa transformação em uma empresa media tech e D2C. Aqui cuidamos da gestão de dados e do desenvolvimento dos nossos produtos digitais como Globoplay, Globo.com, família G (G1, Ge, Gshow) e Cartola, visando a melhor experiência de consumo, interação e relacionamento com os nossos usuários.&nbsp;&nbsp;Trabalhamos com uma variedade de tecnologias e linguagens para atingir nossos objetivos, além de estabelecermos uma relação contínua e crescente de compartilhamento de soluções com a comunidade de tecnologia!&nbsp;&nbsp;﻿A inscrição em nosso banco de talentos não garante a contratação, pois ela dependerá da disponibilidade de vagas e avaliação de currículos e requisitos de cada uma das oportunidades.Responsabilidades e atribuiçõesComo será seu dia a dia:&nbsp;&nbsp;Escrever código limpo, de fácil manutenção, utilizando as melhores práticas de desenvolvimento de software;&nbsp;Procurar sempre criar para os produtos&nbsp;Globo a melhor experiência de uso para o usuário final, trabalhando de perto com os especialistas em UX;&nbsp;Atuar como um&nbsp;team-player, comprometendo-se com os objetivos do time e trabalhando em harmonia com todos;&nbsp;Estar sempre crescendo e se desenvolvendo tecnicamente e profissionalmente;&nbsp;Participar de times geograficamente distribuídos.&nbsp;Requisitos e qualificaçõesDo que você precisa:&nbsp;Ter habilidades em algoritmos e estruturas de dados;Conhecimento em engenharia de software, como princípios, boas práticas e padrões de arquitetura;Experiência com desenvolvimento de Aplicações Escaláveis;Vivência com algumas linguagens de programação, como:&nbsp;JavaScript, React, Angular, Vue, Redux, JS Vanilla, Node,&nbsp;Python,&nbsp;Golang, Java, Ruby, Elixir, Scala,&nbsp;Clojure, C/C++, C#, etc.;Prática com as ferramentas de versionamento (como GIT,&nbsp;SVN,&nbsp;etc.);Experiência em escrever testes;Conhecimento em bancos de dados MySQL,&nbsp;SQL,&nbsp;MongoDB,&nbsp;Oracle,&nbsp;etc.);Vivência com metodologias ágeis.﻿Conhecimentos que te destacam:&nbsp;&nbsp;&nbsp;Experiência com Cloud, como AWS e Google Cloud Platform.&nbsp;Informações adicionaisPor que vir para Globo:&nbsp;&nbsp;Vem e vamos criar histórias e tecnologias juntos.Na Globo, o encontro de histórias com tecnologia move um time diverso e apaixonado por inovação. A gente tem a chance de aproximar os brasileiros, criando novas formas de se conectar com eles. Aqui, cada um faz a transformação acontecer.Nossos processos seletivos estão acontecendo de forma 100% remota e nós encorajamos inscrições de qualquer lugar do Brasil e do mundo. #vempraglobo&nbsp;&nbsp;&nbsp;&nbsp;Seguindo o compromisso de contribuir para um ambiente seguro para nossas pessoas, informamos que ter o esquema completo vacinação contra a Covid-19 é uma condição obrigatória para o trabalho na Globo, presencial ou a distância, e que o comprovante deverá ser apresentado como pré-requisito para a contratação.&nbsp;&nbsp;Quer saber mais sobre como é trabalhar na Globo? Vem acompanhar nosso dia a dia, desafios e conquistas nas nossas redes:&nbsp;https://www.linkedin.com/company/globo&nbsp;&nbsp;https://www.instagram.com/vempraglobo&nbsp;&nbsp;&nbsp;https://www.youtube.com/c/VemPraGlobo/&nbsp;&nbsp;Os seus dados pessoais serão utilizados para fins de seleção de candidatos para preenchimento das vagas abertas na Globo. Os dados pessoais coletados durante o processo seletivo dos candidatos que não forem admitidos neste momento poderão ser mantidos nos bancos de dados para consideração em futuros processos seletivos. Todos os dados coletados serão tratados segundo rígidos padrões de segurança da informação e em total respeito às leis de privacidade aplicáveis, incluindo a Lei 13.709/18, e nos termos de nossa política de privacidade, disponível no link:&nbsp;https://vempraglobo.g.globo/files/politica_de_privacidade.pdf&nbsp;Ao prosseguir você está ciente e de acordo para realização de sua candidatura nestes termos.&nbsp;",Globo,banco de talentos,Rio de Janeiro,remoto
Desenvolvedor(a) .NET Full Stack,"Vaga para nosso BANCO DE TALENTOSBuscamos um profissional que tenha comprometimento e resiliência, boa comunicação verbal e escrita, eficiência com foco no cliente e capacidade analítica e disposição para os desafios. Se você tem isso, quais veja as competências técnicas e se candidate!Somos inquietos, somos desbravadores e estamos em constante transformação.Por isso, estamos na busca constante de crescimentos do nosso time com profissionais inovadores, que desafiam os limites e estejam preparados para embarcar em uma cultura totalmente nômade.SOMOS NÔMADES, NOSSAS VAGAS SÃO PARA QUALQUER LUGAR!Seja qual for o seu gênero, orientação sexual, idade, raça, etnia, crença ou deficiência, todos são bem-vindos no nosso time.Responsabilidades e atribuiçõesAnálise e Desenvolvimento de Aplicações WEB em .NET / .NET Core;Atendimento Baseline de Suporte a Aplicações;Modelagem de Banco de Dados;Realização de Testes Unitários;Implantação de Releases em Testes, QA e PRD;Especificação Técnica.Requisitos e qualificaçõesEssencialExperiência em Análise e Desenvolvimento .NET para Web;HTML e Javascript;Modelagem de Dados em MS SQL Server;Inglês ou Espanhol Fluente.DesejávelSharepoint Onpremisses e Online;Práticas de Segurança;Web Services (SOAP e Rest);Integração com Plataformas Cloud como Amazon AWS e Microsoft Azure DevOps.DiferencialExperiência com Angular e Integrações com Microserviços.E claro, muita vontade para desbravar.Informações adicionaisOs desbravadores tem:Horário flexível, aqui você é responsável por se organizar;Cultura ágil, aqui todos os desbravadores utilizam metodologias ágeis no dia a dia;No dress code, seja 100% você;Vale transporte;Vale refeição ou alimentação FLEX;Gympass;Plano odontológico Bradesco;Plano de saúde Amil;Seguro de vida Metlife;Bem estar psicológico gratuito;Brivia Academy, treinamentos para aperfeiçoamento;Bônus salarial;Associação e descontos na&nbsp;ANAMID;E o melhor de todos: trabalhe de onde você quiser, somos nômades e estamos 100% em home office!",Brivia,banco de talentos,São Paulo,remoto
Desenvolvedor Cloud - Frontend,"Quer trabalhar em um dos maiores institutos de ciência e tecnologia do Brasil?Nós valorizamos o conceito de aprendizado contínuo (o candidato ideal não é aquele que sabe tudo mas sim aquele que tem a habilidade de aprender rapidamente o que não&nbsp;sabe, de praticar e de compartilhar com outros o que aprendeu).Você é questionador, atuante e pró-ativo, conhece diferentes tecnologias e tem interesse em descobrir novas abordagens? Identifica pontos de melhoria e automação de processos já existentes?Se você gosta de trabalhar de forma colaborativa e integrada com os demais membros da equipe, então venha conhecer o&nbsp;SiDi,&nbsp;e saiba mais sobre esta oportunidade.Responsabilidades e atribuiçõesDesenvolvimento de aplicações webManutenção de sistemas para correção de falhas/errosImplementação de melhoriasAtuar como parte da equipe ágilArquitetar, projetar, desenvolver, implantar e operar aplicações na cultura DevOpsDesenvolver as funcionalidades de contato com o usuárioOtimizar a aplicação para melhor velocidade e escalabilidadeGarantir a validação dos dados fornecidos pelos usuáriosCriar código e bibliotecas reutilizáveis para uso futuroColaborar com outros membros da equipe para resolver os desafios existentesRequisitos e qualificaçõesExperiência em desenvolvimento Frontend com algum framework (Angular, Angular.js, React.js ou Vue.js)Preocupação com fidelidade das telas em relação aos protótiposBoa modularização e reuso de códigoExperiência de HTML5, CSS3, Javascript, ES6Experiência com desenvolvimento de sites responsivosConhecimento em:Gerenciamento de estado de SPA'sAPIs RESTTestes unitários, performance e integradosBancos de dados relacionais e não relacionaisArquitetura e configuração de aplicações em CloudCultura DEVOPS (Jenkins, Pipeline scripts)Formação Acadêmica:Graduação completa em Engenharia da Computação, Ciência da Computação, Engenharia Elétrica e/ou áreas correlatas.Idiomas:Inglês avançadoInformações adicionaisO que esperamos de todos os #SiDiers:Abrir a mente para o novoManter diálogo aberto e diretoDesenvolver-se continuamenteFazer o melhor, sempreConstruir em parceriaPensar grande, fazer rápido&nbsp;O que oferecemos?&nbsp;•&nbsp;Qualidade de vida:&nbsp;Jornada de 40 horas semanais com regime CLT, horário flexível e banco de horas trimestral•&nbsp;Bem-Estar:&nbsp;Gympass, Ginástica Laboral, Massagista e Apoio Psicológico•&nbsp;Saúde:&nbsp;Convênio Médico e Odontológico para você e sua família•&nbsp;Filhos:&nbsp;Auxílio creche até 4 anos, licença-maternidade de 120 dias e licença-paternidade estendida• Educação:&nbsp;Programa de incentivo para a continuidade dos estudos e especialização, incentivo para que nossos SiDiers se tornem fluentes em outras línguas e ciclos de palestras semanais sobre&nbsp;trend topics&nbsp;mundiais•&nbsp;Alimentação:&nbsp;Vale Refeição e Vale Alimentação flexíveis;•&nbsp;Reconhecimento:&nbsp;Bônus anual por desempenho e premiações para SiDiers que fizeram algo incrível•&nbsp;Diversidade:&nbsp;Comitês sobre Bem-estar, Diversidade, Saúde Mental, Social, Sustentabilidade e Inclusão das mulheres na tecnologia•&nbsp;Escritórios Modernos:&nbsp;Ambientes descontraídos e colaborativos com espaços de convivência, minimercado, copas, refeitório*, cestas de frutas*, bebidas à base de café*, etc• Ainda quer mais?&nbsp;Dezenas de parcerias com benefícios e descontos!&nbsp;&nbsp;Para nós, inclusão não é apenas somar mais um ao nosso time, é somar diferenças e particularidades. É justamente dessa mistura de técnicas, habilidades e histórias que nos inspiramos para fazer diferentes pontos de vista olharem para um mesmo horizonte, sempre para frente.Trabalhamos em um ambiente de oportunidades iguais, independente de gênero, orientação sexual, religião ou deficiência.&nbsp;Todas as nossas vagas estão disponíveis para PCDs.",SiDi,banco de talentos,São Paulo,presencial
Desenvolvedor Cloud - Backend,"Quer trabalhar em um dos maiores institutos de ciência e tecnologia do Brasil?Nós valorizamos o conceito de aprendizado contínuo (o candidato ideal não é aquele que sabe tudo mas sim aquele que tem a habilidade de aprender rapidamente o que não&nbsp;sabe, de praticar e de compartilhar com outros o que aprendeu).Você é questionador, atuante e pró-ativo, conhece diferentes tecnologias e tem interesse em descobrir novas abordagens? Identifica pontos de melhoria e automação de processos já existentes?Se você gosta de trabalhar de forma colaborativa e integrada com os demais membros da equipe, então venha conhecer o&nbsp;SiDi,&nbsp;e saiba mais sobre esta oportunidade.Responsabilidades e atribuiçõesParticipar em todas os fases do ciclo de desenvolvimento de software (concepção, projeto, implementação, testes automatizados, documentação e manutenção).Foco principal do trabalho será o desenvolvimento de software para ambientes de Cloud Services em plataforma de software de segurança.Participar ativamente da arquitetura de novos sistemas e, também, propor melhorias em arquiteturas de sistemas legados.Interagir tecnicamente com equipes internas e externas.Participar na elaboração de documentação e relatórios técnicos sobre os resultados do projeto, também com o objetivo de melhorar a qualidade e os processos de desenvolvimento.Trabalhar sempre de forma colaborativa, desde a análise de requisitos, execução, até a conclusão final dos projetos.Requisitos e qualificaçõesExperiência com desenvolvimento e arquitetura de software backend para serviços na nuvem.Experiência com as tecnologias: Java, Spring e Springboot, SQL e noSQL DB, serviços de mensageria assíncrona.Experiência com alguma plataforma de serviços Cloud (AWS, Google Cloud, Azure).Sólido conhecimento sobre os fundamentos de engenharia de software, estrutura de dados e algoritmos.Conhecimento prévio em desenvolvimento de software de alta escalabilidade/disponibilidade.Excelentes habilidades de comunicação e resolução de problemas.DIFERENCIAL:Conhecimento das boas práticas de engenharia de software, incluindo padrões de codificação, revisão de código, controle e versão de software, integração contínua CI/CD, testes (unitários/integrados) e deployment.Experiência em comunicação com usuários, outros times técnicos e gerentes sênior para coletar requisitos, descrever funcionalidades de produtos e projetos técnicos.Experiência com Kubernetes, ELK, Load balancing (NGINX, HA Proxy), APM.Formação Acadêmica• Bacharel/mestrado em ciência da computação ou áreas correlatasIdioma• Inglês avançadoInformações adicionaisO que esperamos de todos os #SiDiers:Abrir a mente para o novoManter diálogo aberto e diretoDesenvolver-se continuamenteFazer o melhor, sempreConstruir em parceriaPensar grande, fazer rápido&nbsp;O que oferecemos?&nbsp;•&nbsp;Qualidade de vida:&nbsp;Jornada de 40 horas semanais com regime CLT, horário flexível e banco de horas trimestral•&nbsp;Bem-Estar:&nbsp;Gympass, Ginástica Laboral, Massagista e Apoio Psicológico•&nbsp;Saúde:&nbsp;Convênio Médico e Odontológico para você e sua família•&nbsp;Filhos:&nbsp;Auxílio creche até 4 anos, licença-maternidade de 120 dias e licença-paternidade estendida• Educação:&nbsp;Programa de incentivo para a continuidade dos estudos e especialização, incentivo para que nossos SiDiers se tornem fluentes em outras línguas e ciclos de palestras semanais sobre&nbsp;trend topics&nbsp;mundiais•&nbsp;Alimentação:&nbsp;Vale Refeição e Vale Alimentação flexíveis;•&nbsp;Reconhecimento:&nbsp;Bônus anual por desempenho e premiações para SiDiers que fizeram algo incrível•&nbsp;Diversidade:&nbsp;Comitês sobre Bem-estar, Diversidade, Saúde Mental, Social, Sustentabilidade e Inclusão das mulheres na tecnologia•&nbsp;Escritórios Modernos:&nbsp;Ambientes descontraídos e colaborativos com espaços de convivência, minimercado, copas, refeitório*, cestas de frutas*, bebidas à base de café*, etc• Ainda quer mais?&nbsp;Dezenas de parcerias com benefícios e descontos!&nbsp;&nbsp;Para nós, inclusão não é apenas somar mais um ao nosso time, é somar diferenças e particularidades. É justamente dessa mistura de técnicas, habilidades e histórias que nos inspiramos para fazer diferentes pontos de vista olharem para um mesmo horizonte, sempre para frente.Trabalhamos em um ambiente de oportunidades iguais, independente de gênero, orientação sexual, religião ou deficiência.&nbsp;Todas as nossas vagas estão disponíveis para PCDs.",SiDi,banco de talentos,São Paulo,presencial
DevOps/SRE,"Vamos buscar o extraordinário juntos? 🚀Nossos princípiosFalamos de pessoa para pessoaBuscamos o extraordinárioDamos vida à inovaçãoNos fortalecemos com a transparênciaResponsabilidades e atribuiçõesO seu papel será:Administrar e otimizar clusters Kubernetes e infraestrutura em nuvem (AWS/GCP).Criar e aprimorar monitoramento e alertas para prevenção de falhas.Automatizar deploys e gerenciamento de infraestrutura para garantir eficiência e escalabilidade.Desenvolver e evoluir pipelines CI/CD para entregas contínuas e seguras.Fortalecer a segurança e resiliência dos sistemas.Colaborar com o time de engenharia para manter alta disponibilidade das aplicações.Requisitos e qualificaçõesO que esperamos que você tenha:Experiência sólida com Docker e Kubernetes, incluindo troubleshooting e escalabilidade.Conhecimento prático em Infraestrutura como Código (IaC) com Terraform e/ou Ansible.Experiência com Cloud Computing (AWS/GCP): VPC, IAM, Load Balancers, S3, RDS e automação.Segurança e Redes: Configuração e gestão de Firewall/WAF, controle de acesso e mitigação de ameaças.Automação e Scripting: Habilidade intermediária a avançada em Python para automação.Linux Intermediário: Administração de servidores, troubleshooting de rede e segurança.Você irá se destacar se tiver:&nbsp;Experiência com CI/CD para automação de pipelines.Monitoramento e observabilidade com Prometheus, Grafana ou similares.Administração e otimização de bancos de dados (SQL e NoSQL).Conhecimento em Keycloak para autenticação.Administração de soluções JAVA como Apache NIFI.&nbsp;Informações adicionaisAqui na Franq você vai:Atuar com um time de profissionais experientes e renomados do mercado financeiro;Desenvolver, evoluir e aprender habilidades com as melhores práticas e novas tecnologias;Participar de um projeto inovador que impacta vidas financeiras de clientes além de criar novas formas de fazer negócio.&nbsp;&nbsp;&nbsp;Vamos oferecer:Contrato CLT;Cartão de benefícios flexíveis Caju de R$ 933,48;&nbsp;Assistência médica e odontológica, sem coparticipação, totalmente subsidiada pela empresa (Plano Bradesco);Seguro de vida;Parceria com Wellhub (Gympass);Parceria com Psicologia Viva e Conexa Saúde;Day off no mês de aniversário;Mesa de frutas para os Franqers em modelo presencial.Diversidade e Inclusão na Franq!Aqui na Franq você tem espaço para ser franco com você, ser quem você é!Nós te valorizamos, independente de raça, cor, religião, identidade de gênero, nacionalidade, deficiência, orientação sexual, descendência ou idade.Todas as nossas vagas são aptas para receber candidaturas de pessoas com deficiências, caso você se enquadre. Você pode especificar na sua candidatura e informar o código do CID correspondente.VENHA BUSCAR O EXTRAORDINÁRIO CONOSCO🚀Venha ser Franqer!#GoFranq",Franq,CLT,Santa Catarina,híbrido
Coordenação de DevOps,"Quer fazer parte de um time alta performance?&nbsp;A Neogrid é um ecossistema de tecnologia e inteligência de dados que ajuda a empresas a venderem mais, com mais margem 🚀Estamos em busca de pessoas com foco em performance, operando por métricas de negócios reais e acionáveis, e que nos ajude a garantir o desenvolvimento ágil de produtos e tecnologias 👩‍💻Na Neogrid, temos o desafio de entregar os melhores resultados com dedicação e excelência, nos desafiando cada vez mais todos os dias!Aqui, você terá a oportunidade de entregar o seu valor, ajudando os maiores players do mercado nacional no desafio de vender mais, com mais margem!Se você se identificou, temos o desafio certo para você!Responsabilidades e atribuiçõesNesta oportunidade, você irá:Supervisionar e liderar uma equipe de DevOps, fornecendo orientação técnica, treinamento e desenvolvimento contínuo;Desenvolver e implementar estratégias eficazes de DevOps para melhorar a colaboração entre as equipes de desenvolvimento e operações, visando a entrega contínua e a automação de processos;Colaborar na arquitetura e implementação de soluções de infraestrutura escaláveis, seguras e eficientes, utilizando práticas modernas de DevOps;Desenvolver e manter pipelines de CI/CD para garantir implantações contínuas e seguras, facilitando a entrega rápida e confiável de software;Implementar ferramentas e práticas para monitorar a performance do sistema, identificar gargalos e implementar melhorias;Integrar práticas de segurança desde o início do ciclo de desenvolvimento, garantindo a conformidade com as políticas de segurança da informação;Facilitar a colaboração efetiva entre as equipes de desenvolvimento, operações e segurança, promovendo um ambiente de trabalho integrado;Desenvolver e implementar políticas de gestão de mudanças para garantir alterações suaves e minimizar impactos nos serviços;Identificar e resolver problemas operacionais complexos, implementando soluções de longo prazo e prevenindo recorrências.&nbsp;Requisitos e qualificaçõesPara isso, esperamos que você tenha:Experiência em funções de liderança técnica relacionadas a DevOps;Profundo entendimento de práticas e ferramentas DevOps, incluindo automação, orquestração, CI/CD, infraestrutura como código, containerização (Docker, Kubernetes) e monitoramento;Fortes habilidades de liderança de motivar e gerenciar equipes técnicas.&nbsp;Familiaridade com práticas de segurança em ambientes DevOps (DevSecOps), incluindo controle de acesso, criptografia e conformidade;Excelentes habilidades de comunicação verbal e escrita, com a capacidade de explicar conceitos técnicos de forma clara para diferentes públicos;Experiência em gestão de projetos e ambientes ágeis;Certificações relevantes em DevOps, como AWS Certified DevOps Engineer, Microsoft Certified: Azure DevOps Engineer, ou equivalente, são desejáveis;Superior completo em Ciência da Computação, Engenharia de Sistemas ou área relacionada.Será um&nbsp;plus&nbsp;se você tiver:Conhecimento da Cloud da Huawei.Informações adicionaisPor que fazer parte do nosso time? 💚❤️💜💙Acreditamos no poder da diversidade, que amplia, inclui e faz crescer. Crescer a liberdade, a inovação e as oportunidades. &nbsp;e pensando nas nossas pessoas: &nbsp;🌍 Nossas oportunidades são Remotas ou Híbridas! O nosso modelo de trabalho varia conforme a função.⏰ Aqui temos Flexibilidade em nosso Horário de Trabalho!&nbsp;🏥 Cuidamos da sua saúde! Com nosso Plano de Saúde, Plano Odontológico, Auxílio Medicamento e Seguro de Vida (todos extensíveis a dependentes legais).🚍 Disponibilizamos Vale Transporte ou Auxílio Estacionamento para você que mora nas cidades em que nosso ecossistema está presente!🍔 Quer fazer um lanchinho ou as compras do mês? Com nosso Vale Alimentação/Refeição flexível, em cartão Flash, é você quem manda.💰 Está buscando aquele descontão? Aqui temos Clube de Vantagens!🏋️ E o shape, como fica? Deixa com o Gympass.🏖️ Bora tirar aquela folga? No mês do seu aniversário, você terá o dia da sua escolha para descansar como quiser.👨‍🎓 Temos a UNICO SKILL, solução educacional de capacitações externas para o desenvolvimento contínuo de Neogriders que podem escolher o que estudar, com opções de Graduação, MBA/Pós, Idiomas e Cursos Livres!🏫 Cuidamos de você e da sua família! Fornecemos Auxílio Creche e Licença Parental Estendida de 6 meses para mamães e de 30 dias para papais.📓 Quer se manter atualizado sobre o negócio e os produtos da empresa e ganhar brindes por isso? Temos a YOU, nossa Universidade Corporativa.📈 Queremos que você se desenvolva! Por isso, temos PDI (Plano de Desenvolvimento Individual), para você desenhar seus próximos passos com a gente, e Avaliações de Desempenho, para que você tenha clareza sobre o que esperamos de você.🧸 O NeoBaby é o nosso programa parental para recém mamães e papais!💵 Temos Programa de Indicação! Nos ajude a encontrar mais pessoas para ajudar a Neogrid a continuar crescendo e ganhe uma grana por isso.&nbsp;Se o seu propósito conversa com o nosso, vem crescer com a gente!",Neogrid Carreiras,CLT,Santa Catarina,híbrido
"BANCO DE TALENTOS - ENGENHARIA DE SOFTWARE ( SPEC, SR, PL E JR)","Na Inmetrics, a inovação e a excelência operam lado a lado em um ambiente de trabalho colaborativo, saudável e dinâmico. Nossa cultura valoriza o aprendizado constante, a transparência na comunicação e a flexibilidade, criando um espaço onde cada profissional pode se desenvolver e alcançar o seu máximo potencial.​Nosso time é apaixonado por tecnologia e comprometido com entregas de valor real para os nossos clientes. Nosso diferencial é a eficiência digital. ​Pessoas são o nosso maior ativo, por isso, investimos em oportunidades que vão além de um salário competitivo, proporcionamos benefícios diferenciados em relação ao mercado e um ambiente de trabalho saudável e reconhecido por nossos colaboradores.​#VemparainmetricsResponsabilidades e atribuiçõesSe você é apaixonado(a) por desenvolvimento de software e quer atuar em projetos de impacto, esse é o seu espaço!Nosso Banco de Talentos conecta profissionais de todas as senioridades — Júnior, Pleno, Sênior e Especialistas — às nossas oportunidades em Front-end, Back-end e Fullstack.📍 Vagas em modelo presencial, híbrido e remoto.🎯 O TIME INMETRICSAqui, engenharia de software é o coração da inovação.Nosso time atua com maestria técnica e excelência operacional, desenvolvendo soluções escaláveis, seguras e de alta performance.Somos multidisciplinares, vivemos metodologias ágeis e estamos sempre evoluindo para criar o futuro digital.Requisitos e qualificações🔧 TECNOLOGIAS E CONHECIMENTOS QUE VALORIZAMOS💡 Temos oportunidades em diversas frentes e ferramentas, incluindo:🔹 Back-end.NET Core / C#: APIs RESTful, Entity Framework Core, LINQ, Middleware, Injeção de Dependência, DDD, Arquitetura em camadasJava com Spring Boot: Microsserviços, Spring Data/JPA/Hibernate, Beans, Autowiring, ConfigurationsNode.js: Express, Nest.js, integrações e APIs escaláveis🔹 Front-endReact, Angular, Vue.jsIntegração com APIs RESTfulBoas práticas de UX/UI🔹 Cloud &amp; DevOpsAWS (EC2, S3, RDS, Lambda, SQS, SNS)Noções de Infraestrutura como Código (IaC)Containers (Docker, Kubernetes)CI/CD (GitHub Actions, GitLab CI, Azure DevOps, Jenkins)🔹 Testes AutomatizadosxUnit/NUnit (C#), JUnit (Java)Moq, Mockito (mocking)Testes de integração e cobertura de código🔹 Engenharia de SoftwarePrincípios SOLIDClean CodeVersionamento com Git (Git Flow)Arquitetura distribuídaIntegração de sistemas🔹 Bancos de DadosRelacionais (PostgreSQL, MySQL, SQL Server)Não relacionais (MongoDB, DynamoDB)Informações adicionais🌟 PERFIL QUE BUSCAMOSProatividade e senso de donoComunicação clara e colaboração em times multidisciplinaresCuriosidade técnica e abertura para aprendizado contínuoAutonomia com responsabilidade e atenção à qualidade de códigoVivência em times ágeis (Scrum/Kanban)🌟 POR QUE FAZER PARTE?Atuar em projetos desafiadores de grande impacto.Crescimento contínuo e troca de conhecimento.Ambientes que valorizam inovação e excelência técnica.👉 Inscreva-se em nosso Banco de Talentos e seja chamado(a) quando uma vaga estiver alinhada ao seu perfil.Venha construir o futuro da tecnologia conosco! 💻✨",Vagas Inmetrics,banco de talentos,São Paulo,híbrido
Assistente Administrativo de Engenharia Assistencial,"A Unimed Campinas acredita no poder da diversidade para juntos conectarmos experiências, promovendo a troca e fazermos a diferença no propósito de cuidar das pessoas! Por isso, não fazemos distinção para candidatos com deficiência, gênero, orientação sexual, raça/etnia, idade, etc. Todos são bem vindos!!Quer fazer parte? Então confira a oportunidade abaixo!O que buscamos:Assistente Administrativo para atuar no setor de Manutenção do Hospital da Unimed Campinas, prestando suporte em rotinas administrativas, com foco na elaboração de POPs, relatórios, planilhas de controle e diversos registros operacionais.Responsabilidades e atribuiçõesResponsável por programar as atividades diárias da equipe de Engenharia, realizar atendimento telefônico, solicitar materiais e serviços no sistema, organizar documentos e arquivos, lançar dados em sistemas de controle, acompanhar requisições e auxiliar na gestão de indicadores mensais. Também atua no contato com a equipe operacional, apoio em reuniões e elaboração de relatórios, textos administrativos e registros diversos.Requisitos e qualificaçõesDesejável ensino superior cursando (Administração, Engenharia ou áreas correlatas);Proficiência no Pacote Office (especialmente Excel);Boa comunicação e organização;Disponibilidade para atuar presencialmente em Campinas/SP.Informações adicionaisBenefícios: Convenio médicoConvenio OdontológicoRefeição no localVale AlimentaçãoAuxilio AcademiaReembolso de EstacionamentoVT",Unimed Campinas,CLT,São Paulo,presencial
Coordenador de Curso Técnico em Engenharia Eletromecânica | Pinhais [Banco de Talentos 2025] ,"[Vaga para Banco de Talentos]🌟&nbsp;Seja parte de uma nova era na educação pública!&nbsp;🌟Na Tom Educação, acreditamos que a chave para transformar o futuro está em uma educação pública de qualidade.&nbsp;Nossa missão é desenvolver uma comunidade visceralmente comprometida para que todos os estudantes possam construir e alcançar seus sonhos.Como professor, você será parte essencial dessa missão, atuando diretamente com alunos do ensino básico para desenvolver habilidades de vida. Se você é apaixonado por ensinar e quer impactar vidas, essa vaga é para você!🚀&nbsp;Venha fazer parte do Tom Educação e ajude a transformar vidas e o futuro da educação pública!Responsabilidades e atribuiçõesResponsabilidades do Coordenador de Curso Técnico em Engenharia EletromecânicaGerenciar, supervisionar e planejar o curso, garantindo a qualidade da formação.Acompanhar e orientar o corpo docente e discente, promovendo reuniões, atividades extracurriculares e ações de empregabilidade.Articular parcerias com o setor produtivo, viabilizando estágios, visitas técnicas e programas de inserção no mercado de trabalho.Monitorar indicadores de desempenho e participar ativamente da melhoria dos processos pedagógicos e administrativos.Manter comunicação eficiente com estudantes, equipe pedagógica e comunidade escolar.Experiências DesejadasVivência anterior em coordenação ou gestão educacional.Conhecimento técnico em Engenharia Eletromecânica ou áreas correlatas.Habilidade para articulação com empresas e acompanhamento de estágios.Experiência com planejamento pedagógico e acompanhamento de resultados.Requisitos e qualificaçõesEletromecânica / Engenharia em Manutenção Eletromecânica / Engenharia de Produção Eletromecânica / Engenharia Mecânica / Engenharia Mecatrônica / Engenharia Elétrica / Automação Industrial/Manutenção Mecânica Industrial / Mecatrônica Industrial / Engenharia Eletrotécnica / Engenharia de Controle e Automação / Engenheiro Eletricista / Graduação na área com Pós-graduação em Engenharia Elétrica / Graduação com Pós-graduação em Automação Industrial, ou em Engenharia Elétrica com ênfase em Sistema de Automação, ou em Engenharia de Automação e Eletrônica Industrial.Informações adicionaisPerguntas Frequentes do Processo Seletivo1. Quem pode se inscrever no processo seletivo?Qualquer pessoa que atenda aos requisitos mínimos descritos na página da vaga na Gupy pode se inscrever. Verifique a seção ""Requisitos"" da vaga para a qual você está aplicando para garantir a sua compatibilidade com a vaga.2. Como faço para me inscrever?As inscrições são realizadas online. Basta acessar https://tomeducacao.gupy.io/, preencher o formulário e enviar os documentos solicitados. Após a inscrição, você receberá um e-mail de confirmação.3. Quais documentos são necessários para a inscrição?Os documentos exigidos podem variar de acordo com o cargo, mas geralmente giram em torno do currículo atualizado. Caso você receba uma oferta de contratação, outros documentos serão solicitados.4. Há uma taxa de inscrição?Não, a inscrição no processo seletivo é totalmente gratuita.5. Qual é o prazo final para inscrição?As inscrições estão abertas até o dia 30/10/2025. Inscreva-se o quanto antes para garantir a sua participação.6. Como será o processo de seleção?O processo seletivo é composto por várias etapas, incluindo:Análise curricular;Prova Específica;Entrevista Presencial.7. Quando os resultados serão divulgados?Os resultados das diferentes etapas do processo seletivo serão enviados por e-mail. Acompanhe o calendário na página da Gupy para as datas.8. Posso corrigir ou atualizar minha inscrição após enviá-la?Sim, você pode atualizar seus dados antes do prazo final de inscrição, acessando sua conta no site e fazendo as alterações necessárias diretamente no site www.tomeducacao.gupy.io.&nbsp;9. Como posso acompanhar o status da minha inscrição?Você pode acompanhar o status de sua inscrição e do processo seletivo na área ""Minha Inscrição"" no nosso site www.tomeducacao.gupy.io, onde estarão as atualizações sobre cada etapa.10. O que devo fazer se não receber o e-mail de confirmação da inscrição?Verifique sua caixa de spam ou lixo eletrônico. Caso o e-mail não esteja lá, entre em contato com a equipe de suporte pelo e-mail pessoas.cultura@tomeducacao.com.br ou pelo telefone 41 8492-100211. Há vagas para pessoas com deficiência (PCD)?Sim, o processo seletivo conta com vagas destinadas a pessoas com deficiência (PCD).&nbsp;12. Qual é a duração do processo seletivo?O processo seletivo pode variar em duração, mas normalmente leva entre 20 a 60 dias, desde o início das inscrições até a divulgação do resultado final. Confira o andamento em seu e-mail ou no nosso site www.tomeducacao.com.br .13. Onde posso encontrar mais informações sobre os cargos disponíveis?Todas as informações sobre as vagas, incluindo requisitos e responsabilidades, estão detalhadas na página do processo seletivo, disponível no nosso site www.tomeducacao.com.br.14. E se eu tiver mais dúvidas?Caso tenha outras perguntas, você pode entrar em contato com nossa equipe pelo e-mail pessoas.cultura@tomeducacao.com.br ou pelo telefone 41 8492-1002",Tom Educação,banco de talentos,Paraná,presencial
Estagiário | Engenharia Civil (Banco de talentos),"Bem-vindo à CCB Construtora!Atuamos no mercado em todos os escopos da construção civil, desde 1986.Empreendimentos finalizados, traduzem a filosofia da empresa que é satisfazer as expectativas do cliente, atendendo prazos acordados e os requisitos de qualidade e segurança.Nascemos em 1986, de lá pra cá, construímos mais do que obras residenciais, comerciais ou industriais, trilhamos uma história de sucesso.Com qualidade superior, segurança comprovada e mais de 500 obras concluídas no Brasil e exterior, nos tornamos uma das maiores empresas do segmento no Centro-Oeste.Executamos obras de habitação, comerciais, industriais, saneamento básico, infraestrutura urbana, rodoviárias, pontes, viadutos, barragens e PCH’s-Pequenas Centrais Hidrelétricas.Da paixão pela construção civil à valorização máxima do capital humano, entendemos que nossa existência é voltada para o bem daquilo que realmente importa, as pessoas.Pelo 3º ano consecutivo fomos eleitos A MAIOR CONSTRUTORA DO CENTRO OESTE, pela revista O Empreiteiro.Valorizamos pessoas inovadoras, que acompanham as tendências do mercado e se dedicam a crescer conosco a longo prazo. Buscamos profissionais que prezam pela estabilidade, comprometidos com o trabalho em equipe, e que demonstrem dedicação e responsabilidade. Aqui, incentivamos a criatividade e a liberdade para que você possa desenvolver todo o seu potencial, sempre com seriedade, competência, e respeito às leis e normas. Se você se identifica com esses valores e busca um ambiente onde a honestidade e a resiliência são fundamentais, queremos você em nosso time.Responsabilidades e atribuiçõesApoiar a equipe de engenharia no acompanhamento e fiscalização de obras habitacionais, auxiliando nas rotinas técnicas, administrativas e operacionais do canteiro, com foco na execução conforme os projetos, normas técnicas e prazos estabelecidos.Descrição de atividades:Auxiliar acompanhamento da execução da obra, conforme os projetos e orientações dos responsáveis técnicos.Apoio na leitura e interpretação de projetos com orientação da equipe de engenharia.Participação no processo de medição de serviços e controle físico da obra, aprendendo a registrar e organizar essas informações.Auxílio na manutenção de arquivos como diários de obra, checklists, relatórios fotográficos e documentos de controle.Apoio na conferência de cronogramas e no entendimento de como as atividades são planejadas e distribuídas ao longo do tempo.Requisitos e qualificaçõesCursando engenharia civil, técnico em edificações, técnico em construção civil ou afins.Conhecimento básico em pacote officeBoa comunicação, organização e interesse em aprender rotinas de obra.Informações adicionaisVale transporte",CCB Construtora,banco de talentos,Goiás,presencial
Banco de Talentos | Auxiliar de Engenharia - Rio Grande do Sul,"Falar da MRV&amp;CO (MRV, Urba, Luggo, Sensia e Resia) é dizer muito mais do que os títulos que recebemos durante nossa história de 45 anos. Ser uma das maiores&nbsp;construtoras da América Latina nos orgulha muito. Mas não só isso! Queremos mais e ir além! Somos uma Companhia inovadora e incansável na busca de soluções de moradia. Nos desafiamos e acreditamos na nossa força. E é importante que se evidencie: a força da MRV&amp;CO está em nossa gente. Uma Gente com G maiúsculo, engajada, protagonista, transformadora. Em poucas palavras: um time Sangue Verde!&nbsp;Acreditamos na transparência das relações, na valorização das conquistas e não abrimos mão dos valores que nos trouxeram até aqui. Temos certeza de que dia após dia construímos o futuro que queremos e esse futuro se apresenta em nosso propósito: construir sonhos que transformam o mundo.&nbsp;&nbsp;Vem #SERSangueVerde com a gente!💚🧡🚀Responsabilidades e atribuiçõesAcompanhar as atividades de produção;Registrar os dados relativos aos serviços executados nas obras;Controlar e apurar horas trabalhadas, licenças e faltas;Fiscalizar e organizar documentação dos empreiteiros;Levantar informações para atender a fiscalização nas obras;Analisar métodos e práticas de gerenciamento de custos;Analisar a definição das frentes de trabalho e alocação da equipe;Analisar o fluxo de caixa - construção.Requisitos e qualificaçõesGraduação em Engenharia Civil | Arquitetura em curso;Conhecimento Pacote Office;Vivência anterior em obras civis será um diferencial.Informações adicionais• Salário compatível com o mercado;&nbsp;•&nbsp;Alimentação:&nbsp;Benefício Alimentação e Refeição Alelo;•&nbsp;Saúde e bem-estar:&nbsp;Plano de saúde e Plano odontológico;&nbsp;•&nbsp;Mobilidade:&nbsp;Vale-transporte;&nbsp;• Incentivo à atividade física:&nbsp;TotalPass;&nbsp;• Desconto com empresas parceiras:&nbsp;Allya;&nbsp;•&nbsp;Modalidade:&nbsp;100% Presencial;&nbsp;•&nbsp;Benefícios:&nbsp;Conforme convenção coletiva de trabalho;&nbsp;•&nbsp;Benefícios SER Sangue Verde:&nbsp;Além de nos intitularmos Sangue Verde, temos um pacote de benefícios só para a gente;&nbsp;• E muito mais!&nbsp;Conheça algumas iniciativas em Benefícios SER Sangue Verde:&nbsp;https://vagas-mrveco.gupy.io/&nbsp;",Venha construir o futuro com a gente!,banco de talentos,Rio Grande do Sul,presencial
Engenheiro de Software SR Fullstack Java/Angular | Engenharia,"Muito prazer, Somos a Evertec + Sinqia! 🧡Diariamente, processamos bilhões de transações através dos nossos produtos, impactando diretamente a vida de muitos brasileiros. Fomos eleitos uma das melhores empresas para se trabalhar com certificado GPTW e estamos entre as 100 maiores Fintechs do mundo.Nossos colaboradores são Makers, criam soluções relevantes, são Smart, transmitem conhecimento com inteligência e de forma Leve, prezando pelo carisma ao agir e se comunicar.Responsabilidades e atribuiçõesA área de Engenharia Fundos na Evertec + Sinqia é responsável por fazer a manutenção e desenvolvimento do software da companhia da área de Fundos, Busca um(a) Engenheiro de Software SR com foco em Java para compor nosso time, na maior empresa de desenvolvimento de softwares e produtos para o mercado financeiro do Brasil, onde acreditamos que a inovação tecnológica inspira a evolução.Esse cargo é responsável por:• Desenvolvimento em Java;• Teste de Unidade;• Teste de Integração;• Interagir com o time e POs.Requisitos e qualificaçõesPara dar #match, essa vaga necessita que atenda alguns requisitos obrigatórios:• Experiência com Java 8;• SQL - bancos de dados da ORACLE e SQL SERVER;• GIT;• Experiência com Angular;• Experiência com manipulação de arquivos XML - e demais formatos de arquivo texto csv, txt;• Atuação com JasperReport / JasperSoft;• Conhecimento em ActiveMQ (Filas) e WebService (REST, SOAP).&nbsp;Caso possua o conhecimento ou atuação abaixo, será um diferencial:• Conhecimento em Metodologia Ágil;• Conhecimento com o mercado financeiro (Fundos de investimento).&nbsp;📌IMPORTANTE: Essa oportunidade é para atuação no escritório da Sinqia São Paulo/SP, modalidade Hibrido. 😉Informações adicionais🏅&nbsp;E ai, se identificou com o que leu até agora? Então, vou te contar o que você encontrará aqui, além de um ambiente dinâmico;• Vale refeição ou alimentação;• Assistência médica;• Assistência Odontológica• Auxílio creche;• Benefícios Flexíveis (Flash);• Vale transporte;• Gympass e TotalPass;• Horários flexíveis;• Seguro de vida;• Clube de parcerias;• Just dress no code (sem código de vestimenta!),• Day off no aniversário.&nbsp;♿️🌈🙋🏾👴🏻Na Sinqia valorizamos a diversidade e entendemos que o que acrescenta é justamente ideias e pontos de vistas variados. Por isso raça, cor, religião, gênero e identidade de gênero, nacionalidade, deficiência, orientação sexual, ascendência ou idade, não serão impeditivos de você fazer parte do nosso time.✔Saiba mais sobre a Sinqia em:&nbsp;www.sinqia.com.br&nbsp;e siga os nossos perfis nas redes sociais.",Evertec Brasil,CLT,São Paulo,híbrido
Faça sua Carreira de Engenharia de Processos no Itaú 🚀🧡,"Vem construir no Itaú_&nbsp;Como maior banco privado da América Latina, acompanhamos de perto o desenvolvimento de novas tecnologias e enxergamos o processo como uma evolução natural do nosso negócio, que&nbsp;torna possível termos um contato ainda mais próximo com a experiência de nossos clientes&nbsp;para continuarmos aprimorando suas jornadas.Como é a área de Operações?Ao longo de nossa história, desempenhamos um papel fundamental na estratégia do Itaú Unibanco. Dentro deste contexto, todos os produtos que oferecemos aos nossos clientes passam a ser produtos tecnológicos, independente da interface que ele escolha – seja ela física, digital ou mista. Vem construir soluções digitais em uma das maiores instituições financeiras da América Latina!Como é a Carreira de Engenharia de Processos?A Engenharia de processos no Itaú exerce um papel fundamental na busca constante da melhor jornada para nossos clientes, vem pra repensar o fundamental (ir na causa raiz das coisas,) buscar a reestruturação radical dos processos que visam alcançar mudanças disruptivas em indicadores críticos de desempenho, tais como qualidade, custos, riscos e agilidade. A pessoa engenheira de processos pode estar alocada em Squads, em comunidades ou nas áreas do banco atuando sempre em projetos de transformação e melhoria contínua (Build e Run).Responsabilidades e atribuiçõesComo será o seu dia a dia?• Garantir a aplicabilidade dos métodos para transformação das Jornadas fim a fim dos clientes.• Priorizar as ações quantificando o impacto através de uma Engenharia de Valor, garantindo assertividade nas escolhas que agregam.• Atuar no mapeamento de processos, resolução de problemas, construção e redesenho de jornadas, com foco no cliente, eficiência, qualidade e gestão de riscos.• Desdobrar as dores dos clientes e conectar com elementos de processo.• Realizar o estudo e a construção dos requisitos para os desenvolvimentos de tecnologia dos problemas assegurando o reuso de soluções.• Desenvolver soluções em No/Low-Code para transformação dos processos.&nbsp;Garante o teste funcional e homologação de requisitos de processos nas soluções desenvolvidas• Estrutura Gestão e Controle dos processos , aplicando ferramentas de qualidade , planejamento de demanda, intervenções operacionais, process mining , gestão da rotina , entre outras.*Modelo de trabalho: híbrido de 8x presenciais no mêsRequisitos e qualificações_Quais são as habilidades e competências necessárias? Principais habilidades técnicas com experiência prática:• LEAN• Qualidade• PCP (Planejamento e Controle de Produção)• Gestão de Projetos/ Métodos Ágeis• Análise e exploração de Dados• Process Mining• Método de Solução de ProblemasFormação em Engenharia de Produção é um diferencial&nbsp;_O que esperamos de você:• Habilidade em criticar de forma construtiva e provocativa;• Habilidade em negociação e construção de parcerias;• Capacidade analítica/ lógica• Habilidade em conectar conhecimento técnico com a estratégia dos projetos.• Organização, disciplina e pró-atividade• Habilidade em trabalhar em equipe de forma colaborativa,• Capacidade de tomada de decisões com base em processos e dados, foco no cliente e resultados;Informações adicionais🧡 A Cultura ItuberPara nós, a transformação começa quando olhamos para trás: reconhecemos tudo o que construímos juntos até aqui e nos orgulhamos, afinal, são quase 100 anos de história!&nbsp;O nosso principal pilar é a&nbsp;ética: pra gente, ética é inegociável. Ou seja, nos comprometemos a fazer sempre o certo, sem jeitinhos, sem atalhos.&nbsp;A partir desse pilar principal, temos os nossos outros direcionadores:&nbsp;• A gente trabalha para o cliente• A gente não sabe tudo• A gente é movido por resultado• A gente quer diversidade e inclusão• A gente #VaiDeTurma!Ao se tornar um Ituber você tem_ • Vale Transporte• Vale Refeição (Restaurantes) / Vale Alimentação (Supermercados)• Convênio médico e odontológico• Seguro de Vida• PLR – Participação nos Lucros e Resultados (Mediante resultados do banco)• Previdência privada• Descontos exclusivos em nossos produtos financeiros• Licença maternidade estendida &amp; paternidade• Auxílio Creche / Babá (para papais e mamães)• Incentivo a estudos• GymPass ou TotalPass• Acesso aos Clubes Itaú (Guarapiranga / Itanhaém e São Sebastião)• + Algumas vantagens que você pode conhecer durante o processo*Estimulamos candidaturas de pessoas com deficiência em todas as nossas posições, sendo assim, sinta-se à vontade para se candidatar em vagas sinalizadas como exclusivas ou não para pessoas com deficiência. Somos comprometidos com a inclusão e valorizamos a diversidade. #VemProItaú #VemSerItuber",Itaú Unibanco,banco de talentos,São Paulo,híbrido
Pessoa Especialista Regulatório - Engenharia,"Ser a Melhor Empresa de Saneamento PARA o Brasil. Nascemos em 2017 com esse compromisso. Desde então, estamos presentes em 39 municípios, com mais de 2,5 mil colaboradores, 6 milhões de clientes e o propósito de atuar da melhor forma para levar saneamento às populações atendidas, ajudando o país a alcançar a universalização dos serviços de água e esgoto. O saneamento básico no Brasil está no momento de transformação e marcado por novos projetos de expansão. Para o nosso time, buscamos pessoas protagonistas e dispostas a inovar, atuando como agentes transformadores em prol do nosso objetivo. Alinhado ao nosso DNA, queremos promover um ambiente de trabalho sustentável, desenvolvedor e seguro.Local de Atuação: Rio de Janeiro, RJ - 100% Presencial. Responsabilidades e atribuiçõesElaboração de apresentações, pareceres, notas técnicas e relatórios de acompanhamento acerca do status geral de cumprimento das obrigações e indicadores contratuais e do equilíbrio econômico-financeiro dos contratos de Concessão e/ou PPP’s do portifólio da companhia;Estabelecer mecanismos de controle objetivos e transparentes, visando antecipar ações necessárias ao compliance contratual e à manutenção da equação econômico-financeira dos contratos;Construção e condução de estudos de reequilíbrio econômico financeiro, interagindo com consultores, agência reguladora e demais áreas da companhia;Acompanhamento de Projetos e Fiscalizações da Agência Reguladora;Acompanhamento e condução de processos regulatórios.Requisitos e qualificaçõesO que buscamos: Ensino superior completo em Engenharias;Experiência em contratos de PPP’s e/ou Concessões;Domínio de Excel e Power Point e/ou outros programas de apresentações, sendo capaz de transmitir conceitos complexos em linguagem simples;Requisitos importantes, mas não essenciais: Experiência no setor de saneamento básico;Conhecimentos em ciência de dados;Vivência em relacionamento institucional junto à agência reguladoras.Na Iguá Saneamento valorizamos a diferença em todos os contextos e trabalhamos para promover uma cultura ética e inclusiva sempre. Como companhia e time, buscamos a equidade e respeitamos todos os tipos de diversidade (Gênero, Deficiência - PcD, LGBTQIAPN+, Étnico racial, Crenças e Gerações). Venha fazer parte dessa mudança, acreditamos na força de cada individualidade para gerar transformação!Informações adicionaisO que oferecemosSalário compatível com o mercado;Seguro de Vida;Plano de Saúde extensivo aos dependentes;Plano odontológico extensivo aos dependentes;Vale alimentação;Rede de benefícios e descontos;Serviço de telemedicina;Empréstimo Consignado;PLR.",Iguá Saneamento,CLT,Rio de Janeiro,presencial
BANCO DE TALENTOS | ENGENHARIAS,"Estamos em busca de profissionais para Banco de Talentos com formação nas diversas áreas da Engenharia.Sobre NósA CBMM é uma empresa fundada em Araxá, Minas Gerais, que tem orgulho de ser, genuinamente, brasileira. Temos um time vencedor, que faz da Companhia uma referência no mercado nacional e internacional.Trabalhamos com foco na excelência e norteados pelo compromisso em fazer da nossa empresa um ambiente de muitas oportunidades, para a evolução da carreira e de seus profissionais.Com sede e controle no país, a CBMM é líder mundial na produção e comercialização de produtos de Nióbio. Nossa equipe de mais de 1.800 dedicados profissionais é altamente treinada e está comprometida em fornecer tecnologias e produtos inovadores para mais de 400 clientes em mais de 40 países ao redor do mundo.&nbsp;﻿Por que fazer parte da CBMM?Acreditamos que os bons resultados acontecem por causa das nossas pessoas. Por isso, manter um time de profissionais que queiram se desenvolver e crescer conosco é essencial!﻿Guiados pelo Nosso Compromisso, a CBMM possui um time engajado, proativo e com espírito de liderança, que trabalha sempre de forma integrada e transparente.Mais do que produtos, fornecemos tecnologia e compartilhamos com o mundo a expertise em transformar materiais em soluções inteligentes. Construir o futuro faz parte da nossa essência.Responsabilidades e atribuiçõesTodas as formações em Engenharias são bem-vindas em nossa estrutura. Listamos abaixo as principais:&nbsp;Química, Mecânica, Metalúrgica, Materiais, Mineral, Elétrica, Produção, Automação, Mecatrônica; Civil; Florestal, Ambiental, entre outras.Requisitos e qualificaçõesComo funciona o&nbsp;Banco de Talentos?Cadastre-se em nosso banco de talentos e entraremos em contato à medida que tivermos vagas no seu perfil!O cadastro poderá ser utilizado para vagas de todas as localidades da CBMM:·&nbsp;&nbsp;&nbsp;&nbsp;&nbsp;&nbsp;&nbsp;&nbsp;Araxá – MG·&nbsp;&nbsp;&nbsp;&nbsp;&nbsp;&nbsp;&nbsp;&nbsp;São Paulo – SP·&nbsp;&nbsp;&nbsp;&nbsp;&nbsp;&nbsp;&nbsp;&nbsp;Europa·&nbsp;&nbsp;&nbsp;&nbsp;&nbsp;&nbsp;&nbsp;&nbsp;América Central·&nbsp;&nbsp;&nbsp;&nbsp;&nbsp;&nbsp;&nbsp;&nbsp;Ásia﻿É muito importante que você mantenha suas informações atualizadas.Informações adicionaisBenefícios:&nbsp;Assistência médica;Assistência odontológica;Auxílio farmácia;Participação nos Lucros e Resultados;Previdência privada;Refeitório;Seguro de vida;Vale-alimentação;Rota de ônibus em Araxá; Estacionamento SP;Auxílio Educação para filhos.Quais são os próximos passos?&nbsp;O seu cadastro ficará em nosso banco de dados e diante de oportunidades compatíveis com seu perfil entraremos em contato. Fique atento em seu e-mail e celular e própria plataforma Gupy, pois faremos o contato através destes meios!&nbsp;Diversidade e InclusãoAs oportunidades em nossa companhia incluem todas as pessoas, independente de sua origem e não fazemos distinção de identidade de gênero, perfil étnico-racial, religiosidade, idade, ser pessoa com deficiência física e/ou intelectual, orientação afetivo-sexual ou posição social.",vemsercbmm,banco de talentos,Minas Gerais,presencial
OPERADOR(A) PEDAGIO - ENGENHEIRO NAVARRO - MG,"O Grupo EcoRodovias é uma das maiores empresas de infraestrutura do país, somos mais de 5.000 colaboradores guiados por valores que nos fazem crescer a cada dia.E para sermos o melhor gestor de infraestrutura rodoviária do Brasil, precisamos dos melhores e mais competentes profissionais, independente da raça, gênero, orientação sexual, idade, religião, etc.Se você gosta de trabalhar e construir em equipe, age como dono, busca resultados positivos e tem capacidade de engajar pessoas&nbsp;#VemSerEco.Responsabilidades e atribuiçõesUtilizar corretamente o Sistema de Arrecadação nas atividades de cobrança e registro de passagem de veículos.Efetuar a arrecadação de tarifas de pedágio, classificar os veículos de acordo com as regras de cobrança, verificando a autenticidade do numerário utilizado, emitindo recibo após a conclusão da operação.Registrar e liberar a passagem de veículos isentos e cargas especiais, anotando dados como: horário da passagem, especificações do veículo, número de eixos e identificação do patrimônio.Cumprir o processo no caso de usuário que não tenha dinheiro, pedindo auxilio do Líder quando necessário.Prestar suporte às cabines, fornecendo bobinas, e demais itens necessários, bem como, zelar pela limpeza e bom estado de conservação dos equipamentos utilizados na praça de pedágio.Utilizar adequadamente as máquinas de contar cédulas e moedas efetuando a contagem do dinheiro arrecadado no turno de trabalho, lançando os valores no sistema de arrecadação.Prestar atendimento nas pistas AVIs aos usuário não tenham sua passagem autorizada, cumprindo o procedimento e realizando liberação do veículo.Requisitos e qualificaçõesEnsino Fundamental completo.Disponibilidade total de horário.Residir em Engenheiro Navarro - MG.Informações adicionais📢 O que oferecemos:🏪 Assistência Médica🦷 Assistência Odontológica🍴 Vale Alimentação ou Vale Refeição, que pode ser compartilhado entre os dois produtos.💙 Seguro de Vida, com coberturas de proteção para colaborador e dependentes.🔒 Previdência privada (com contrapartida da empresa de acordo com nível de cargo).💰 Programa de participação nos resultados (PPR).💻 Auxílio Home office, para quem irá trabalhar de forma híbrida melhorar o seu ambiente de trabalho e torná-lo ainda mais confortável.🚍 Além do vale-transporte, disponibilizamos veículos fretados em algumas regiões, para deslocamento até os escritórios.🚗&nbsp;Estacionamento gratuito (de acordo com a região).📚 Parcerias&nbsp;institucionais, para aprimorar seus conhecimentos e até aprender um novo idioma.🧘 Programas e iniciativas de qualidade de vida sem custo, para cuidar da saúde física, mental, social e financeira, como: Wellhub, Vacinação anual contra a Influenza, Psicoterapias on-line para colaboradores e dependentes e Ginástica Laboral.👶 Benefícios para apoiar as famílias, em suas jornadas de parentalidade, como: Licença Parental, Plataforma Juntos Educação Parental, Programa de Gestantes, Manutenção do Vale Alimentação ou Vale Refeição durante a Licença Parental e Auxílio Creche (idades e valores, de acordo com a região).🏳️‍🌈 Programa Mude Meu Nome, que apoia os trâmites de retificação de nome para pessoas transgênero e custeia todas as despesas do processo.💻&nbsp;Programa Tecnologia Assistiva, que apoia a acessibilidade de pessoas com deficiência (de acordo com as premissas do programa e seleção).🎭 Convênio com as instituições SESC ou SESI (de acordo com a sua unidade).🎄Cesta de Natal⚫ Seguro de assistência funeral para pai e mãe (até 70 anos de idade).",#VemserEcovias Norte Minas,banco de talentos,Minas Gerais,presencial
Engenheiro Analítico | Grupo Autoglass,"Olá! :DBuscamos um&nbsp;Engenheiro Analítico&nbsp;capaz de liderar iniciativas de dados, desde a concepção até a implementação de soluções robustas. Procuramos alguém com habilidades técnicas sólidas e visão estratégica para transformar dados em valor para o negócio, garantindo eficiência, escalabilidade e qualidade em todas as etapas, e ajudando-os a tomarem melhores decisões de maneira analítica..Se você tem experiência em gestão de projetos de dados, pipelines e gosta de atuar de forma colaborativa e orientada à melhoria contínua, essa oportunidade é para você!Candidate-se hoje!Responsabilidades e atribuiçõesLiderar projetos de dados com autonomia, desde o mapeamento de requisitos até a modelagem de bancos de dados e a disponibilização dos dados.Criar e manter pipelines de dados robustos, garantindo a transformação e armazenamento de dados com eficiência.Contribuir para o design, documentação, manutenção, monitoramento e otimização de códigos e ferramentas de dados.Identificar oportunidades de melhorias e escalabilidade na plataforma de ETL/ELT da empresa.Traduzir necessidades de negócios em soluções de dados alinhadas às estratégias e ferramentas da plataforma de dados.Atuar na mentoria de membros da equipe e promover a alfabetização de dados entre os stakeholders.Garantir a qualidade e a integridade dos dados, realizando revisões de código e verificações de qualidade.Requisitos e qualificaçõesEnsino Superior completo ou em andamento em áreas de tecnologia, administração, engenharias ou afins;Habilidade em comunicação para interagir com stakeholders de áreas técnicas e de negócios;Experiência em ambientes complexos e com grande volume de dados;Experiência em criação e manutenção de pipelines de dados;Experiência em programação com linguagens de propósito geral (Python, R, Scala);Experiência com ferramentas e técnicas de armazenamento e manipulação de dados (Data Lake, Data Warehouse, Data Mart).Domínio de SQL e/ou Pyspark para modelagem de dados e solução de problemas complexos de forma otimizada;Conhecimentos básicos em práticas de engenharia de software (documentação, testes automatizados, código limpo).&nbsp;Valorizamos se você tiver:Experiência com ferramentas de orquestração de workflows como Airflow, Spark, entre outros;Experiência em liderança técnica ou gestão de projetos;Conhecimentos em otimização de performance de queries SQL e scripts Pyspark;Conhecimento em criação de camadas semânticas e modelos dimensionais (Star Schema, Snowflake Schema, OBT);Certificações em plataformas de nuvem (AWS, Snowflake, Azure, GCP) ou em ferramentas específicas de dados.Informações adicionaisO que&nbsp;o Grupo Autoglass&nbsp;proporciona?&nbsp;&nbsp;Pra cuidar da sua saúde física e mental:&nbsp;🩺&nbsp;Plano de saúde&nbsp;Unimed e Plano odontológico&nbsp;Bradesco, extensivos a seus dependentes;&nbsp;💙&nbsp;Atendimento psicológico e nutricional;&nbsp;💙&nbsp;Seguro de vida;&nbsp;💙&nbsp;Programa da Gestante com licença maternidade estendida;&nbsp;💙&nbsp;Espaço Cuidar - Salão de beleza;&nbsp;🏋️‍♀️&nbsp;Wellhub&nbsp;(Desconto em academias);&nbsp;💆&nbsp;&nbsp;Para&nbsp;tornar o seu dia mais leve, no Grupo&nbsp;Autoglass&nbsp;você recebe massagem relaxante em seu posto de trabalho.&nbsp;&nbsp;&nbsp;Pra apoiar seu dia a dia:&nbsp;🚌&nbsp;Vale transporte;&nbsp;🛒&nbsp;Vale Refeição e Alimentação (Cartão FLASH);&nbsp;📚&nbsp;Descontos em creches e escolas para os papais&nbsp;e mamães;&nbsp;📚&nbsp;Descontos em Instituições de Ensino;&nbsp;☕ Café da manhã e da tarde;😎 Oportunidade de trabalhar e trocar conhecimentos diários com um time incrível e acolhedor;&nbsp;🏠 Oportunidades&nbsp;Home Office;&nbsp;💺 Trabalho de modo confortável! Caso necessário, enviaremos toda mobília para&nbsp;equipar o seu ambiente Home Office;&nbsp;👥 Programa Indica Tech - bônus por indicar novos talentos para fazerem parte do time.&nbsp;&nbsp;Pra desenvolver sua carreira:&nbsp;🚀&nbsp;Oportunidade de crescimento profissional;🚀 Acesso ao Portal de Educação Corporativa Grupo Autoglass com mais de 200 cursos gratuitos e com emissão de certificado;🚀&nbsp;Treinamentos e programas de mentorias frequentes;&nbsp;🚀&nbsp;Acesso GRATUITO e EXCLUSIVO à plataforma&nbsp;Alura ou Udemy;&nbsp;🚀&nbsp;Programa de Incentivo à Certificação;&nbsp;🚀 Um&nbsp;ambiente de trabalho altamente colaborativo e desafiador.No Grupo Autoglass, você encontrará oportunidade de crescimento e uma cultura de inovação e melhoria contínua muito forte.&nbsp;",Grupo Autoglass Tech,CLT,Espírito Santo,híbrido
Engenheiro Cloud Sr AWS ,"Estamos em busca de um(a) Engenheiro(a) Cloud para compor nosso time de MLOps &amp; DataOps. Essa pessoa será responsável por projetar, implementar e manter a infraestrutura de dados e inteligência artificial em produção, garantindo escalabilidade, confiabilidade e segurança dos pipelines de machine learning e dados.O(a) candidato(a) ideal possui forte conhecimento em AWS (obrigatório), familiaridade com Azure (desejável) e experiência prática com práticas modernas de DevOps para dados e machine learning.ENDEREÇO: Morumbi, São Paulo - SP, 05652-900#LI-HYBRID#LI-LC1Responsabilidades e atribuiçõesRESPONSABILIDADES: Projetar, implementar e automatizar pipelines de MLOps e DataOps na nuvem (foco em AWS);Garantir a segurança, escalabilidade e monitoramento das soluções em produção;Suportar times de Data Science e Engenharia de Dados na integração e entrega contínua (CI/CD) de modelos e pipelines;Implementar soluções de infraestrutura como código (IaC);Otimizar o uso de recursos cloud e custos operacionais;Garantir observabilidade de custos e práticas de FinOps.Requisitos e qualificaçõesRequisitos ObrigatóriosExperiência comprovada em arquitetura e engenharia cloud utilizando AWS (EKS, S3, Lambda, Step Functions, etc.);Sólido conhecimento em CI/CD, Docker, Kubernetes;Experiência com Infraestrutura como Código (IaC) – Terraform;Familiaridade com práticas de observabilidade (monitoramento, logging, alertas);Conhecimento em redes.Requisitos DesejáveisConhecimento prático em Microsoft Azure (EntraID, AKS, etc.);Conhecimento em arquiteturas de dados modernas (Data Lake, Data Mesh, Lakehouse);Experiência em ambientes com compliance e segurança de dados (LGPD).DiferenciaisExperiência com ferramentas de orquestração e automação como Airflow, Databricks;Certificações AWS (AWS Certified Solutions Architect, DevOps Engineer ou similares);Experiência anterior em times de MLOps/DataOps.",Stefanini Group,banco de talentos,São Paulo,híbrido
ENGENHEIRO DE PLANEJAMENTO,"Você quer fazer parte da equipe Qualidados?Estamos procurando por profissionais com conhecimento e experiência na área, com perfil proativo, organizado, comprometido, boa comunicação, que gosta de trabalhar em equipe e de desafios.﻿Vagas também para PCD conforme decreto: 5.296 de 02/12/2004.Responsabilidades e atribuiçõesCoordenar equipes técnicas multidisciplinares; Elaborar escopo de serviços; Liderar equipe de planejamento na elaboração de cronogramas&nbsp;físico-finaceiros; Suportar a elaboração de Plano de Gerenciamento de Riscos; Elaborar Relatórios de Execução; Estabelecer parâmetros de planejamento, nivelamento de equipes, curvas de avanço e desempenho de planejadores; Desenvolver análise de viabilidade técnica; Gerenciar execução dos serviços; Gerenciar construções ou montagens de serviços de parada de manutenção; Elaborar MDs para aquisições de materiais ou serviços de parada de manutenção; Coordenar e distribuir recursos para realização das atividades de planejamento; Padronizar documentos, EAPs e planilhas; Apresentar e discutir a execução de serviços de paradas; Coordenar elaboração da programação de serviços; Coordenar emissão da curva S dos equipamentos e sistemas; Analisar os serviços previstos x realizados; Coordenar o planejamento de aquisição e recebimento de materiais; Identificar serviços que possam ser executados com a unidade em operação; Analisar tecnicamente propostas de fornecedores; Garantir o cumpr das normas aplic de SMS e Qualidade; Cumprir e fazer cumprir o Código de Ética da QD.Requisitos e qualificaçõesFormação Completa em Engenharia - Preferencialmente Mecânica, Elétrica ou Produção, Civil;Pacote Office;Primavera;SAP;Experiencia em Parada de Manutenção;Experiencia em ambiente industrial;Informações adicionaisBenefícios:Transporte;Alimentação;Seguro de Vida;Plano de Saúde;Plano OdontológicoTotalpass;Starbem;Avus;Empréstimo consignado.",Qualidados,banco de talentos,Bahia,presencial
ENGENHEIRO QUÍMICO ,"Você quer fazer parte da equipe Qualidados?&nbsp;&nbsp;Estamos procurando por profissionais com conhecimento e experiência na área, com perfil proativo, organizado, comprometido, boa comunicação, que gosta de trabalhar em equipe e de desafios.&nbsp;﻿Vagas também para PCD conforme decreto: 5.296 de 02/12/2004Responsabilidades e atribuiçõesControlar processos químicos, físicos e biológicos definindo parâmetros de controle, padrões, métodos analíticos e sistemas de amostragem.Desenvolver processos e sistemas por meio de pesquisas, testes e simulações de processos e produtos.Projetar sistemas e equipamentos técnicos.Implantar sistemas de gestão ambiental e de segurança em processos e procedimentos de trabalho ao avaliar riscos, implantar e fiscalizar ações de controle.Coordenar equipes e atividades de trabalho.Elaboram documentação técnica de projetos, processos, sistemas e equipamentos desenvolvidos.Requisitos e qualificaçõesNível SuperiorPacote Office avançado (Excel, Word, Power Point)Especialização será um diferencialInformações adicionaisBenefícios:Transporte;Alimentação;Seguro de Vida;Plano de Saúde;Plano OdontológicoTotalpass;Starbem;Avus;Empréstimo consignado",Qualidados,banco de talentos,Bahia,presencial
ENGENHEIRO PLANEJAMENTO ,"Você quer fazer parte da equipe Qualidados?&nbsp;&nbsp;Estamos procurando por profissionais com conhecimento e experiência na área, com perfil proativo, organizado, comprometido, boa comunicação, que gosta de trabalhar em equipe e de desafios.&nbsp;﻿Vagas também para PCD conforme decreto: 5.296 de 02/12/2004.Responsabilidades e atribuiçõesElaborar o planejamento de serviços de parada de manutenção, empreendimentos e projetos especificando recursos materiais, financeiros e humanos;&nbsp;Definir cronograma para serviços de engenharia em paradas de manutenção, projetos e outras especialidades, seguindo diretrizes da empresa e necessidades dos clientes;Realizar estudos de viabilidade técnico-econômica de projetos; Realizar atividades de padronização e mensuração de serviços de engenharia;Elaborar orçamento de obras, especificando os itens envolvidos, interagindo com a equipe técnica e superiores;Acompanhar a execução de projetos e serviços de engenharia, fazendo as interações e intervenções necessárias para alcançar os resultados planejados;Documentar as lições aprendidas em projetos, a fim de preservar o conhecimento técnico da empresa&nbsp;Assegurar a manutenção do Sistema de Gestão Integrado - SGI, disseminando a política da qualidade, acompanhando e orientando a aplicação e atualização dos procedimentos relacionados à gestão de sua área, providenciando o tratamento de não-conformidades (quando identificadas), desenvolvendo ações de melhorias;Liderar equipes de trabalho, acompanhando metas e resultados, avaliando o desempenho orientando atividades, providenciando recursos, a capacitação, o treinamento e o desenvolvimento;Apoio na elaboração de propostas técnicas e comerciais (escopo de valor agregado); Realizar atividades de acompanhamento e controle dos contratos de valor agregado;Requisitos e qualificaçõesNivel SuperiorPacote Office avançado (Excel, Word, Power Point)Especialização será um diferencialInformações adicionaisBenefícios:Transporte;Alimentação;Seguro de Vida;Plano de Saúde;Plano OdontológicoTotalpass;Starbem;Avus;Empréstimo consignado.",Qualidados,banco de talentos,Bahia,presencial
ENGENHEIRO MECÂNICO ,"Você quer fazer parte da equipe Qualidados?&nbsp;&nbsp;Estamos procurando por profissionais com conhecimento e experiência na área, com perfil proativo, organizado, comprometido, boa comunicação, que gosta de trabalhar em equipe e de desafios.&nbsp;﻿Vagas também para PCD conforme decreto: 5.296 de 02/12/2004.Responsabilidades e atribuiçõesElaborar projetos de sistemas, conjuntos mecânicos, componentes e ferramentas, seguindo normas técnicas e especificações.Planejar serviços de parada de manutenção, realizando inspeções, levantando informações e elaborando diagnósticos.Participar da elaboração de propostas técnicas, fazendo específicações de acordo com as características dos serviços/projetos.Assegurar a manutenção do Sistema de Gestão Integrado - SGI, disseminando a política da qualidade, acompanhando e orientando a aplicação e atualização dos procedimentos relacionados à gestão de sua área, providenciando o tratamento de não-conformidades (quando identificadas), desenvolvendo ações de melhorias.Liderar equipes de trabalho, acompanhando metas e resultados, avaliando o desempenho,&nbsp;orientando atividades, providenciando recursos, a capacitação, o treinamento e o desenvolvimentoRequisitos e qualificaçõesNivel SuperiorPacote Office avançado (Excel, Word, Power Point)Especialização será um diferencialInformações adicionaisBenefícios:Transporte;Alimentação;Seguro de Vida;Plano de Saúde;Plano OdontológicoTotalpass;Starbem;Avus;Empréstimo consignado.",Qualidados,banco de talentos,Bahia,presencial
ENGENHEIRO MANUTENÇÃO ,"Você quer fazer parte da equipe Qualidados?&nbsp;&nbsp;Estamos procurando por profissionais com conhecimento e experiência na área, com perfil proativo, organizado, comprometido, boa comunicação, que gosta de trabalhar em equipe e de desafios.&nbsp;﻿Vagas também para PCD conforme decreto: 5.296 de 02/12/2004.Responsabilidades e atribuiçõesElaborar e atualizar controles de acompanhamento das manutenções. Elaborar e atualizar acompanhamento de projetos através de planilhas, gráficos, cronogramas, alimentação de aplicativos, etc. Realizar atualização de painel de back-log de notas e ordens. Apoiar processo de planejamento de manutenção de baixa complexidade. Elaborar informativos periódicos de monitoramento e controle da engenharia de manutenção. Participar de reuniões de gestão. Emitir relatórios de acompanhamento dos serviços de baixa complexidade. Assessorar a gestão de engenharia de manutenção. Levantar dados, analisar desvios, gerar relatórios e acompanhar indicadores.&nbsp;Apoiar atividades de análise de falhas de equipamentos. Efetuar monitoramento remoto de parâmetros operacionais de equipamentos ou sistemas. Realizar embarques eventuais nas plataformas para desenvolver atividades correlatas à função.Requisitos e qualificaçõesNivel SuperiorPacote Office avançado (Excel, Word, Power Point)Especialização será um diferencialInformações adicionaisBenefícios:Transporte;Alimentação;Seguro de Vida;Plano de Saúde;Plano OdontológicoTotalpass;Starbem;Avus;Empréstimo consignado.",Qualidados,banco de talentos,Bahia,presencial
ENGENHEIRO ELETRICISTA,"Você quer fazer parte da equipe Qualidados?&nbsp;&nbsp;Estamos procurando por profissionais com conhecimento e experiência na área, com perfil proativo, organizado, comprometido, boa comunicação, que gosta de trabalhar em equipe e de desafios.&nbsp;﻿Vagas também para PCD conforme decreto: 5.296 de 02/12/2004.Responsabilidades e atribuiçõesElaborar projetos,&nbsp;fazendo o planejamento e especificações&nbsp;de sistemas e equipamentos elétrico,/eletrônicosParticipar da elaboração de propostas técnicas, fazendo especificações de acordo com as características dos serviços/projetos.Realizar&nbsp;testes e ensaios de sistemas e equipamentos elétricos/eletrônicos quando da prestação de serviços especializados.&nbsp;Documentar especificações técnicas de sistemas definidos, mediante a confecção de manuais e procedimentos.Realizar inspeções, analisando características de instalações e sistemas, a fim de emitir parecer/laudo técnico.&nbsp;Acompanhar a realização de etapas de instalação, manutenção e reparo do equipamento elétrico,&nbsp;fazendo inspeção de trabalhos acabados e fazendo orientações técnicas.Assegurar a manutenção do Sistema de Gestão Integrado - SGI, disseminando a política da qualidade, acompanhando e orientando a aplicação e atualização dos procedimentos relacionados à gestão de sua área, providenciando o tratamento de não-conformidades (quando identificadas), desenvolvendo ações de melhorias.Liderar equipes de trabalho, acompanhando metas e resultados, avaliando o desempenho,&nbsp;orientando atividades, providenciando recursos, a capacitação, o treinamento e o desenvolvimentoRequisitos e qualificaçõesNivel SuperiorPacote Office avançado (Excel, Word, Power Point)Especialização será um diferencialInformações adicionaisBenefícios:Transporte;Alimentação;Seguro de Vida;Plano de Saúde;Plano OdontológicoTotalpass;Starbem;Avus;Empréstimo consignado.",Qualidados,banco de talentos,Bahia,presencial
ENGENHEIRO DE SSMA ,"Você quer fazer parte da equipe Qualidados?Estamos procurando por profissionais com conhecimento e experiência na área, com perfil proativo, organizado, comprometido, boa comunicação, que gosta de trabalhar em equipe e de desafios.﻿Vagas também para PCD conforme decreto: 5.296 de 02/12/2004.Responsabilidades e atribuiçõesLiderança da equipe de técnicos de SSMA;Multiplicar os valores de SSMA do cliente entre os colaboradores do contrato;Apoiar o cliente na gestão dos temas de SSMA junto às demais empresas contratadas;Reportar internamente os índices de SSMA alcançados na execução do contrato.Requisitos e qualificaçõesSuperior em Engenharia;Experiência em Paradas de Manutenção ou Rotinas de Manutenção ou Gestão de Projetos em indústria Química ou Petroquímica;Pacote Office avançado.Informações adicionaisBenefícios:Transporte;Alimentação;Seguro de Vida;Plano de Saúde;Plano OdontológicoTotalpass;Starbem;Avus;Empréstimo consignado.",Qualidados,banco de talentos,Bahia,presencial
ENGENHEIRO DE QUALIDADE ,"Você quer fazer parte da equipe Qualidados?Estamos procurando por profissionais com conhecimento e experiência na área, com perfil proativo, organizado, comprometido, boa comunicação, que gosta de trabalhar em equipe e de desafios.﻿Vagas também para PCD conforme decreto: 5.296 de 02/12/2004.Responsabilidades e atribuiçõesControlam perdas de processos, produtos e serviços ao identificar, determinar e analisar causas de perdas, estabelecendo plano de ações preventivas e corretivas.Desenvolvem, testam e supervisionam sistemas, processos e métodos produtivos, gerenciam atividades de segurança no trabalho e do meio ambiente, gerenciam exposições a fatores ocupacionais de risco à saúde do trabalhador, planejam empreendimentos e atividades produtivas e coordenam equipes, treinamentos e atividades de trabalho.Os Engenheiros de Logística também gerenciam as operações de logística em três eixos: transportes, armazenamento e inteligência, inclusive no que se refere à logística reversa.Requisitos e qualificaçõesNível SuperiorPacote Office avançado (Excel, Word, Power Point)Especialização será um diferencialInformações adicionaisBenefícios:Transporte;Alimentação;Seguro de Vida;Plano de Saúde;Plano OdontológicoTotalpass;Starbem;Avus;Empréstimo consignado.",Qualidados,banco de talentos,Bahia,presencial
ENGENHEIRO DE PRODUÇÃO ,"Você quer fazer parte da equipe Qualidados?Estamos procurando por profissionais com conhecimento e experiência na área, com perfil proativo, organizado, comprometido, boa comunicação, que gosta de trabalhar em equipe e de desafios.﻿Vagas também para PCD conforme decreto: 5.296 de 02/12/2004.Responsabilidades e atribuiçõesControlar perdas de processos, produtos e serviços ao identificar, determinar e analisar causas de perdas, estabelecendo plano de ações preventivas e corretivas.Desenvolver, testar e supervisionar sistemas, processos e métodos produtivos, gerenciam atividades de segurança no trabalho e do meio ambiente, gerenciam exposições a fatores ocupacionais de risco à saúde do trabalhador, planejam empreendimentos e atividades produtivas e coordenam equipes, treinamentos e atividades de trabalho.Os Engenheiros de Logística também gerenciam as operações de logística em três eixos: transportes, armazenamento e inteligência, inclusive no que se refere à logística reversa.Requisitos e qualificaçõesNível SuperiorPacote Office avançado (Excel, Word, Power Point)Especialização será um diferencialInformações adicionaisBenefícios:Transporte;Alimentação;Seguro de Vida;Plano de Saúde;Plano OdontológicoTotalpass;Starbem;Avus;Empréstimo consignado.",Qualidados,banco de talentos,Bahia,presencial
ENGENHEIRO DE PMO ,"Você quer fazer parte da equipe Qualidados?&nbsp;&nbsp;Estamos procurando por profissionais com conhecimento e experiência na área, com perfil proativo, organizado, comprometido, boa comunicação, que gosta de trabalhar em equipe e de desafios.&nbsp;﻿Vagas também para PCD conforme decreto: 5.296 de 02/12/2004.Responsabilidades e atribuições&nbsp;Controlar indicadores estratégicos;Apoiar o cliente na priorização dos projetos com visão de portfólio, estabelecimento de métodos e gerenciamento de demandas;Elaborar planos de comunicação, apoiar o cliente na manutenção dos padrões de Gerenciamento de Projetos vigentes, na elaboração de relatórios e apresentações gerenciais.Requisitos e qualificaçõesSAP;Power BI;Primavera P6;Pacote Office avançado;Experiência em Paradas de Manutenção ou Rotinas de Manutenção ou Gestão de Projetos em indústria Química ou Petroquímica.Informações adicionaisBenefícios:Transporte;Alimentação;Seguro de Vida;Plano de Saúde;Plano OdontológicoTotalpass;Starbem;Avus;Empréstimo consignado.",Qualidados,banco de talentos,Bahia,presencial
ENGENHEIRO AUTOMAÇÃO ,"Você quer fazer parte da equipe Qualidados?Estamos procurando por profissionais com conhecimento e experiência na área, com perfil proativo, organizado, comprometido, boa comunicação, que gosta de trabalhar em equipe e de desafios.﻿Vagas também para PCD conforme decreto: 5.296 de 02/12/2004.Responsabilidades e atribuiçõesElaboram, implementam, desenvolvem, aperfeiçoam sistemas, processos e equipamentos automatizados.Testam, realizam a manutenção e assessoram a comercialização dos mesmos. Elaboram documentação técnica e coordenam atividades de trabalho na área de mecatrônica.Requisitos e qualificaçõesNível SuperiorPacote Office avançado (Excel, Word, Power Point)Especialização será um diferencialInformações adicionaisBenefícios:Transporte;Alimentação;Seguro de Vida;Plano de Saúde;Plano OdontológicoTotalpass;Starbem;Avus;Empréstimo consignado.",Qualidados,banco de talentos,Bahia,presencial
ENGENHEIRO,"Você quer fazer parte da equipe Qualidados?Estamos procurando por profissionais com conhecimento e experiência na área, com perfil proativo, organizado, comprometido, boa comunicação, que gosta de trabalhar em equipe e de desafios.﻿Vagas também para PCD conforme decreto: 5.296 de 02/12/2004.Responsabilidades e atribuiçõesPlanejar, organizar, executar e controlar projetos na área de especialização requerida Realizar investigações e levantamentos técnicos e estudos ambientais&nbsp;relacionados a projetos que execute.Fazer especificações de materiais e equipamentos para propostas de serviços de engenharia especializada Realizar serviços de engenharia de acordo com a especialidade, relacionadas ao gerenciamento de projetos.Fazer o planejamento de etapas de projetos de obras e paradas de acordo com as necessidades dos clientes Acompanhar e controlar de obras e paradas de manutenção seguindo o planejamento especificado.Prestar serviços de consultoria especializada relacionada à concepção e execução de projetos de engenharia Administrar contratos de serviços, realizando o planejamento físico e financeiro.Acompanhar e controlar orçamento de contratos buscando alcançar os resultados planejados Fazer a medição de serviços relacionados a contratos que administre.Atuar em consultoria técnica, realizando serviços de perícias de projetos e obras (laudos e avaliações), fazemdo inspeções e emitindo pareceres.Requisitos e qualificaçõesNivel SuperiorPacote Office avançado (Excel, Word, Power Point)Especialização será um diferencialInformações adicionaisBenefícios:Transporte;Alimentação;Seguro de Vida;Plano de Saúde;Plano OdontológicoTotalpass;Starbem;Avus;Empréstimo consignado.",Qualidados,banco de talentos,Bahia,presencial
16509 - Engenheiro de Sistemas,"Engenheiro de SistemasRequisitos obrigatórios:Formação Superior Completa em Engenharia (Elétrica, Computação ou áreas correlatas);Experiência com desenvolvimento de Software Embarcado e/ou Hardware microprocessado ou microcontrolado e/ou Integração e Testes de Verificação Sistêmica;Inglês: AvançadoAtuação Presencial em CampinasConhecimentos desejáveis:Experiência na área de Engenharia de Sistemas;Conhecimento em linguagens de programação: C, C++, Python, Matlab;Conhecimento em modelo em V/ ASPICE;Conhecimentos com a metodologia DFMEA e metodologias ágeis (SCRUM ou Auto SCRUM).&nbsp;Atribuições:Suportar a área de EPM (Engineering Project Management) nas iniciativas de novos projetos, conversas iniciais com os clientes, levantamento de requisitos, participar do dimensionamento do projeto, escolha das tecnologias e arquitetura sistêmica, levando em consideração a interação e integração entre suas partes e módulos;Atuar durante a fase de desenvolvimento do projeto com integração entre partes;Elaborar o plano de testes de verificação sistêmica, bem como levantamento dos testes para verificação do cumprimento de normas e legislação;Realizar a integração e testes sistêmicos, bem como testes de certificação;Atuar na definição dos processos da área, participando ativamente das discussões sobre métodos, ferramentas, realizando análise crítica de projetos encerrados.Ao inserir os seus Dados no formulário para cadastro você confere pleno consentimento ao tratamento de dados pessoais nos termos da nossa Política de Privacidade https://www.taking.com.br/politica-de-privacidade/Requisitos e qualificações",Taking,CLT,São Paulo,presencial
Engenheiro de Sistemas Embarcados Sênior,"Engenheiro de Sistemas Embarcados Sr.Sistemas embarcados incluindo RTOS (sistemas operacionais embarcados de tempo real) para processadores de aplicação e Embedded Linux com ou sem virtualização de hardware.Configuração e gerência de sistemas Linux incluindo Bash, Systemd, Python, etc.Linguagem C e ferramentas relacionadas (build systems, profilers, UT’s, etc.)Linguagem C++ e ferramentas relacionadas (build systems, profilers, UT’s, etc.)Interfaces automotivas CAN e J1939 (bônus para outros como XCP, CCP, etc.)Interfaces de comunicação de rede com e sem fio, incluindo mobile.Metodologia Scrum, Agile, Kanbam (Jira) e Sistemas de Controle de Versão (Git)&nbsp;Contratação: 100% remoto, CLT + Benefícios.Inglês Fluente.Informações adicionaisAo inserir os seus Dados no formulário para cadastro você confere pleno consentimento ao tratamento de dados pessoais nos termos da nossa Política de Privacidade https://www.taking.com.br/politica-de-privacidade/&nbsp;",Account Manager Jr,CLT,São Paulo,presencial
Engenheiro de Produtos PL,"Vaga: 16355 - Engenheiro de Produtos PLHibrido - Campinas CLTFormação:&nbsp;Superior completo em Engenharia: Elétrica, Eletrônica, Mecatrônica ou áreas afins.&nbsp;Requisitos:&nbsp;Experiência no desenvolvimento de produtos eletrônicos automotivos;Conhecimento de normas e metodologias automotivas e de qualidade;Inglês avançado;Desejável experiência na aplicação dos produtos eletrônicos e conhecimento de arquitetura elétrica automotiva;Desejável conhecimento em protocolos CAN, LIN e tecnologias de RF (Bluetooth, Wi-Fi, GSM, 4G, etc.);&nbsp;Atividades:Atuar na definição de conceitos, especificações técnicas e funcionais de novos produtos e atuais, contribuindo com conhecimento e informações para suportar decisões técnicas e análises de viabilidade, buscando atingir os objetivos de prazo, custo e qualidade do projeto;Ser o ponto focal para assuntos técnicos dos produtos, provendo informações e interagindo com todos os setores da empresa;Realizar benchmarking e manter-se atualizado quanto às tendências, concorrência, mercado, legislação vigente e tecnologias aplicadas nos produtos da empresa;Analisar requisitos de produtos de clientes, propondo conceitos e soluções técnicas;Pesquisar, sugerir e definir melhorias nos produtos em desenvolvimento e correntes buscando a melhoria contínua do produto.Ao inserir os seus Dados no formulário para cadastro você confere pleno consentimento ao tratamento de dados pessoais nos termos da nossa&nbsp;Política de Privacidade https://www.taking.com.br/politica-de-privacidade/",Taking,CLT,São Paulo,presencial
 Engenheiro Civil – Pré-Obra,"16291 - ENGENHEIRO CIVIL PRÉ-OBRA -PJAtuação PJ ( 3 meses podendo ser prorrogado)Presencial - Campinas SP e RegiãoNecessário: Ter veículo próprio / Disponibilidade de viagemVai cuidar de obras de decorados e stands. Disponibilidade total para viagem.Engenheiro Civil para acompanhamento das nossas pré-obras de Cerquilho e Itapetininga,Porém no futuro terá outras regiões no interior.Pré-Obra – é basicamente o acompanhamento e gestão da instalação do Stand de Vendas e construção do nosso Decorado.Objetivo do CargoREALIZAR GESTÃO DE PROJETOS E CONTRATOS DE EXECUÇÃO DE OBRAS PARA INSTALAÇÃO DE CANTEIRO, STAND DE VENDAS E DECORADO; ACOMPANHAR EXECUÇÃO DAS OBRAS E SERVIÇOS TÉCNICOS DE ENGENHARIA; EXECUTAR ACOMPANHANHAMENTO DE CUSTOS E ORÇAMENTOS, HOMOLOGAR FORNECEDORES LOCAIS, GERENCIAR EQUIPE DE INSTALAÇÃO E TERCEIROS DURANTE O PERÍODO DE OBRAS, DE FORMA A GARANTIR QUALIDADE DE ACABAMENTO, SEGUINDO O PADRÃO DA EMPRESA.Ao inserir os seus Dados no formulário para cadastro você confere pleno consentimento ao tratamento de dados pessoais nos termos da nossa Política de Privacidade https://www.taking.com.br/politica-de-privacidade/",Taking,PJ,São Paulo,presencial
Engenheiro(a) de Planejamento Sênior,"A Porte usa a Ciência Urbana para o desenvolvimento da vida nas cidades, realizando de forma autêntica e inspiradora a qualificação da vida urbana. Com o propósito de contribuir para o desenvolvimento humano por meia da transformação urbana, atuamos há mais de 30 anos na região leste de São Paulo e, conhecendo o potencial da região, estamos conduzindo um dos maiores projetos urbano, humano e sustentável da cidade São Paulo, o Eixo Platina.Responsabilidades e atribuiçõesO (A) Engenheiro (a) de Planejamento é responsável por controlar o prazo de entrega ao cliente através do planejamento e acompanhamento físico e físico-financeiro das obras. Para isso, é necessário ter experiência com análise de projeto e execução de obra para com a engenharia definir plano de ataque, sequência no planejamento.Como Engenheiro (a) de Planejamento, você vai:Elaborar o planejamento pré-obra, dentro do prazo estabelecido.Elaborar o planejamento executivo, dentro do prazo estabelecido.Realizar o acompanhamento físico e físico-financeiro das obras.Apoiar a engenharia no controle de prazo.Liberar lotes de avaliação para a AGS.Atualizar os dados de avanço físico e físico-financeiro para os departamentos de Marketing e Financeiro.Receber o projeto, memorial descritivo e o orçamento da obra para abrir a EAP (Estrutura Analítica do Projeto).Definir com a engenharia da obra o plano de ataque, a sequência, os ciclos de execução e os recursos das tarefas.Inserir o custo na EAP de acordo com o orçamento (pré-obra ou executivo).Gerar o cronograma da obra, os gráficos para acompanhamento e o cronograma de suprimentos.Gerar a programação mensal e trimestral, validando com a engenharia da obra.Percorrer as obras periodicamente e identificar possíveis desvios de sequência e de prazo.Identificar a causa do não cumprimento das atividades programadas.Atualizar o cronograma da obra e verificar se houve desvio de prazo.Sugerir plano de ação de melhoria cuidando para que não impacte no prazo.Acompanhar e atualizar o cronograma de suprimentos com base nos prazos de contratações fornecido por suprimentos.Emitir relatório de acompanhamento periódico e mensal.Requisitos e qualificaçõesComo requisitos básicos, você deve ter:· Graduação completa em Engenharia Civil· Experiência anterior na área de Planejamento·&nbsp;Conhecimento básico/intermediário em Autocad.· Conhecimento avançado em Project.· Conhecimento intermediário/avançado em ExcelInformações adicionaisNosso pacote de benefícios possui:&nbsp;·&nbsp;&nbsp;&nbsp;&nbsp;&nbsp;&nbsp;&nbsp;&nbsp;Salários competitivos;·&nbsp;&nbsp;&nbsp;&nbsp;&nbsp;&nbsp;&nbsp;&nbsp;Plano médico e odontológico;·&nbsp;&nbsp;&nbsp;&nbsp;&nbsp;&nbsp;&nbsp;&nbsp;Vale refeição;·&nbsp;&nbsp;&nbsp;&nbsp;&nbsp;&nbsp;&nbsp;&nbsp;Gympass;·&nbsp;&nbsp;&nbsp;&nbsp;&nbsp;&nbsp;&nbsp;&nbsp;Vale transporte;·&nbsp;&nbsp;&nbsp;&nbsp;&nbsp;&nbsp;&nbsp;&nbsp;Estacionamento;·&nbsp;&nbsp;&nbsp;&nbsp;&nbsp;&nbsp;&nbsp;&nbsp;Incentivo educacional·&nbsp;&nbsp;&nbsp;&nbsp;&nbsp;&nbsp;&nbsp;&nbsp;Parcerias com instituições de ensino;·&nbsp;&nbsp;&nbsp;&nbsp;&nbsp;&nbsp;&nbsp;&nbsp;Parcerias diversas na região, desde alimentação à beleza e estética.&nbsp;&nbsp;E não é apenas isso. Temos benefícios não palpáveis, mas tão importantes quanto os citados acima:&nbsp;Poder fazer parte da empresa que ousou construir o residencial mais alto de São Paulo, o empreendimento de uso misto mais alto de São Paulo, a primeira empresa a idealizar e colocar em prática a construção do primeiro polo socioeconômico da região leste de São Paulo.&nbsp;Saúde física e mental, desenvolvimento pessoal e profissional, diversão e reconhecimento. Fazer parte de uma empresa ímpar no mercado, que possui uma visão totalmente diferenciada e única!&nbsp;Fazer parte da busca constante de inovações e tecnologias, que proporcionem o desenvolvimento humano em sua totalidade: lazer, cultura, economia, saúde e segurança.&nbsp;&nbsp;Aqui, somos Porte, e nos importamos com TODOS, em todos os lugares! Você se vê fazendo parte de tudo isso?&nbsp;Venha construir algo maior conosco!",Porte Engenharia e Urbanismo,CLT,São Paulo,presencial
Engenheiro/Técnico de Segurança Veicular Betim ,"Engenheiro/Técnico de Testes de Segurança Passiva - Proteção de Pedestres) para trabalhar no desenvolvimento de segurança de pedestres de veículos.&nbsp;Equipe de Testes - Segurança de atividades de impacto de segurança para o desenvolvimento do produto, classificação regulatória e classificação de proteção ao consumidor (rotulação).Responsabilidades e atribuiçõesSerá responsável por e executar testes em conformidade com normas internas e regulamentos nacionais e internacionais (Contran, ECE,&nbsp;FMVSS, US NCAP, EuroNCAP, Latin NCAP e IIHS), em todos as fases como : preparação do pré-testes, execução e inspeções pós-testes. Mandatória experiência com testes de proteção de pedestre, aquisição de dados, instrumentação e mecânica de veículos.&nbsp;Requisitos e qualificaçõesPefilExperiência com testes de proteção de pedestre, aquisição, instrumentação e mecânica de veículos (mandatório).&nbsp;Configuração de veículos e impactadores de Proteção de Pedestres (Head Forms &amp; Leg Forms);Configuração e operação de sistema de aquisição e dados, sistema de imagem UL (Universal Launcher);elaboração de exames de dados e relatórios de testes;&nbsp;Suporte no controle de equipamentos de teste, apoiando o tempo nas calibrações, reparos e melhorias.Experiência em Segurança Automotiva - Teste de Impacto de Proteção ao Pedestre;Experiência em testes automotivos de segurança passiva (FMVSS, ECE, US NCAP, EuroNCAP, Latin NCAP e IIHS);Habilidade em leitura e interpretação de regulamentos de testes de segurança passiva (FMVSS, ECE, US NCAP, EuroNCAP, Latin NCAP e IIHS)FormaçãoGraduação em Engenharia e/ou Técnico Mecânica, Mecatrônica, Automotiva ou Relacionada.&nbsp;Idiomas&nbsp;Inglês Avançado para Leitura Mandatório / Comunicação: Desejável (será um diferencial)Português nativo/fluente&nbsp;LocalBetim - MG (100% presencial)",IDIADA,PJ,Minas Gerais,presencial
Engenheiro CAE Durabilidade ,"Vaga Engenheiro CAE (Durabilidade) segmento automotivoResponsabilidades e atribuiçõesMontagem de modelos numéricos de componentes e acessórios completos.Análises lineares, não lineares e ilustrações&nbsp;Aplicação de teorias de fadiga e utilização de pós-processamento&nbsp;(Software) para alcançar uma solução, compilando dados e&nbsp;documentando em apresentações técnicas.&nbsp;Requisitos e qualificaçõesPerfil&nbsp;Vivência com simulações numéricas - CAE, FEM, FEA de&nbsp;durabilidade&nbsp;.&nbsp;Experiência Ansa, Hyperworks (Hyperview, Hypermesh), recursos: Abaqus - MandatórioNCode, FEMFT e MSC fadiga - Desejável&nbsp;Experiência com simulações&nbsp;EducaçãoFormação em Engenharia - Mecânica, Mecatrônica,&nbsp;Aeronáutica, Aeroespacial, Automotiva, Naval.IdiomaInglês FluentePortuguês nativo/fluenteLocal:&nbsp;SBC/SP ou BETIM/MGPresencial, Home-office ou Híbrido.Destinado a profissionais de todas as regiões do Brasil.&nbsp;Informações adicionaisO trabalho poderá ser presencial, hibrido ou remoto dependendo da região do candidato.",IDIADA,PJ,São Paulo,presencial
ENGENHEIRO ADAS DRE(DESIGN RELEASE ENGINEER),"desenvolver Módulos e cartolas de acordo com qualidade, desempenho, tempo e objetivos de custo.&nbsp;Garanta o design, o desenvolvimento e a liberação de componentes ADAS (Advanced Driver Assist), incluindo radar de longo/curto alcance, câmeras (visão humana/máquina), sensores ultrassônicos e ECUs de processamento associadosResponsabilidades e atribuiçõesRESPONSABILIDADES&nbsp;Desenvolver diagnósticos de ECU, realizar o projeto de autor/revisão/aprovação de HW/SW FMEAs &amp; DVPRs, padrões de processo, calibrações FMEA in-plant, suporte ao lançamento, P de planos de lançamento seguro;fornecer uma técnica de viabilidade, uma construção robusta do projeto, uma fabricação de componentes e o pedido da documentação, através da coordenação dos fornecedores.à identificação de qualidade, resposta rápida garantia, redução de custos técnicos, etc.);identificar riscos e manutenção de planos detalhados de avaliação de riscos, mitigação e gestão com atualizações frequentes à liderança sênior;Requisitos e qualificaçõesPERFILExperiência com ferramentas Vector CAN (CANalyzer, CANape e CANoe);DFMEA;Experiência prévia na área de Assistência ao Motorista, baseada em sensores ultrassônicos, radares, sistemas de câmeras;Conhecimento na aplicação da metodologia ""Six Sigma"" (DFSS)&nbsp;Conhecimento global do programa de segurança NCAP;Regulação global no sistema de condução e assistência ao motorista;Conhecimento em informática (incluindo planilha, processamento de texto, apresentação e aplicativos de banco de dados);Carteira de habilitação (CNH categoria B, mínimo) para dirigir e testar veículos;Disponibilidade para viagens (até 4 semanas de duração esporadicamente).FORMAÇÃOEngenharia Elétrica, Automação, Eletrônica, Mecatrônica ou Mecânica&nbsp;IDIOMASInglês nível avançado/fluentePortuguês nivel nativo/fluenteFrancês e/ou Italiano avançado/fluentes (diferencial)&nbsp;LOCALBetim - MG",IDIADA,CLT,Minas Gerais,presencial
Software Engineer - Ruby on Rails  ,"Vem ser MobThinker!Responsabilidades e atribuiçõesColaborar com todo o time para a elaboração da resolução de problemas e desafios decorrentes do dia-a-dia do desenvolvimento do projeto.Realizar integrações com APIs REST internas e de terceiros.Ser capaz de compreender problemas técnicos e trabalhar junto com o time em soluções otimizadas e que garantam a escalabilidade e qualidade do aplicativo.Atuar de forma consultiva, juntamente com o restante do time, nas definições das novas funcionalidades, apoiando a equipe de design.Vontade de crescer, tanto profissionalmente quanto tecnicamente, junto com todo o time.Requisitos e qualificaçõesMínimo de 3 anos de experiência com Ruby trabalhando em projetos reais.Experiência em banco de dados relacionais e não-relacionais. (PostgreSQL, MongoDB, Redis).Experiência com versionamento de código utilizando GIT.Experiência trabalhando com desenvolvimento de APIs REST.Bom nível de Inglês.Diferencial:Experiência em Rails trabalhando em projetos reais.Conhecimento em Padrões de Projeto e de Arquitetura.Conhecimento em Clean Code. Nós prezamos por um código de qualidade.Conhecimento em práticas ágeis (Scrum, TDD, CI/CD).Conhecimento em Docker e Kubernetes.Conhecimento em Clouds (AWS, Heroku, Firebase, Huawei).Informações adicionaisNossos Benefícios:Formato de contratação 100% remoto.Benefício Educacional.Cartão alimentação/refeição.Plano de Saúde e Odontológico.Auxílio Home Office.Auxílio Equipamento.Auxílio Lente.Auxílio Creche.Voucher de Aniversário.Seguro de Vida.PLR.",Mesa Mobile Thinking,CLT,Pernambuco,remoto
Banco de Talentos - Software Engineer,"O que nos torna Mobthinkers raiz, é estarmos conectados com pessoas diversas, atrelado a criação e desenvolvimento de projetos incríveis. Somos um time que ama gifs, uma boa risada e que busca melhorar nossas práticas dia após dia. Ah, e fazemos tudo isso, com uma xícara de café na mão.&nbsp;Estamos há 9 anos conquistando espaços cada vez mais sólidos, com muita transparência e com aquela serenidade de quem olha para a nossa história e vê o quanto que já andamos - juntos...&nbsp;E a nossa missão nunca para! Queremos encontrar pessoas que pensem como nós, que queiram construir e deixar um legado. Queremos Pessoas/Gente!&nbsp;E se você se identifica com tudo isso, não deixe de se inscrever em nossas vagas/ou deixe aqui o seu currículo em nosso Banco de Talentos.Se seu perfil tiver match com as nossas oportunidades, te chamaremos para uma café... Nos aguarde!É do time de Engenharia de Software? Deixe o seu cadastro aqui conosco.&nbsp;Responsabilidades e atribuiçõesColaborar com todo o time para a elaboração da resolução de problemas e desafios decorrentes do dia-a-dia do desenvolvimento do projeto.Realizar integrações com APIs REST internas e de terceiros.Ser capaz de compreender problemas técnicos e trabalhar junto com o time em soluções otimizadas e que garantam a escalabilidade e qualidade do aplicativo.Atuar de forma consultiva, juntamente com o restante do time, nas definições das novas funcionalidades, apoiando a equipe de design.Vontade de crescer, tanto profissionalmente quanto tecnicamente, junto com todo o time.Requisitos e qualificaçõesMínimo de 3 anos de experiência com algumas das tecnologias: Node.js, Ruby on Rails (Back) ou Angular.js, React.js, Vue.js (Front) trabalhando em projetos reais.Experiência em banco de dados relacionais e não-relacionais. (PostgreSQL, MongoDB, Redis).Experiência com versionamento de código utilizando GIT.Experiência trabalhando com desenvolvimento de APIs REST.Bom nível de Inglês.Diferencial: Experiência em projetos reais com algumas das tecnologias: Node.js, Ruby on Rails (Back) ou Angular.js, React.js, Vue.js (Front).Conhecimento em Padrões de Projeto e de Arquitetura.Conhecimento em Clean Code. Nós prezamos por um código de qualidade.Conhecimento em práticas ágeis (Scrum, TDD, CI/CD).Conhecimento em Docker e Kubernetes.Conhecimento em Clouds (AWS, Heroku, Firebase, Huawei).Informações adicionaisNossos Benefícios:Seu contrato você escolhe: Presencial, Híbrido ou Remoto.Benefício Educacional.Cartão alimentação/refeição.Plano de Saúde e Odontológico.Auxílio Home Office.Auxílio Equipamento.Auxílio Lente.Auxílio Creche.Voucher de Aniversário.Seguro de Vida.PLR.",Mesa Mobile Thinking,CLT,Pernambuco,remoto
Banco de Talentos WK Technology - Desenvolvimento Python,"Banco de Talentos WK Technology Desenvolvimento Python.A WK Technology, está vivendo um momento muito importante de crescimento e expansão, e por isso criamos esse banco de talentos para profissionais Desenvolvedores em Python, como se trata de uma vaga recorrente na Empresa,  logo surgirá a oportunidade e entraremos em contato pra dar continuidade e finalizar o processo seletivo.A&nbsp;WK Technology,&nbsp;é uma empresa inovadora que está em crescimento e tem como base a qualidade com seus serviços e seus parceiros.Faz parte do nosso&nbsp;DNA:Acolhimento&nbsp;com empatia e respeito aos nossos colaboradores e parceiros;Perseverança, porque não desistimos até alcançar nossos objetivos;Qualificação, valorizamos o conhecimento e aprendizado continuo;Versatilidade, adaptamos de maneira ágil as mudanças, atento ao cenário presente e o futuro;Visionário, adeptos a inovação, aqui boas ideias são ouvidas e bem-vindas.Se identificou com nosso DNA, estamos te esperando, vem fazer parte da nossa equipe.Responsabilidades e atribuiçõesMissão do cargo:Atuar no desenvolvimento de acordo com a necessidade da Empresa.Requisitos e qualificaçõesPara o bom desempenho do seu trabalho é importante que você tenha:Experiência avançado em desenvolvimento Python;Experiência avançada em banco de dados.Experiência com ERP, Cloud;Será um diferencial ter:Conhecimento em outras linguagens de programaçãoInformações adicionais💵 Remuneração: A combinar📝&nbsp;Contratação: Pessoa Jurídica🏠&nbsp;Local de Trabalho:&nbsp;Home Office📈 Avaliação de Desempenho: A cada 6 meses, podendo elevar a remuneração;📆 Disponibilidade de Início: Imediato👨‍💻 Cursos: Pagos 100% pela empresa (graduação ou pós graduação)",WK Technology,banco de talentos,Santa Catarina,remoto
 Estágio em Desenvolvimento de Software Frontend,"Vamos buscar o extraordinário juntos? 🚀Nossos princípiosFalamos de pessoa para pessoaBuscamos o extraordinárioDamos vida à inovaçãoNos fortalecemos com a transparência.﻿Na Franq Open Banking, estamos liderando uma revolução no setor financeiro, criando produtos inovadores que democratizam o acesso a serviços bancários e transformam a experiência dos nossos clientes. Como startup, valorizamos a criatividade, a colaboração e a busca por soluções disruptivas. Estamos em busca de um(a) estagiário(a) para integrar nossa área de dados, contribuindo com análises e insights que impulsionem nossos produtos e estratégias.A vaga é para atuação em modelo híbrido, com a possibilidade de trabalhar remotamente e também presencialmente em nosso escritório. Acreditamos que o contato pessoal é essencial para o aprendizado e desenvolvimento em uma posição de estágio, permitindo trocas ricas com as equipes, tanto técnicas quanto de negócio.Responsabilidades e atribuiçõesO seu papel será:Responsabilidades e Atribuições:Ajudará a estruturar toda fundação das nossas soluções;Trabalhará em conjunto com um time multidisciplinar e focado em encontrar a melhor, mais estável e escalável tecnologia;Irá apoiar no Desenvolvimento de soluções e API's de integração com diversos parceiros de todo o mercado financeiro;Irá auxiliar no Desenvolvimento das soluções integradas com um sistema de monitoramento.O que esperamos que você tenha:Curiosidade e vontade de aprender: Estamos em um setor dinâmico e em constante evolução, e buscamos alguém que tenha sede de conhecimento e disposição para explorar novos desafios.Colaboração e comunicação: Gostar de trabalhar em equipe, compartilhar ideias e se comunicar de forma clara é essencial para o sucesso nessa posição.Proatividade: Esperamos que você tenha iniciativa para propor melhorias, questionar processos e buscar soluções criativas.Requisitos e qualificaçõesO que esperamos:Que você esteja cursando faculdade, ou ensino técnico em TI;Vontade de aprender;Que tenha contato com lógica de programação.Você irá se destacar se tiver:Conhecimento em React;Conhecimento em Css.Informações adicionaisAqui na Franq você vai:Atuar com um time de profissionais experientes e renomados do mercado financeiro;Desenvolver, evoluir e aprender habilidades com as melhores práticas e novas tecnologias;Participar de um projeto inovador que impacta vidas financeiras de clientes além de criar novas formas de fazer negócio.&nbsp;&nbsp;&nbsp;Vamos oferecer:Bolsa de estágio no valor de R$ 1.350,00;Cartão de benefícios flexíveis Caju de R$&nbsp;664,75;&nbsp;Seguro de vida;Parceria com Wellhub (Gympass);Parceria com Psicologia Viva e Conexa Saúde;Day off no mês de aniversário;Mesa de frutas para os Franqers em modelo presencial.Diversidade e Inclusão na Franq!Aqui na Franq você tem espaço para ser franco com você, ser quem você é!Nós te valorizamos, independente de raça, cor, religião, identidade de gênero, nacionalidade, deficiência, orientação sexual, descendência ou idade.Todas as nossas vagas são aptas para receber candidaturas de pessoas com deficiências, caso você se enquadre. Você pode especificar na sua candidatura e informar o código do CID correspondente.VENHA BUSCAR O EXTRAORDINÁRIO CONOSCO🚀Venha ser Franqer!#GoFranq",Franq,estágio,Santa Catarina,presencial
Banco de Talentos - QA Software Tester,"A Wise tem a missão de transformar empresas, oferecendo soluções que otimizam processos e reduzem custos, ajudando-as a se tornarem mais produtivas e eficientes.&nbsp;&nbsp;Com um time espalhado pelo Brasil e Europa, a empresa possui um núcleo forte em Curitiba.&nbsp;&nbsp;O ambiente de trabalho valoriza autonomia, criatividade e companheirismo, promovendo aprendizado a partir de erros.&nbsp;&nbsp;A Wise incentiva o crescimento de seus colaboradores, sejam eles presenciais ou remotos, e busca pessoas dispostas a inovar e evoluir com a empresa.&nbsp;#vemprawise #sejawise #bewise #tester #qaResponsabilidades e atribuiçõesExecutar e planejar os casos de teste (manuais e automatizados) e analisar resultados.Realizar e concluir os testes de acordo com os prazos e seguindo os processos e utilizando&nbsp;ferramentas apropriadas de gerenciamento e automação de testes.Entender a complexidade do modelo de negócio do cliente e contribuir relatando bugs e erros para as equipes de desenvolvimento e ajudando a solucionar problemas.Participar ativamente na melhoria contínua do processo/produto do cliente.Requisitos e qualificaçõesO que você precisa ter para esta função:&nbsp;Conhecimento da pirâmide de testes;Conhecimento no ciclo de vida de testes e qualidade;Facilidade de compreensão de regras de negócio e documentação de software para usuários;Capacidade de documentar e solucionar erros;Conhecimento prático de software de gerenciamento de teste;Excelentes habilidades de comunicação (verbal e escrita);Atenção aos detalhes;Mente analítica e aptidão para resolver problemas;O que é um diferencial:&nbsp;Teste de regressão, conhecimento prático de Gerenciamento de Teste S/WConhecimento em criação de testes automatizados;Experência/conhecimento em BDD.Ciclo de Testes: Produto, UAT, Integrado e Regressivo.Gerenciamento de Tarefas: JiraBanco de Dados: relacional.API Testing Tool: Swagger e Postman.Metodologia Ágil: ScrumInformações adicionaisTrabalho Remoto ou Híbrido (a definir)Remuneração: A combinarCarga horária de prestação de serviço: 8 horas diárias, aproximadamente 168 horas/mês, de segunda à sexta.Contratação PJ (Pessoa Jurídica)Oportunidades de auxílio a obtenção à CertificaçõesTreinamentos - AluraHorário flexívelNo Dress Code",Wise Group,banco de talentos,Paraná,híbrido
